pair,dir,signal_time,entry_time,exit_time,entry_ref,fill,sl,tp,exit,sl_dist,sl_pips,r,outcome,quality,bars,year,weekday,session
EURUSD,-1,2019-02-06 09:30:00+00:00,2019-02-06 09:45:00+00:00,2019-02-06 10:45:00+00:00,1.13895,1.13886,1.1396183778170532,1.137613244365893,1.1396483778170532,0.0006683778170534201,6.6837781705342,-1.179539172213728,loss,3,4,2019,Wednesday,London
EURUSD,-1,2019-02-06 13:45:00+00:00,2019-02-06 14:00:00+00:00,2019-02-06 18:00:00+00:00,1.13866,1.13857,1.1395859253759837,1.1368081492480326,1.1368081492480326,0.0009259253759837307,9.259253759837307,1.902799942269213,win,2,16,2019,Wednesday,NY
EURUSD,-1,2019-02-07 13:45:00+00:00,2019-02-07 14:00:00+00:00,2019-02-07 14:30:00+00:00,1.13307,1.133,1.1348922863432869,1.1294254273134265,1.1349222863432868,0.0018222863432867614,18.222863432867612,-1.0548761177783468,loss,1,2,2019,Thursday,NY
EURUSD,-1,2019-02-08 08:15:00+00:00,2019-02-08 08:30:00+00:00,2019-02-08 11:00:00+00:00,1.13307,1.13298,1.1343365155094352,1.13053696898113,1.1343665155094351,0.0012665155094350481,12.665155094350482,-1.0947481488430464,loss,1,10,2019,Friday,London
EURUSD,-1,2019-02-11 08:45:00+00:00,2019-02-11 09:00:00+00:00,2019-02-11 15:45:00+00:00,1.13113,1.13105,1.133022644978732,1.127344710042536,1.127344710042536,0.0018926449787320214,18.926449787320212,1.9577311112760671,win,0,27,2019,Monday,London
EURUSD,-1,2019-03-04 14:30:00+00:00,2019-03-04 14:45:00+00:00,2019-03-06 13:30:00+00:00,1.13271,1.1326100000000001,1.1346039654775955,1.1289220690448092,1.1289220690448092,0.0018939654775954255,18.939654775954253,1.9472007271606246,win,2,187,2019,Monday,NY
EURUSD,-1,2019-04-02 09:30:00+00:00,2019-04-02 09:45:00+00:00,2019-04-02 13:15:00+00:00,1.11973,1.11965,1.1207124665727028,1.1177650668545938,1.1207424665727028,0.0009824665727030625,9.824665727030624,-1.1119630968177192,loss,3,14,2019,Tuesday,London
EURUSD,-1,2019-04-18 15:00:00+00:00,2019-04-18 15:15:00+00:00,2019-04-22 16:15:00+00:00,1.12468,1.12459,1.1258934091805248,1.1222531816389498,1.1259234091805248,0.001213409180525037,12.13409180525037,-1.0988949168390703,loss,1,196,2019,Thursday,NY
EURUSD,-1,2019-04-24 13:45:00+00:00,2019-04-24 14:00:00+00:00,2019-04-24 17:15:00+00:00,1.12032,1.12023,1.121461297410667,1.1180374051786661,1.1180374051786661,0.001141297410666963,11.41297410666963,1.9211423778247307,win,1,13,2019,Wednesday,NY
EURUSD,-1,2019-04-25 09:15:00+00:00,2019-04-25 09:30:00+00:00,2019-04-26 15:15:00+00:00,1.11369,1.11359,1.1162965153783793,1.1084769692432417,1.1163265153783792,0.0026065153783792414,26.06515378379241,-1.0498750174575031,loss,2,119,2019,Thursday,London
EURUSD,-1,2019-05-03 10:00:00+00:00,2019-05-03 10:15:00+00:00,2019-05-03 13:30:00+00:00,1.11584,1.11575,1.116963182112238,1.1135936357755238,1.1135936357755238,0.0011231821122381028,11.231821122381028,1.9198705187525769,win,1,13,2019,Friday,London
EURUSD,-1,2019-05-21 10:30:00+00:00,2019-05-21 10:45:00+00:00,2019-05-21 13:00:00+00:00,1.11495,1.1148600000000002,1.1159035054819173,1.1130429890361657,1.1159335054819173,0.0009535054819172252,9.535054819172252,-1.1258514002023159,loss,2,9,2019,Tuesday,London
EURUSD,-1,2019-05-23 13:45:00+00:00,2019-05-23 14:00:00+00:00,2019-05-23 14:00:00+00:00,1.11356,1.11345,1.114432793459451,1.1118144130810985,1.1118144130810985,0.0008727934594507885,8.727934594507884,1.873967891476567,win,2,0,2019,Thursday,NY
EURUSD,-1,2019-05-30 09:45:00+00:00,2019-05-30 10:00:00+00:00,2019-05-30 10:45:00+00:00,1.1134,1.11331,1.1139547381708643,1.112290523658271,1.1139847381708643,0.0005547381708644523,5.547381708644522,-1.21631826743205,loss,1,3,2019,Thursday,London
EURUSD,1,2019-06-20 15:00:00+00:00,2019-06-20 15:15:00+00:00,2019-06-20 15:30:00+00:00,1.1306,1.13069,1.1291454634480207,1.1335090731039588,1.1291154634480207,0.0014545365519794042,14.545365519794041,-1.0825005049454064,loss,3,1,2019,Thursday,NY
EURUSD,1,2019-06-24 10:15:00+00:00,2019-06-24 10:30:00+00:00,2019-06-25 17:30:00+00:00,1.13934,1.13943,1.137189332851558,1.1436413342968839,1.1371593328515581,0.002150667148441959,21.506671484419588,-1.0557966397016818,loss,1,124,2019,Monday,London
EURUSD,-1,2019-07-16 08:30:00+00:00,2019-07-16 08:45:00+00:00,2019-07-16 11:45:00+00:00,1.12479,1.1247,1.1262129007429085,1.121944198514183,1.121944198514183,0.0014229007429084903,14.229007429084902,1.9367489261296578,win,2,12,2019,Tuesday,London
EURUSD,-1,2019-07-22 07:15:00+00:00,2019-07-22 07:30:00+00:00,2019-07-22 07:45:00+00:00,1.12121,1.1211200000000001,1.1221218896679666,1.1193862206640672,1.1221518896679665,0.000911889667966447,9.11889667966447,-1.1315948674663359,loss,1,1,2019,Monday,London
EURUSD,-1,2019-07-23 09:00:00+00:00,2019-07-23 09:15:00+00:00,2019-07-23 12:45:00+00:00,1.11884,1.1187500000000001,1.1196292647048556,1.1172614705902892,1.1172614705902892,0.0007892647048554214,7.892647048554214,1.8859698153911029,win,3,14,2019,Tuesday,London
EURUSD,-1,2019-07-24 09:30:00+00:00,2019-07-24 09:45:00+00:00,2019-07-25 12:45:00+00:00,1.11358,1.11348,1.1156022726067631,1.1095354547864735,1.1156322726067631,0.002022272606763211,20.22272606763211,-1.064284112619197,loss,2,108,2019,Wednesday,London
EURUSD,-1,2019-08-01 07:15:00+00:00,2019-08-01 07:30:00+00:00,2019-08-01 15:00:00+00:00,1.10381,1.10371,1.1054149398190758,1.1006001203618483,1.1054449398190758,0.001604939819075819,16.04939819075819,-1.0809999219003974,loss,2,30,2019,Thursday,London
EURUSD,-1,2019-08-28 13:45:00+00:00,2019-08-28 14:00:00+00:00,2019-08-29 17:15:00+00:00,1.10815,1.10807,1.1095275901704102,1.1053948196591792,1.1053948196591792,0.001377590170410351,13.775901704103509,1.9419275763444614,win,1,109,2019,Wednesday,NY
EURUSD,-1,2019-08-30 09:45:00+00:00,2019-08-30 10:00:00+00:00,2019-08-30 10:00:00+00:00,1.10378,1.1037000000000001,1.104455155798709,1.102429688402582,1.104485155798709,0.0006751557987090052,6.7515579870900515,-1.1629253576880911,loss,1,0,2019,Friday,London
EURUSD,-1,2019-09-02 07:30:00+00:00,2019-09-02 07:45:00+00:00,2019-09-02 08:00:00+00:00,1.09875,1.09867,1.09928104491077,1.09768791017846,1.09768791017846,0.0005310449107699664,5.3104491076996645,1.849353607618764,win,2,1,2019,Monday,London
EURUSD,-1,2019-09-02 09:45:00+00:00,2019-09-02 10:00:00+00:00,2019-09-03 02:15:00+00:00,1.09725,1.0971600000000001,1.0990937578361277,1.093562484327745,1.093562484327745,0.0018437578361275655,18.437578361275655,1.9511866481397764,win,1,65,2019,Monday,London
EURUSD,-1,2019-09-23 13:45:00+00:00,2019-09-23 14:00:00+00:00,2019-09-23 15:45:00+00:00,1.09863,1.09854,1.0996442118102074,1.0966015763795849,1.0996742118102074,0.001014211810207514,10.14211810207514,-1.118318480214971,loss,3,7,2019,Monday,NY
EURUSD,-1,2019-09-25 08:00:00+00:00,2019-09-25 08:15:00+00:00,2019-09-25 09:30:00+00:00,1.09949,1.0994000000000002,1.100279357738759,1.0979112845224823,1.100309357738759,0.0007893577387588847,7.893577387588846,-1.1520223266432776,loss,2,5,2019,Wednesday,London
EURUSD,-1,2019-10-01 07:45:00+00:00,2019-10-01 08:00:00+00:00,2019-10-01 09:45:00+00:00,1.08804,1.0879400000000001,1.089438640376816,1.085242719246368,1.089468640376816,0.0013986403768159212,13.98640376815921,-1.0929474096091816,loss,1,7,2019,Tuesday,London
EURUSD,-1,2019-11-14 10:30:00+00:00,2019-11-14 10:45:00+00:00,2019-11-14 16:30:00+00:00,1.09991,1.09983,1.1016105704560564,1.096508859087887,1.1016405704560563,0.0017005704560564135,17.005704560564133,-1.064684176776147,loss,2,23,2019,Thursday,London
EURUSD,-1,2019-11-27 10:00:00+00:00,2019-11-27 10:15:00+00:00,2019-11-27 13:15:00+00:00,1.10048,1.1004,1.1013037009799336,1.0988325980401328,1.1013337009799335,0.0008237009799336161,8.23700979933616,-1.1335436070608462,loss,2,12,2019,Wednesday,London
EURUSD,-1,2019-11-27 15:45:00+00:00,2019-11-27 16:00:00+00:00,2019-11-28 07:30:00+00:00,1.09986,1.09978,1.1010998043202564,1.0973803913594873,1.1011298043202564,0.0012398043202563548,12.398043202563548,-1.088723678569972,loss,2,62,2019,Wednesday,NY
EURUSD,1,2019-12-09 09:00:00+00:00,2019-12-09 09:15:00+00:00,2019-12-09 12:00:00+00:00,1.10652,1.1066,1.1060453812346311,1.1074692375307376,1.1074692375307376,0.000474618765368848,4.74618765368848,1.8314436641838379,win,1,11,2019,Monday,London
EURUSD,1,2019-12-13 09:30:00+00:00,2019-12-13 09:45:00+00:00,2019-12-13 14:00:00+00:00,1.11797,1.11804,1.116228513163779,1.1214529736724417,1.116198513163779,0.0017414868362208387,17.414868362208384,-1.0574221968952937,loss,3,17,2019,Friday,London
EURUSD,1,2019-12-31 15:00:00+00:00,2019-12-31 15:15:00+00:00,2019-12-31 16:00:00+00:00,1.12275,1.1228399999999998,1.1216487785494609,1.1249524429010778,1.121618778549461,0.001101221450538977,11.012214505389771,-1.1089699078611523,loss,2,3,2019,Tuesday,NY
EURUSD,1,2020-01-16 10:00:00+00:00,2020-01-16 10:15:00+00:00,2020-01-16 14:45:00+00:00,1.11569,1.11578,1.1144696808303485,1.118130638339303,1.1144396808303485,0.0012203191696515128,12.203191696515127,-1.098334929897274,loss,3,18,2020,Thursday,London
EURUSD,-1,2020-02-05 10:30:00+00:00,2020-02-05 10:45:00+00:00,2020-02-06 15:30:00+00:00,1.10234,1.1022500000000002,1.1048365330591898,1.0973469338816206,1.0973469338816206,0.0024965330591897278,24.965330591897278,1.9639500067228728,win,1,115,2020,Wednesday,London
EURUSD,-1,2020-02-17 15:00:00+00:00,2020-02-17 15:15:00+00:00,2020-02-18 01:30:00+00:00,1.08356,1.08346,1.0841672192746425,1.0823455614507151,1.0823455614507151,0.0006072192746424487,6.072192746424487,1.8353148455986765,win,2,41,2020,Monday,NY
EURUSD,-1,2020-02-18 10:00:00+00:00,2020-02-18 10:15:00+00:00,2020-02-18 14:00:00+00:00,1.0822,1.08212,1.0837078691917328,1.0791842616165346,1.0791842616165346,0.0015078691917327753,15.078691917327752,1.946944999978263,win,2,15,2020,Tuesday,London
EURUSD,-1,2020-02-19 15:15:00+00:00,2020-02-19 15:30:00+00:00,2020-02-19 20:00:00+00:00,1.07842,1.07833,1.0801656835975793,1.0749286328048413,1.0801956835975792,0.0017456835975792717,17.456835975792718,-1.068740979273877,loss,2,18,2020,Wednesday,NY
EURUSD,1,2020-03-05 15:45:00+00:00,2020-03-05 16:00:00+00:00,2020-03-05 21:00:00+00:00,1.11877,1.1188799999999999,1.1165610021663896,1.1231879956672208,1.1231879956672208,0.0022089978336104423,22.089978336104423,1.9502036632511568,win,3,20,2020,Thursday,NY
EURUSD,-1,2020-03-31 14:45:00+00:00,2020-03-31 15:00:00+00:00,2020-03-31 15:30:00+00:00,1.09529,1.09522,1.0980492960610113,1.0897714078779774,1.0980792960610113,0.002759296061011315,27.59296061011315,-1.0362411273704502,loss,1,2,2020,Tuesday,NY
EURUSD,-1,2020-04-01 15:15:00+00:00,2020-04-01 15:30:00+00:00,2020-04-01 20:15:00+00:00,1.09238,1.0923,1.094377274089086,1.0883854518218277,1.094407274089086,0.0019972740890861576,19.972740890861573,-1.055075064860089,loss,2,19,2020,Wednesday,NY
EURUSD,-1,2020-04-03 13:45:00+00:00,2020-04-03 14:00:00+00:00,2020-04-03 19:15:00+00:00,1.07761,1.07752,1.0815305830985615,1.0697688338028766,1.0815605830985615,0.003920583098561645,39.20583098561645,-1.0306076920149603,loss,1,21,2020,Friday,NY
EURUSD,-1,2020-04-08 08:15:00+00:00,2020-04-08 08:30:00+00:00,2020-04-09 11:15:00+00:00,1.08498,1.0848900000000001,1.0888884330213755,1.077163133957249,1.0889184330213755,0.00390843302137552,39.084330213755194,-1.0307028416103168,loss,2,107,2020,Wednesday,London
EURUSD,-1,2020-04-16 10:00:00+00:00,2020-04-16 10:15:00+00:00,2020-04-17 10:45:00+00:00,1.08759,1.08751,1.0905836265117328,1.0816027469765346,1.0816027469765346,0.0029936265117327036,29.936265117327036,1.973276559488476,win,1,98,2020,Thursday,London
EURUSD,-1,2020-05-05 13:45:00+00:00,2020-05-05 14:00:00+00:00,2020-05-05 14:00:00+00:00,1.08416,1.08406,1.086001145766444,1.0804777084671122,1.086031145766444,0.0018411457664438996,18.411457664438995,-1.0706082062427689,loss,2,0,2020,Tuesday,NY
EURUSD,-1,2020-05-06 09:00:00+00:00,2020-05-06 09:15:00+00:00,2020-05-08 01:30:00+00:00,1.08149,1.0814000000000001,1.0840975648903521,1.0762748702192957,1.0841275648903521,0.0026075648903521546,26.075648903521543,-1.0460199477465788,loss,1,161,2020,Wednesday,London
EURUSD,-1,2020-05-13 10:00:00+00:00,2020-05-13 10:15:00+00:00,2020-05-13 11:00:00+00:00,1.08365,1.08358,1.0852073405982854,1.0805353188034292,1.0852373405982854,0.0015573405982853888,15.573405982853888,-1.0642120292183244,loss,1,3,2020,Wednesday,London
EURUSD,1,2020-05-28 14:45:00+00:00,2020-05-28 15:00:00+00:00,2020-05-29 08:15:00+00:00,1.10388,1.10399,1.1002185385358796,1.1112029229282407,1.1112029229282407,0.003661461464120427,36.61461464120427,1.9699573514351976,win,1,69,2020,Thursday,NY
EURUSD,1,2020-05-29 09:30:00+00:00,2020-05-29 09:45:00+00:00,2020-05-29 18:00:00+00:00,1.11077,1.11083,1.1088539678986369,1.1146020642027266,1.108823967898637,0.0019160321013632201,19.1603210136322,-1.0469720731379302,loss,2,33,2020,Friday,London
EURUSD,1,2020-06-01 08:30:00+00:00,2020-06-01 08:45:00+00:00,2020-06-01 09:00:00+00:00,1.11423,1.11431,1.1131035919445222,1.1164828161109557,1.1130735919445223,0.0011264080554778655,11.264080554778655,-1.097655551613676,loss,3,1,2020,Monday,London
EURUSD,1,2020-06-10 08:45:00+00:00,2020-06-10 09:00:00+00:00,2020-06-10 16:00:00+00:00,1.13597,1.13605,1.1342402896537835,1.1394294206924327,1.1342102896537836,0.0017297103462163529,17.297103462163527,-1.0635944626455551,loss,3,28,2020,Wednesday,London
EURUSD,1,2020-06-29 09:15:00+00:00,2020-06-29 09:30:00+00:00,2020-06-29 10:45:00+00:00,1.12484,1.1249399999999998,1.1238969834163155,1.126726033167369,1.126726033167369,0.0009430165836844676,9.430165836844676,1.8939573261701448,win,2,5,2020,Monday,London
EURUSD,1,2020-07-06 09:45:00+00:00,2020-07-06 10:00:00+00:00,2020-07-06 12:00:00+00:00,1.12902,1.12912,1.127948563161715,1.13116287367657,1.13116287367657,0.0010714368382849899,10.714368382849898,1.9066673867962505,win,3,8,2020,Monday,London
EURUSD,1,2020-07-06 15:30:00+00:00,2020-07-06 15:45:00+00:00,2020-07-06 16:00:00+00:00,1.13212,1.1322299999999998,1.130601824448436,1.1351563511031282,1.130571824448436,0.0015181755515640283,15.181755515640281,-1.0922159495030948,loss,3,1,2020,Monday,NY
EURUSD,1,2020-07-17 14:30:00+00:00,2020-07-17 14:45:00+00:00,2020-07-19 22:00:00+00:00,1.1429,1.14299,1.1415412154085132,1.1456175691829735,1.1415112154085132,0.001358784591486788,13.587845914867879,-1.0883142190099953,loss,1,29,2020,Friday,NY
EURUSD,1,2020-07-27 07:30:00+00:00,2020-07-27 07:45:00+00:00,2020-07-27 08:30:00+00:00,1.1714,1.17149,1.1694327288537814,1.1753345422924373,1.1694027288537814,0.0019672711462186228,19.672711462186225,-1.0609982005940428,loss,2,3,2020,Monday,London
EURUSD,1,2020-07-31 07:30:00+00:00,2020-07-31 07:45:00+00:00,2020-07-31 08:45:00+00:00,1.18985,1.18994,1.1875991039818872,1.1943517920362259,1.1875691039818872,0.00225089601811294,22.5089601811294,-1.053312102840034,loss,2,4,2020,Friday,London
EURUSD,1,2020-08-04 09:45:00+00:00,2020-08-04 10:00:00+00:00,2020-08-04 12:15:00+00:00,1.17924,1.17933,1.1764679503928874,1.1847840992142253,1.1764379503928875,0.0027720496071126847,27.720496071126846,-1.0432892685945976,loss,2,9,2020,Tuesday,London
EURUSD,1,2020-08-12 15:15:00+00:00,2020-08-12 15:30:00+00:00,2020-08-17 03:30:00+00:00,1.17951,1.17963,1.176019487728369,1.1864910245432623,1.1864910245432623,0.003490512271631159,34.90512271631159,1.965621092074281,win,2,240,2020,Wednesday,NY
EURUSD,1,2020-08-18 09:30:00+00:00,2020-08-18 09:45:00+00:00,2020-08-18 14:15:00+00:00,1.19028,1.19037,1.1881472647087608,1.1945454705824785,1.1945454705824785,0.002132735291239242,21.32735291239242,1.9578006701677406,win,2,18,2020,Tuesday,London
EURUSD,1,2020-08-31 15:00:00+00:00,2020-08-31 15:15:00+00:00,2020-09-01 03:30:00+00:00,1.19417,1.19427,1.1920017934252713,1.1985064131494572,1.1985064131494572,0.002168206574728572,21.682065747285716,1.9538789333242184,win,2,49,2020,Monday,NY
EURUSD,1,2020-09-01 08:30:00+00:00,2020-09-01 08:45:00+00:00,2020-09-01 09:30:00+00:00,1.19791,1.19801,1.1963743343338409,1.200981331332318,1.196344334333841,0.0015356656661590817,15.356656661590817,-1.0846538428674892,loss,2,3,2020,Tuesday,London
EURUSD,1,2020-09-18 07:30:00+00:00,2020-09-18 07:45:00+00:00,2020-09-18 09:00:00+00:00,1.18599,1.18608,1.1845641930984228,1.1888416138031548,1.1845341930984228,0.001425806901577375,14.25806901577375,-1.084162869366889,loss,1,5,2020,Friday,London
EURUSD,-1,2020-09-24 07:15:00+00:00,2020-09-24 07:30:00+00:00,2020-09-24 08:00:00+00:00,1.16519,1.1651,1.1662274851092718,1.163115029781456,1.1662574851092717,0.0010374851092718898,10.374851092718897,-1.115664310675305,loss,2,2,2020,Thursday,London
EURUSD,-1,2020-09-30 14:30:00+00:00,2020-09-30 14:45:00+00:00,2020-09-30 15:15:00+00:00,1.16884,1.1687800000000002,1.1719592419407698,1.1626015161184604,1.1719892419407698,0.0031192419407698293,31.192419407698292,-1.0288531642331076,loss,2,2,2020,Wednesday,NY
EURUSD,-1,2020-11-02 07:30:00+00:00,2020-11-02 07:45:00+00:00,2020-11-02 09:15:00+00:00,1.1632,1.1631200000000002,1.1644088904932108,1.1607822190135784,1.1644388904932108,0.0012088904932107988,12.088904932107988,-1.0909925263021123,loss,1,6,2020,Monday,London
EURUSD,1,2020-12-01 13:45:00+00:00,2020-12-01 14:00:00+00:00,2020-12-01 20:30:00+00:00,1.19921,1.19929,1.1959333781099475,1.2057632437801054,1.2057632437801054,0.003276621890052648,32.766218900526475,1.9755846104053758,win,1,26,2020,Tuesday,NY
EURUSD,1,2020-12-02 07:30:00+00:00,2020-12-02 07:45:00+00:00,2020-12-02 08:00:00+00:00,1.20868,1.20875,1.2063267931769284,1.2133864136461432,1.2062967931769284,0.0023532068230715853,23.53206823071585,-1.0424952022999336,loss,1,1,2020,Wednesday,London
EURUSD,1,2020-12-03 07:15:00+00:00,2020-12-03 07:30:00+00:00,2020-12-03 09:00:00+00:00,1.2125,1.2125899999999998,1.211294150158071,1.2149116996838576,1.211264150158071,0.0012058498419288946,12.058498419288945,-1.0995148780780215,loss,1,6,2020,Thursday,London
EURUSD,1,2020-12-04 09:00:00+00:00,2020-12-04 09:15:00+00:00,2020-12-04 13:45:00+00:00,1.21683,1.21692,1.2142880015307198,1.2219139969385606,1.2142580015307198,0.002541998469280319,25.41998469280319,-1.047206952108757,loss,2,18,2020,Friday,London
EURUSD,1,2020-12-16 14:30:00+00:00,2020-12-16 14:45:00+00:00,2020-12-16 16:15:00+00:00,1.22038,1.2204499999999998,1.21780459890926,1.2255308021814797,1.21777459890926,0.002575401090739845,25.75401090739845,-1.038828903334487,loss,2,6,2020,Wednesday,NY
EURUSD,1,2020-12-29 08:00:00+00:00,2020-12-29 08:15:00+00:00,2020-12-30 00:45:00+00:00,1.22484,1.22494,1.2234486902884736,1.2276226194230524,1.2276226194230524,0.0013913097115262792,13.913097115262792,1.928125277088465,win,2,66,2020,Tuesday,London
EURUSD,1,2020-12-30 13:45:00+00:00,2020-12-30 14:00:00+00:00,2020-12-31 12:30:00+00:00,1.22911,1.22922,1.2266291284116366,1.2340717431767263,1.2265991284116367,0.002480871588363227,24.808715883632267,-1.056431780127913,loss,1,90,2020,Wednesday,NY
EURUSD,1,2021-01-25 07:30:00+00:00,2021-01-25 07:45:00+00:00,2021-01-25 08:15:00+00:00,1.21805,1.2181499999999998,1.2171112941697624,1.2199274116604755,1.2170812941697624,0.0009387058302377107,9.387058302377106,-1.1384885400858824,loss,1,2,2021,Monday,London
EURUSD,-1,2021-01-29 07:15:00+00:00,2021-01-29 07:30:00+00:00,2021-01-29 08:15:00+00:00,1.21007,1.20997,1.2109171682933173,1.2083756634133656,1.2109471682933173,0.0008471682933172411,8.47168293317241,-1.1534523907770533,loss,3,3,2021,Friday,London
EURUSD,-1,2021-02-01 14:45:00+00:00,2021-02-01 15:00:00+00:00,2021-02-01 20:30:00+00:00,1.20869,1.20858,1.2100248428956393,1.2060203142087216,1.2060203142087216,0.0013348428956392279,13.348428956392278,1.917593298537676,win,3,22,2021,Monday,NY
EURUSD,-1,2021-02-02 14:30:00+00:00,2021-02-02 14:45:00+00:00,2021-02-04 09:00:00+00:00,1.20287,1.2027800000000002,1.2050610804802402,1.1984878390395202,1.1984878390395202,0.0021910804802399886,21.910804802399884,1.9589243750690064,win,2,169,2021,Tuesday,NY
EURUSD,-1,2021-02-04 14:30:00+00:00,2021-02-04 14:45:00+00:00,2021-02-05 13:30:00+00:00,1.19777,1.19767,1.1998643318200546,1.1935813363598908,1.1998943318200546,0.0020943318200545825,20.943318200545825,-1.0620723033261166,loss,2,91,2021,Thursday,NY
EURUSD,-1,2021-03-04 15:15:00+00:00,2021-03-04 15:30:00+00:00,2021-03-04 15:45:00+00:00,1.20287,1.2027700000000001,1.2043258838931208,1.1999582322137585,1.2043558838931208,0.0014558838931207794,14.558838931207793,-1.0892928348298438,loss,0,1,2021,Thursday,NY
EURUSD,-1,2021-03-05 07:45:00+00:00,2021-03-05 08:00:00+00:00,2021-03-05 08:15:00+00:00,1.19502,1.1949100000000001,1.1962341789865494,1.1925916420269012,1.1925916420269012,0.0012141789865494552,12.141789865494552,1.9094038018953587,win,2,1,2021,Friday,London
EURUSD,-1,2021-03-08 15:30:00+00:00,2021-03-08 15:45:00+00:00,2021-03-09 07:45:00+00:00,1.18676,1.1866800000000002,1.1888027080113297,1.1826745839773407,1.1888327080113297,0.0020427080113296597,20.427080113296597,-1.0538500849801995,loss,2,64,2021,Monday,NY
EURUSD,-1,2021-03-12 13:45:00+00:00,2021-03-12 14:00:00+00:00,2021-03-12 16:00:00+00:00,1.19264,1.19255,1.1940985310092103,1.189722937981579,1.1941285310092102,0.0014585310092104097,14.585310092104097,-1.0822745620367655,loss,2,8,2021,Friday,NY
EURUSD,-1,2021-03-25 07:45:00+00:00,2021-03-25 08:00:00+00:00,2021-03-25 16:45:00+00:00,1.1806,1.18049,1.1826623527498241,1.176475294500352,1.176475294500352,0.002062352749824077,20.62352749824077,1.9466628587134087,win,2,35,2021,Thursday,London
EURUSD,-1,2021-04-05 09:45:00+00:00,2021-04-05 10:00:00+00:00,2021-04-05 12:30:00+00:00,1.17472,1.17463,1.1757636605206008,1.1726326789587984,1.1757936605206007,0.0010436605206007993,10.436605206007993,-1.1149799169664916,loss,1,10,2021,Monday,London
EURUSD,1,2021-04-19 15:30:00+00:00,2021-04-19 15:45:00+00:00,2021-04-20 04:00:00+00:00,1.20324,1.20333,1.2014178743437167,1.2068842513125666,1.2068842513125666,0.001822125656283284,18.22125656283284,1.9506071385968216,win,2,49,2021,Monday,NY
EURUSD,1,2021-04-20 07:30:00+00:00,2021-04-20 07:45:00+00:00,2021-04-20 11:45:00+00:00,1.20601,1.20611,1.2047655726324775,1.2084988547350453,1.2047355726324775,0.0012444273675225957,12.444273675225956,-1.1044657192477825,loss,2,16,2021,Tuesday,London
EURUSD,1,2021-04-27 14:45:00+00:00,2021-04-27 15:00:00+00:00,2021-04-27 17:15:00+00:00,1.20843,1.2085599999999999,1.207235173169837,1.2108196536603255,1.207205173169837,0.0011948268301628406,11.948268301628405,-1.133910618644387,loss,1,9,2021,Tuesday,NY
EURUSD,1,2021-05-17 09:30:00+00:00,2021-05-17 09:45:00+00:00,2021-05-17 11:45:00+00:00,1.21432,1.2144,1.2130957225488765,1.2167685549022471,1.2167685549022471,0.0012242774511235616,12.242774511235616,1.9346553349271312,win,1,8,2021,Monday,London
EURUSD,1,2021-05-24 10:30:00+00:00,2021-05-24 10:45:00+00:00,2021-05-28 07:00:00+00:00,1.22076,1.22087,1.2174207626393283,1.2274384747213434,1.2173907626393283,0.003339237360671692,33.392373606716916,-1.0419257407840332,loss,0,369,2021,Monday,London
EURUSD,-1,2021-06-17 13:45:00+00:00,2021-06-17 14:00:00+00:00,2021-06-17 14:30:00+00:00,1.19312,1.19303,1.1947814816203015,1.189797036759397,1.1948114816203015,0.001661481620301447,16.61481620301447,-1.0722246930292443,loss,1,2,2021,Thursday,NY
EURUSD,-1,2021-07-06 15:15:00+00:00,2021-07-06 15:30:00+00:00,2021-07-08 13:15:00+00:00,1.18243,1.18233,1.1847257594060285,1.1778384811879434,1.1847557594060285,0.0022957594060283694,22.957594060283693,-1.0566261428173493,loss,2,183,2021,Tuesday,NY
EURUSD,-1,2021-08-12 15:15:00+00:00,2021-08-12 15:30:00+00:00,2021-08-12 17:15:00+00:00,1.1728,1.1727100000000001,1.1741922156412028,1.1700155687175946,1.1742222156412028,0.0013922156412027066,13.922156412027066,-1.0861935439083688,loss,3,7,2021,Thursday,NY
EURUSD,-1,2021-09-27 15:30:00+00:00,2021-09-27 15:45:00+00:00,2021-09-28 07:45:00+00:00,1.17015,1.17006,1.1712350381803245,1.167979923639351,1.167979923639351,0.0010850381803245003,10.850381803245003,1.91705361006459,win,2,64,2021,Monday,NY
EURUSD,-1,2021-09-28 10:30:00+00:00,2021-09-28 10:45:00+00:00,2021-09-28 12:30:00+00:00,1.16747,1.16738,1.1689299492090635,1.1645501015818729,1.1689599492090634,0.0014599492090635062,14.599492090635062,-1.082194640234653,loss,2,7,2021,Tuesday,London
EURUSD,-1,2021-09-28 14:30:00+00:00,2021-09-28 14:45:00+00:00,2021-09-28 15:15:00+00:00,1.16748,1.16738,1.1693945824734986,1.163650835053003,1.1694245824734986,0.00191458247349849,19.1458247349849,-1.0678999216797607,loss,2,2,2021,Tuesday,NY
EURUSD,-1,2021-10-05 08:30:00+00:00,2021-10-05 08:45:00+00:00,2021-10-05 13:00:00+00:00,1.15962,1.15954,1.160529124690804,1.1578017506183922,1.160559124690804,0.0009091246908039762,9.09124690803976,-1.1209955038211026,loss,3,17,2021,Tuesday,London
EURUSD,-1,2021-10-05 15:00:00+00:00,2021-10-05 15:15:00+00:00,2021-10-05 16:15:00+00:00,1.15861,1.1585,1.1605927104420808,1.1546445791158382,1.1606227104420808,0.0019827104420809226,19.827104420809224,-1.070610411398661,loss,1,4,2021,Tuesday,NY
EURUSD,-1,2021-10-06 15:45:00+00:00,2021-10-06 16:00:00+00:00,2021-10-06 18:45:00+00:00,1.15417,1.15409,1.1556271046248145,1.1512557907503709,1.1556571046248145,0.0014571046248145689,14.571046248145688,-1.0754921768324588,loss,2,11,2021,Wednesday,NY
EURUSD,-1,2021-11-04 13:45:00+00:00,2021-11-04 14:00:00+00:00,2021-11-08 08:45:00+00:00,1.15531,1.15523,1.157376065989261,1.1511778680214784,1.1574060659892609,0.0020660659892608665,20.660659892608663,-1.0532412810490075,loss,2,167,2021,Thursday,NY
EURUSD,-1,2021-11-11 07:30:00+00:00,2021-11-11 07:45:00+00:00,2021-11-11 18:00:00+00:00,1.14731,1.1472,1.1485363446216064,1.1448573107567872,1.1448573107567872,0.0012263446216064125,12.263446216064125,1.9103025380778025,win,2,41,2021,Thursday,London
EURUSD,-1,2021-11-16 08:00:00+00:00,2021-11-16 08:15:00+00:00,2021-11-16 14:00:00+00:00,1.13712,1.13703,1.1382626574449182,1.1348346851101632,1.1348346851101632,0.0011426574449183477,11.426574449183477,1.9212362371591536,win,3,23,2021,Tuesday,London
EURUSD,-1,2021-11-17 07:45:00+00:00,2021-11-17 08:00:00+00:00,2021-11-17 08:15:00+00:00,1.13027,1.13016,1.1317964267203082,1.1272171465593839,1.1318264267203082,0.0015264267203080734,15.264267203080733,-1.0917174720132101,loss,2,1,2021,Wednesday,London
EURUSD,-1,2021-11-22 07:45:00+00:00,2021-11-22 08:00:00+00:00,2021-11-22 09:15:00+00:00,1.126,1.12589,1.127878131644902,1.1222437367101956,1.127908131644902,0.001878131644902118,18.78131644902118,-1.0745421655504463,loss,2,5,2021,Monday,London
EURUSD,-1,2021-12-07 15:30:00+00:00,2021-12-07 15:45:00+00:00,2021-12-07 19:15:00+00:00,1.12462,1.12453,1.1258541427922182,1.1221517144155637,1.1258841427922182,0.0012341427922181495,12.341427922181495,-1.0972334812119262,loss,3,14,2021,Tuesday,NY
EURUSD,-1,2021-12-10 09:30:00+00:00,2021-12-10 09:45:00+00:00,2021-12-10 13:30:00+00:00,1.12814,1.12805,1.1297685007875995,1.1248829984248008,1.1297985007875995,0.0016285007875996105,16.285007875996104,-1.073687406793791,loss,1,15,2021,Friday,London
EURUSD,-1,2022-01-04 08:45:00+00:00,2022-01-04 09:00:00+00:00,2022-01-04 09:15:00+00:00,1.12895,1.1288500000000001,1.1300801378114214,1.1266897243771568,1.1301101378114213,0.0011301378114215368,11.301378114215368,-1.1150302190457162,loss,1,1,2022,Tuesday,London
EURUSD,1,2022-01-13 13:45:00+00:00,2022-01-13 14:00:00+00:00,2022-01-13 15:30:00+00:00,1.14718,1.1472799999999999,1.1452289181228517,1.151082163754297,1.1451989181228517,0.0019510818771484803,19.510818771484804,-1.0666296999230436,loss,2,6,2022,Thursday,NY
EURUSD,-1,2022-01-28 08:00:00+00:00,2022-01-28 08:15:00+00:00,2022-01-28 13:30:00+00:00,1.113,1.11291,1.1155441865202418,1.1079116269595166,1.1155741865202418,0.0025441865202417125,25.441865202417123,-1.0471663531919753,loss,2,21,2022,Friday,London
EURUSD,-1,2022-03-02 07:45:00+00:00,2022-03-02 08:00:00+00:00,2022-03-02 12:45:00+00:00,1.10933,1.10924,1.1118737237780751,1.1042425524438493,1.1119037237780751,0.0025437237780753,25.437237780752998,-1.0471749334711997,loss,1,19,2022,Wednesday,London
EURUSD,-1,2022-03-03 14:45:00+00:00,2022-03-03 15:00:00+00:00,2022-03-03 16:00:00+00:00,1.10796,1.108,1.1096619387709363,1.1045561224581273,1.1045561224581273,0.0017019387709363537,17.019387709363535,2.0235026081332492,win,1,4,2022,Thursday,NY
EURUSD,-1,2022-03-04 10:30:00+00:00,2022-03-04 10:45:00+00:00,2022-03-04 12:00:00+00:00,1.10056,1.10046,1.1025132552453287,1.0966534895093423,1.0966534895093423,0.0019532552453288203,19.5325524532882,1.9488034140755197,win,1,5,2022,Friday,London
EURUSD,-1,2022-03-07 09:30:00+00:00,2022-03-07 09:45:00+00:00,2022-03-07 12:30:00+00:00,1.08537,1.08528,1.089917173184124,1.076275653631752,1.089947173184124,0.004547173184124041,45.47173184124041,-1.0263900219192954,loss,1,11,2022,Monday,London
EURUSD,-1,2022-04-18 08:30:00+00:00,2022-04-18 08:45:00+00:00,2022-04-18 12:15:00+00:00,1.07879,1.07868,1.0804183028971763,1.075533394205647,1.0804483028971763,0.0016283028971764556,16.283028971764555,-1.0859790891747056,loss,1,14,2022,Monday,London
EURUSD,-1,2022-04-26 14:45:00+00:00,2022-04-26 15:00:00+00:00,2022-04-26 15:30:00+00:00,1.06744,1.06736,1.0689242499566798,1.0644715000866403,1.0644715000866403,0.0014842499566797974,14.842499566797974,1.9461007226985336,win,1,2,2022,Tuesday,NY
EURUSD,-1,2022-05-06 07:15:00+00:00,2022-05-06 07:30:00+00:00,2022-05-06 08:45:00+00:00,1.05092,1.0508300000000002,1.053550581951735,1.0456588360965304,1.053580581951735,0.0026305819517348475,26.305819517348475,-1.0456172824879473,loss,0,5,2022,Friday,London
EURUSD,-1,2022-05-09 09:30:00+00:00,2022-05-09 09:45:00+00:00,2022-05-09 11:00:00+00:00,1.05067,1.05057,1.0530338489843796,1.0459423020312408,1.0530638489843795,0.0023638489843795336,23.638489843795334,-1.0549950529238787,loss,3,5,2022,Monday,London
EURUSD,-1,2022-05-12 07:45:00+00:00,2022-05-12 08:00:00+00:00,2022-05-12 08:00:00+00:00,1.05036,1.05027,1.0526171830297661,1.0458456339404674,1.0458456339404674,0.0022571830297662787,22.571830297662785,1.9601272919328978,win,3,0,2022,Thursday,London
EURUSD,-1,2022-05-12 13:45:00+00:00,2022-05-12 14:00:00+00:00,2022-05-12 17:45:00+00:00,1.0415,1.04142,1.0445054657179105,1.0354890685641795,1.0354890685641795,0.0030054657179103,30.054657179102996,1.973381829137695,win,2,15,2022,Thursday,NY
EURUSD,1,2022-05-30 15:45:00+00:00,2022-05-30 16:00:00+00:00,2022-05-31 01:45:00+00:00,1.0781,1.0781999999999998,1.0747465158762115,1.084806968247577,1.0747165158762115,0.0033534841237884694,33.53484123788469,-1.0387656524382058,loss,2,39,2022,Monday,NY
EURUSD,1,2022-06-03 08:30:00+00:00,2022-06-03 08:45:00+00:00,2022-06-03 10:45:00+00:00,1.07571,1.0757999999999999,1.0744271322595909,1.0782757354808181,1.0743971322595909,0.0012828677404090503,12.828677404090502,-1.0935404299446123,loss,1,8,2022,Friday,London
EURUSD,-1,2022-06-13 07:45:00+00:00,2022-06-13 08:00:00+00:00,2022-06-13 20:15:00+00:00,1.047,1.0469000000000002,1.0496183267081676,1.0417633465836649,1.0417633465836649,0.0026183267081675817,26.183267081675815,1.9618076691163353,win,2,49,2022,Monday,London
EURUSD,-1,2022-06-22 07:30:00+00:00,2022-06-22 07:45:00+00:00,2022-06-22 09:15:00+00:00,1.04895,1.04885,1.051329381061821,1.0441912378763583,1.051359381061821,0.0023793810618209076,23.793810618209076,-1.0546360572864542,loss,2,6,2022,Wednesday,London
EURUSD,-1,2022-06-29 09:30:00+00:00,2022-06-29 09:45:00+00:00,2022-06-29 10:00:00+00:00,1.05092,1.0508300000000002,1.0523849764334239,1.0479900471331527,1.0524149764334239,0.001464976433423716,14.649764334237158,-1.0819125804771754,loss,2,1,2022,Wednesday,London
EURUSD,-1,2022-07-07 13:45:00+00:00,2022-07-07 14:00:00+00:00,2022-07-08 08:30:00+00:00,1.01702,1.01695,1.02082138655203,1.0094172268959403,1.0094172268959403,0.003801386552029898,38.01386552029898,1.9815856664293552,win,1,74,2022,Thursday,NY
EURUSD,-1,2022-07-12 07:45:00+00:00,2022-07-12 08:00:00+00:00,2022-07-12 12:15:00+00:00,1.00223,1.0021300000000002,1.0040062515342285,0.9986774969315427,1.0040362515342285,0.0017762515342285858,17.76251534228586,-1.073187832632145,loss,2,17,2022,Tuesday,London
EURUSD,-1,2022-07-28 14:30:00+00:00,2022-07-28 14:45:00+00:00,2022-07-28 20:00:00+00:00,1.01568,1.0156100000000001,1.0180866709283845,1.0108666581432306,1.0181166709283844,0.0024066709283846357,24.066709283846357,-1.0415511729585678,loss,2,21,2022,Thursday,NY
EURUSD,-1,2022-08-15 08:45:00+00:00,2022-08-15 09:00:00+00:00,2022-08-15 09:45:00+00:00,1.0234,1.0233100000000002,1.024977363112632,1.0202452737747363,1.0202452737747363,0.0015773631126319312,15.77363112631931,1.9429427509244774,win,1,3,2022,Monday,London
EURUSD,-1,2022-08-16 07:45:00+00:00,2022-08-16 08:00:00+00:00,2022-08-16 12:30:00+00:00,1.01541,1.01532,1.0169281517908872,1.0123736964182253,1.0123736964182253,0.0015181517908872996,15.181517908872996,1.9407173903557597,win,1,18,2022,Tuesday,London
EURUSD,-1,2022-08-22 14:30:00+00:00,2022-08-22 14:45:00+00:00,2022-08-22 16:00:00+00:00,0.99921,0.99912,1.0009521624454276,0.9957256751091448,0.9957256751091448,0.0017421624454276266,17.421624454276266,1.9483400642481792,win,2,5,2022,Monday,NY
EURUSD,-1,2022-08-24 09:00:00+00:00,2022-08-24 09:15:00+00:00,2022-08-24 11:45:00+00:00,0.99474,0.99466,0.9959955725473028,0.9922288549053945,0.9922288549053945,0.0012555725473027619,12.555725473027618,1.9362840481246049,win,1,10,2022,Wednesday,London
EURUSD,-1,2022-09-21 14:30:00+00:00,2022-09-21 14:45:00+00:00,2022-09-21 19:00:00+00:00,0.99001,0.98993,0.9921284878294381,0.9857730243411238,0.9857730243411238,0.00211848782943808,21.1848782943808,1.9622372152021301,win,2,17,2022,Wednesday,NY
EURUSD,-1,2022-09-23 07:15:00+00:00,2022-09-23 07:30:00+00:00,2022-09-23 08:00:00+00:00,0.98226,0.98217,0.9838677184878144,0.9790445630243713,0.9790445630243713,0.0016077184878143936,16.077184878143935,1.9440200503494791,win,2,2,2022,Friday,London
EURUSD,-1,2022-09-23 14:30:00+00:00,2022-09-23 14:45:00+00:00,2022-09-23 15:30:00+00:00,0.97571,0.97563,0.9779644211378982,0.9712011577242036,0.9712011577242036,0.002254421137898174,22.54421137898174,1.9645141723278448,win,2,3,2022,Friday,NY
EURUSD,-1,2022-09-26 07:30:00+00:00,2022-09-26 07:45:00+00:00,2022-09-26 08:00:00+00:00,0.96329,0.96321,0.9657912702981112,0.9582874594037777,0.9658212702981112,0.0025012702981111546,25.012702981111545,-1.043977654107618,loss,3,1,2022,Monday,London
EURUSD,-1,2022-09-28 07:45:00+00:00,2022-09-28 08:00:00+00:00,2022-09-28 08:45:00+00:00,0.9539,0.9538099999999999,0.9571027591145892,0.9474944817708215,0.9571327591145892,0.0032027591145892464,32.027591145892465,-1.0374676944804757,loss,2,3,2022,Wednesday,London
EURUSD,-1,2022-10-10 08:30:00+00:00,2022-10-10 08:45:00+00:00,2022-10-10 15:30:00+00:00,0.97043,0.97034,0.9744276346142676,0.9624347307714649,0.9744576346142676,0.003997634614267563,39.97634614267563,-1.0300177508899324,loss,2,27,2022,Monday,London
EURUSD,-1,2022-10-19 14:45:00+00:00,2022-10-19 15:00:00+00:00,2022-10-19 15:15:00+00:00,0.97737,0.97727,0.9797161334478616,0.9726777331042767,0.9797461334478615,0.0023461334478615927,23.461334478615925,-1.0554103178224878,loss,2,1,2022,Wednesday,NY
EURUSD,1,2022-11-01 09:45:00+00:00,2022-11-01 10:00:00+00:00,2022-11-01 14:00:00+00:00,0.99337,0.99346,0.9910198829201988,0.9980702341596023,0.9909898829201989,0.002350117079801146,23.501170798011458,-1.0510612858531148,loss,1,16,2022,Tuesday,London
EURUSD,1,2022-11-07 08:00:00+00:00,2022-11-07 08:15:00+00:00,2022-11-07 09:00:00+00:00,0.99483,0.9949,0.9922906860476063,0.9999086279047874,0.9999086279047874,0.00253931395239371,25.393139523937098,1.9724334992394168,win,2,3,2022,Monday,London
EURUSD,1,2022-11-07 13:45:00+00:00,2022-11-07 14:00:00+00:00,2022-11-08 15:15:00+00:00,0.99938,0.99948,0.9964400476923169,1.0052599046153665,1.0052599046153665,0.002939952307683208,29.39952307683208,1.9659858427843895,win,2,101,2022,Monday,NY
EURUSD,1,2022-11-28 13:45:00+00:00,2022-11-28 14:00:00+00:00,2022-11-28 14:00:00+00:00,1.04626,1.04636,1.0442783961144533,1.0502232077710936,1.0442483961144533,0.001981603885546766,19.816038855467657,-1.065603424048605,loss,3,0,2022,Monday,NY
EURUSD,1,2022-12-01 09:45:00+00:00,2022-12-01 10:00:00+00:00,2022-12-02 07:30:00+00:00,1.04412,1.0442099999999999,1.0391423123328276,1.0540753753343444,1.0540753753343444,0.004977687667172243,49.776876671722434,1.9819193155501642,win,2,86,2022,Thursday,London
EURUSD,1,2022-12-12 15:00:00+00:00,2022-12-12 15:15:00+00:00,2022-12-12 15:30:00+00:00,1.05736,1.0574599999999998,1.0548332260396398,1.0624135479207206,1.0548032260396398,0.0025267739603602314,25.267739603602312,-1.0514490025776781,loss,0,1,2022,Monday,NY
EURUSD,1,2022-12-27 08:15:00+00:00,2022-12-27 08:30:00+00:00,2022-12-27 12:45:00+00:00,1.06558,1.06567,1.0637466593660803,1.0692466812678392,1.0637166593660803,0.0018333406339196277,18.333406339196276,-1.065454284806542,loss,2,17,2022,Tuesday,London
EURUSD,1,2022-12-29 15:45:00+00:00,2022-12-29 16:00:00+00:00,2023-01-03 07:45:00+00:00,1.06667,1.06677,1.0635103697176154,1.0729892605647695,1.0634803697176154,0.0031596302823847077,31.596302823847076,-1.041144054329603,loss,1,254,2022,Thursday,NY
EURUSD,1,2023-01-09 10:30:00+00:00,2023-01-09 10:45:00+00:00,2023-01-09 13:15:00+00:00,1.06726,1.0673599999999999,1.0657504993915716,1.0702790012168573,1.0702790012168573,0.0015095006084285675,15.095006084285675,1.9337529250128358,win,1,10,2023,Monday,London
EURUSD,1,2023-01-11 14:45:00+00:00,2023-01-11 15:00:00+00:00,2023-01-12 18:00:00+00:00,1.07696,1.07706,1.0729437001898419,1.084992599620316,1.084992599620316,0.0040162998101580475,40.16299810158047,1.9751014603673118,win,1,108,2023,Wednesday,NY
EURUSD,1,2023-01-23 09:30:00+00:00,2023-01-23 09:45:00+00:00,2023-01-23 11:00:00+00:00,1.09085,1.0909499999999999,1.08910505778991,1.0943398844201804,1.08907505778991,0.0017449422100901256,17.449422100901256,-1.0745010346176682,loss,3,5,2023,Monday,London
EURUSD,-1,2023-02-17 09:45:00+00:00,2023-02-17 10:00:00+00:00,2023-02-17 15:00:00+00:00,1.06367,1.06358,1.0661955373766403,1.0586189252467189,1.0662255373766403,0.0025255373766405053,25.25537376640505,-1.047514640293871,loss,2,20,2023,Friday,London
EURUSD,-1,2023-03-08 08:45:00+00:00,2023-03-08 09:00:00+00:00,2023-03-08 13:00:00+00:00,1.05365,1.05356,1.054855721250795,1.05123855749841,1.054885721250795,0.0012057212507949875,12.057212507949874,-1.0995254914191632,loss,2,8,2023,Wednesday,London
EURUSD,1,2023-03-28 08:15:00+00:00,2023-03-28 08:30:00+00:00,2023-03-29 10:45:00+00:00,1.08244,1.08253,1.0805334031895812,1.0862531936208377,1.0862531936208377,0.0019065968104188017,19.065968104188016,1.9527954733229067,win,1,77,2023,Tuesday,London
EURUSD,1,2023-05-03 15:00:00+00:00,2023-05-03 15:15:00+00:00,2023-05-04 14:00:00+00:00,1.10486,1.10496,1.102110124157177,1.110359751685646,1.102080124157177,0.0027498758428230632,27.49875842823063,-1.0472748616412029,loss,2,63,2023,Wednesday,NY
EURUSD,-1,2023-05-17 14:30:00+00:00,2023-05-17 14:45:00+00:00,2023-05-17 18:00:00+00:00,1.08226,1.08219,1.0842446709788207,1.0782906580423588,1.0842746709788207,0.001984670978820608,19.846709788206077,-1.0503861854520185,loss,1,5,2023,Wednesday,NY
EURUSD,-1,2023-05-25 09:45:00+00:00,2023-05-25 10:00:00+00:00,2023-05-26 11:45:00+00:00,1.07228,1.0721800000000001,1.0744553224834783,1.0679293550330433,1.0744853224834783,0.002175322483478343,21.753224834783428,-1.0597612542449026,loss,3,75,2023,Thursday,London
EURUSD,1,2023-06-22 10:00:00+00:00,2023-06-22 10:15:00+00:00,2023-06-22 14:00:00+00:00,1.10019,1.1002699999999999,1.0979070553316583,1.1047558893366833,1.0978770553316584,0.002282944668341678,22.829446683416776,-1.0481833841727435,loss,2,7,2023,Thursday,London
EURUSD,1,2023-06-27 10:30:00+00:00,2023-06-27 10:45:00+00:00,2023-06-27 14:00:00+00:00,1.09346,1.09355,1.0925337052544808,1.0953125894910387,1.0953125894910387,0.0009262947455192719,9.262947455192718,1.9028387017898931,win,2,5,2023,Tuesday,London
EURUSD,1,2023-07-10 09:00:00+00:00,2023-07-10 09:15:00+00:00,2023-07-10 13:45:00+00:00,1.0959,1.0959999999999999,1.0944361095484483,1.0988277809031035,1.0944061095484483,0.0014638904515517528,14.638904515517527,-1.0888044592831418,loss,2,14,2023,Monday,London
EURUSD,1,2023-07-11 07:15:00+00:00,2023-07-11 07:30:00+00:00,2023-07-11 09:45:00+00:00,1.10233,1.10243,1.1005527855158328,1.1058844289683343,1.1005227855158328,0.001777214484167151,17.77214484167151,-1.0731481771942495,loss,1,9,2023,Tuesday,London
EURUSD,1,2023-07-13 07:15:00+00:00,2023-07-13 07:30:00+00:00,2023-07-13 14:00:00+00:00,1.1147,1.11479,1.1129237749344418,1.1182524501311164,1.1182524501311164,0.001776225065558238,17.76225065558238,1.949330745441466,win,3,18,2023,Thursday,London
EURUSD,1,2023-07-14 10:00:00+00:00,2023-07-14 10:15:00+00:00,2023-07-17 14:45:00+00:00,1.12428,1.12438,1.1203386689868449,1.1321626620263103,1.120308668986845,0.003941331013155154,39.41331013155154,-1.0329837812571396,loss,2,74,2023,Friday,London
EURUSD,1,2023-07-18 07:45:00+00:00,2023-07-18 08:00:00+00:00,2023-07-18 09:30:00+00:00,1.12561,1.1257,1.123975125187938,1.128879749624124,1.123945125187938,0.00163487481206199,16.3487481206199,-1.0734001154795423,loss,3,6,2023,Tuesday,London
EURUSD,-1,2023-08-04 09:30:00+00:00,2023-08-04 09:45:00+00:00,2023-08-04 13:30:00+00:00,1.09395,1.09385,1.0956840224121638,1.0904819551756724,1.0957140224121638,0.001734022412163767,17.34022412163767,-1.0749701959375388,loss,1,15,2023,Friday,London
EURUSD,-1,2023-08-07 09:00:00+00:00,2023-08-07 09:15:00+00:00,2023-08-07 13:45:00+00:00,1.09844,1.0983500000000002,1.0995291441149462,1.096261711770108,1.0995591441149462,0.0010891441149461082,10.891441149461082,-1.1101782568102312,loss,3,18,2023,Monday,London
EURUSD,-1,2023-08-25 07:30:00+00:00,2023-08-25 07:45:00+00:00,2023-08-25 08:15:00+00:00,1.07848,1.0783900000000002,1.079184934323346,1.0770701313533086,1.079214934323346,0.0007049343233457778,7.049343233457778,-1.1702286241793611,loss,3,2,2023,Friday,London
EURUSD,-1,2023-09-05 15:00:00+00:00,2023-09-05 15:15:00+00:00,2023-09-11 15:00:00+00:00,1.07197,1.0718800000000002,1.0749633883102625,1.0659832233794755,1.0749933883102625,0.00299338831026233,29.9338831026233,-1.0400883505787006,loss,2,383,2023,Tuesday,NY
EURUSD,-1,2023-09-12 13:45:00+00:00,2023-09-12 14:00:00+00:00,2023-09-12 16:00:00+00:00,1.07073,1.07063,1.072256859255048,1.067676281489904,1.072286859255048,0.0015268592550480849,15.268592550480848,-1.0851420977868227,loss,2,8,2023,Tuesday,NY
EURUSD,-1,2023-09-13 09:45:00+00:00,2023-09-13 10:00:00+00:00,2023-09-13 13:30:00+00:00,1.0735,1.07342,1.0749385005455145,1.0706229989089708,1.0749685005455145,0.001438500545514576,14.385005455145759,-1.076468514623017,loss,0,14,2023,Wednesday,London
EURUSD,-1,2023-09-21 08:00:00+00:00,2023-09-21 08:15:00+00:00,2023-09-21 08:30:00+00:00,1.06413,1.06403,1.0655195710470304,1.0613508579059392,1.0655495710470304,0.0013895710470304325,13.895710470304325,-1.0935540505667267,loss,2,1,2023,Thursday,London
EURUSD,-1,2023-09-26 07:15:00+00:00,2023-09-26 07:30:00+00:00,2023-09-26 09:15:00+00:00,1.05805,1.05797,1.0593344012612849,1.0554811974774303,1.0593644012612848,0.0012844012612848608,12.844012612848609,-1.085643017735642,loss,3,7,2023,Tuesday,London
EURUSD,-1,2023-10-03 08:15:00+00:00,2023-10-03 08:30:00+00:00,2023-10-03 08:30:00+00:00,1.0471,1.0470000000000002,1.0480244733938282,1.0452510532123434,1.0480544733938282,0.000924473393828268,9.24473393828268,-1.1406205964039966,loss,1,0,2023,Tuesday,London
EURUSD,-1,2023-10-26 09:15:00+00:00,2023-10-26 09:30:00+00:00,2023-10-26 13:30:00+00:00,1.0545,1.0544200000000001,1.0553392047358445,1.0528215905283107,1.0528215905283107,0.0008392047358446157,8.392047358446156,1.9046716533132013,win,2,16,2023,Thursday,London
EURUSD,-1,2023-11-01 07:30:00+00:00,2023-11-01 07:45:00+00:00,2023-11-01 13:15:00+00:00,1.05615,1.05609,1.0577821554045947,1.0528856891908103,1.0528856891908103,0.0016321554045948777,16.321554045948776,1.963238794644714,win,1,22,2023,Wednesday,London
EURUSD,1,2023-11-06 08:15:00+00:00,2023-11-06 08:30:00+00:00,2023-11-06 15:00:00+00:00,1.07481,1.0749,1.0730941150256883,1.0782417699486233,1.0730641150256883,0.0017158849743116622,17.15884974311662,-1.0699347577468692,loss,2,26,2023,Monday,London
EURUSD,1,2023-11-16 14:45:00+00:00,2023-11-16 15:00:00+00:00,2023-11-17 07:15:00+00:00,1.0876,1.08771,1.0840411748523409,1.0947176502953178,1.0840111748523409,0.0035588251476589548,35.58825147658955,-1.0393388250873206,loss,2,65,2023,Thursday,NY
EURUSD,1,2023-11-20 08:00:00+00:00,2023-11-20 08:15:00+00:00,2023-11-21 02:30:00+00:00,1.09276,1.09283,1.0912353365339393,1.0958093269321214,1.0958093269321214,0.0015246634660606804,15.246634660606803,1.9540882289382968,win,2,73,2023,Monday,London
EURUSD,1,2023-11-21 07:15:00+00:00,2023-11-21 07:30:00+00:00,2023-11-21 07:45:00+00:00,1.09617,1.09625,1.0951742979912609,1.0981614040174783,1.095144297991261,0.0009957020087391322,9.957020087391323,-1.1104748198100083,loss,2,1,2023,Tuesday,London
EURUSD,1,2023-11-23 09:30:00+00:00,2023-11-23 09:45:00+00:00,2023-11-23 14:00:00+00:00,1.09174,1.0918299999999999,1.0894733238195409,1.0962733523609183,1.089443323819541,0.0022666761804591433,22.66676180459143,-1.052940954263483,loss,3,17,2023,Thursday,London
EURUSD,1,2023-11-27 10:30:00+00:00,2023-11-27 10:45:00+00:00,2023-11-27 14:00:00+00:00,1.09529,1.09538,1.093862741204653,1.0981445175906939,1.0938327412046531,0.0014272587953469006,14.272587953469005,-1.084077253817748,loss,2,13,2023,Monday,London
EURUSD,1,2023-12-22 10:15:00+00:00,2023-12-22 10:30:00+00:00,2023-12-25 00:30:00+00:00,1.10171,1.10181,1.0998543418380862,1.1054213163238276,1.0998243418380862,0.0018556581619137956,18.556581619137955,-1.0700560063637437,loss,1,50,2023,Friday,London
EURUSD,1,2023-12-28 08:45:00+00:00,2023-12-28 09:00:00+00:00,2023-12-28 13:45:00+00:00,1.1121,1.11219,1.1103590148554838,1.1155819702890324,1.1103290148554839,0.0017409851445161898,17.409851445161898,-1.0689264927836681,loss,2,19,2023,Thursday,London
EURUSD,1,2024-01-11 08:15:00+00:00,2024-01-11 08:30:00+00:00,2024-01-11 09:00:00+00:00,1.09803,1.09811,1.0971297795316697,1.0998304409366608,1.0970997795316697,0.0009002204683303424,9.002204683303423,-1.1221922894109384,loss,2,2,2024,Thursday,London
EURUSD,-1,2024-02-05 08:15:00+00:00,2024-02-05 08:30:00+00:00,2024-02-05 13:00:00+00:00,1.07728,1.07719,1.0786672771036034,1.074505445792793,1.074505445792793,0.001387277103603483,13.872771036034829,1.935124713176594,win,2,18,2024,Monday,London
EURUSD,-1,2024-02-08 15:00:00+00:00,2024-02-08 15:15:00+00:00,2024-02-08 16:45:00+00:00,1.07544,1.07536,1.0768210344013636,1.0726779311972725,1.0768510344013635,0.0013810344013636688,13.810344013636687,-1.0796504416480568,loss,3,6,2024,Thursday,NY
EURUSD,1,2024-03-13 14:30:00+00:00,2024-03-13 14:45:00+00:00,2024-03-14 12:30:00+00:00,1.09428,1.09439,1.093078175750292,1.0966836484994154,1.0930481757502921,0.0012018242497077699,12.018242497077699,-1.1164895782674786,loss,1,87,2024,Wednesday,NY
EURUSD,-1,2024-03-27 14:45:00+00:00,2024-03-27 15:00:00+00:00,2024-03-27 15:30:00+00:00,1.08146,1.08136,1.0821737474011541,1.0800325051976922,1.082203747401154,0.000713747401153954,7.137474011539539,-1.1821372656346947,loss,1,2,2024,Wednesday,NY
EURUSD,-1,2024-04-02 07:30:00+00:00,2024-04-02 07:45:00+00:00,2024-04-02 08:30:00+00:00,1.07252,1.0724200000000002,1.0735249624246581,1.0705100751506837,1.073554962424658,0.0010049624246581327,10.049624246581327,-1.1293580703219104,loss,2,3,2024,Tuesday,London
EURUSD,-1,2024-04-16 07:15:00+00:00,2024-04-16 07:30:00+00:00,2024-04-16 08:15:00+00:00,1.06052,1.06044,1.062090522028064,1.0573789559438715,1.062120522028064,0.0015705220280642254,15.705220280642253,-1.0700404056957866,loss,2,3,2024,Tuesday,London
EURUSD,1,2024-05-27 09:30:00+00:00,2024-05-27 09:45:00+00:00,2024-05-27 13:00:00+00:00,1.08525,1.08533,1.0843917704628872,1.0869664590742258,1.0843617704628872,0.0008582295371129381,8.58229537112938,-1.1281708392020966,loss,1,13,2024,Monday,London
EURUSD,1,2024-05-28 08:30:00+00:00,2024-05-28 08:45:00+00:00,2024-05-28 09:30:00+00:00,1.08777,1.08788,1.0871284630643065,1.0890530738713864,1.0870984630643066,0.0006415369356932659,6.415369356932659,-1.218225938696466,loss,1,3,2024,Tuesday,London
EURUSD,-1,2024-06-26 10:30:00+00:00,2024-06-26 10:45:00+00:00,2024-06-26 14:30:00+00:00,1.06897,1.06888,1.0700256624170745,1.0668586751658509,1.0668586751658509,0.001055662417074499,10.556624170744989,1.914745473037465,win,2,15,2024,Wednesday,London
EURUSD,1,2024-07-08 09:30:00+00:00,2024-07-08 09:45:00+00:00,2024-07-09 12:30:00+00:00,1.08424,1.0843099999999999,1.0814041140094168,1.0899117719811668,1.0813741140094169,0.0028358859905833395,28.358859905833395,-1.0352623484624366,loss,2,107,2024,Monday,London
EURUSD,1,2024-07-15 13:45:00+00:00,2024-07-15 14:00:00+00:00,2024-07-15 16:00:00+00:00,1.09073,1.09084,1.0900041086389505,1.092181782722099,1.092181782722099,0.0007258913610494826,7.258913610494826,1.8484621722994758,win,2,8,2024,Monday,NY
EURUSD,1,2024-08-14 07:45:00+00:00,2024-08-14 08:00:00+00:00,2024-08-14 10:30:00+00:00,1.09999,1.10008,1.098595917031655,1.1027781659366898,1.1027781659366898,0.0013940829683448679,13.940829683448678,1.9354414320786248,win,1,10,2024,Wednesday,London
EURUSD,1,2024-08-19 13:45:00+00:00,2024-08-19 14:00:00+00:00,2024-08-19 14:00:00+00:00,1.10389,1.10397,1.1032056259019027,1.1052587481961946,1.1031756259019028,0.0006843740980973159,6.843740980973159,-1.1607308054259098,loss,1,0,2024,Monday,NY
EURUSD,1,2024-09-05 08:45:00+00:00,2024-09-05 09:00:00+00:00,2024-09-05 12:15:00+00:00,1.10871,1.10879,1.107779059313819,1.1105718813723622,1.1105718813723622,0.0009309406861810775,9.309406861810775,1.9140654166399202,win,2,13,2024,Thursday,London
EURUSD,1,2024-09-13 09:45:00+00:00,2024-09-13 10:00:00+00:00,2024-09-13 21:45:00+00:00,1.10927,1.10937,1.107250168799385,1.11330966240123,1.107220168799385,0.0020198312006149883,20.198312006149884,-1.0643618139775195,loss,2,47,2024,Friday,London
EURUSD,1,2024-09-17 09:45:00+00:00,2024-09-17 10:00:00+00:00,2024-09-17 14:30:00+00:00,1.11445,1.1145399999999999,1.1115082307654103,1.1203335384691795,1.1114782307654103,0.0029417692345897225,29.417692345897223,-1.0407917788346084,loss,1,18,2024,Tuesday,London
EURUSD,-1,2024-10-07 08:15:00+00:00,2024-10-07 08:30:00+00:00,2024-10-07 09:00:00+00:00,1.0963,1.0962100000000001,1.0972962066989047,1.0943075866021905,1.0973262066989047,0.0009962066989047654,9.962066989047653,-1.1204569294020177,loss,1,2,2024,Monday,London
EURUSD,-1,2024-10-09 09:15:00+00:00,2024-10-09 09:30:00+00:00,2024-10-10 13:30:00+00:00,1.09576,1.0956700000000001,1.097354188293377,1.0925716234132463,1.0925716234132463,0.0015941882933768897,15.941882933768897,1.9435449373365359,win,3,112,2024,Wednesday,London
EURUSD,-1,2024-10-15 08:00:00+00:00,2024-10-15 08:15:00+00:00,2024-10-15 08:45:00+00:00,1.08866,1.08856,1.0895989807196849,1.0867820385606302,1.0896289807196848,0.0009389807196849351,9.38980719684935,-1.138447997146895,loss,2,2,2024,Tuesday,London
EURUSD,-1,2024-10-16 09:00:00+00:00,2024-10-16 09:15:00+00:00,2024-10-16 10:00:00+00:00,1.08791,1.0878100000000002,1.089062210677592,1.0856055786448158,1.089092210677592,0.0011522106775920258,11.522106775920257,-1.1128265885119895,loss,1,3,2024,Wednesday,London
EURUSD,-1,2024-10-17 09:30:00+00:00,2024-10-17 09:45:00+00:00,2024-10-17 10:30:00+00:00,1.08504,1.0849600000000001,1.0858682835960547,1.0833834328078906,1.0858982835960547,0.000828283596054724,8.28283596054724,-1.1328047549459517,loss,2,3,2024,Thursday,London
EURUSD,-1,2024-10-22 13:45:00+00:00,2024-10-22 14:00:00+00:00,2024-10-23 12:30:00+00:00,1.08117,1.08107,1.0829704407945826,1.0775691184108345,1.0775691184108345,0.0018004407945827452,18.004407945827452,1.9444580458847245,win,2,90,2024,Tuesday,NY
EURUSD,-1,2024-10-23 14:45:00+00:00,2024-10-23 15:00:00+00:00,2024-10-23 16:00:00+00:00,1.07751,1.07741,1.078366173186436,1.0757976536271279,1.078396173186436,0.0008561731864360826,8.561731864360826,-1.1518384388339342,loss,2,4,2024,Wednesday,NY
EURUSD,-1,2024-11-06 10:00:00+00:00,2024-11-06 10:15:00+00:00,2024-11-07 13:00:00+00:00,1.07465,1.0745500000000001,1.0783036494154974,1.0673427011690055,1.0783336494154974,0.0036536494154972765,36.536494154972765,-1.0355808631908046,loss,2,107,2024,Wednesday,London
EURUSD,-1,2024-11-12 15:00:00+00:00,2024-11-12 15:15:00+00:00,2024-11-13 01:30:00+00:00,1.06114,1.0610600000000001,1.0628005926843167,1.0578188146313667,1.0628305926843167,0.0016605926843166602,16.6059268431666,-1.0662414094911952,loss,2,41,2024,Tuesday,NY
EURUSD,-1,2024-11-14 08:15:00+00:00,2024-11-14 08:30:00+00:00,2024-11-14 09:30:00+00:00,1.05462,1.05453,1.0558542365508672,1.0521515268982655,1.0521515268982655,0.0012342365508672308,12.342365508672307,1.9270804288393686,win,2,4,2024,Thursday,London
EURUSD,-1,2024-11-21 09:15:00+00:00,2024-11-21 09:30:00+00:00,2024-11-21 17:00:00+00:00,1.0521,1.05204,1.0547915917730284,1.0467168164539435,1.0467168164539435,0.002691591773028249,26.91591773028249,1.9777083580797057,win,0,30,2024,Thursday,London
EURUSD,-1,2024-12-02 14:30:00+00:00,2024-12-02 14:45:00+00:00,2024-12-03 18:00:00+00:00,1.04839,1.04831,1.053437532858511,1.038294934282978,1.053467532858511,0.005047532858511027,50.47532858511027,-1.0217928249470318,loss,1,109,2024,Monday,NY
EURUSD,-1,2024-12-19 15:30:00+00:00,2024-12-19 15:45:00+00:00,2024-12-20 13:30:00+00:00,1.0389,1.03882,1.0414922583253303,1.033715483349339,1.0415222583253303,0.0025922583253304905,25.922583253304904,-1.042434042519935,loss,1,87,2024,Thursday,NY
EURUSD,-1,2024-12-23 14:30:00+00:00,2024-12-23 14:45:00+00:00,2024-12-23 16:30:00+00:00,1.03973,1.0396400000000001,1.0409171730021025,1.037355653995795,1.0409471730021025,0.0011871730021024958,11.871730021024957,-1.1010804657681328,loss,3,7,2024,Monday,NY
EURUSD,-1,2025-01-02 09:30:00+00:00,2025-01-02 09:45:00+00:00,2025-01-02 10:45:00+00:00,1.03557,1.0354700000000001,1.0372990932049095,1.0321118135901812,1.0321118135901812,0.0017290932049094502,17.2909320490945,1.9421662176937124,win,1,4,2025,Thursday,London
EURUSD,-1,2025-01-09 07:30:00+00:00,2025-01-09 07:45:00+00:00,2025-01-09 09:15:00+00:00,1.0294,1.0293,1.0313057182836258,1.0255885634327486,1.0313357182836258,0.0019057182836257872,19.05718283625787,-1.0682157489472028,loss,2,6,2025,Thursday,London
EURUSD,-1,2025-01-13 07:15:00+00:00,2025-01-13 07:30:00+00:00,2025-01-13 08:00:00+00:00,1.02078,1.02068,1.022543076662251,1.0172538466754981,1.022573076662251,0.0017630766622509838,17.63076662250984,-1.0737347404020168,loss,2,2,2025,Monday,London
EURUSD,-1,2025-01-13 14:30:00+00:00,2025-01-13 14:45:00+00:00,2025-01-13 21:15:00+00:00,1.02043,1.0203300000000002,1.0221688058795733,1.0169523882408533,1.0221988058795732,0.001738805879573368,17.38805879573368,-1.0747639523921917,loss,1,26,2025,Monday,NY
EURUSD,-1,2025-02-03 07:15:00+00:00,2025-02-03 07:30:00+00:00,2025-02-03 09:30:00+00:00,1.02329,1.0231700000000001,1.0252645415194048,1.0193409169611904,1.0252945415194048,0.0019745415194047425,19.745415194047425,-1.0759670022259866,loss,2,8,2025,Monday,London
EURUSD,-1,2025-02-03 09:45:00+00:00,2025-02-03 10:00:00+00:00,2025-02-03 11:45:00+00:00,1.02303,1.02295,1.0255574279130215,1.0179751441739573,1.0255874279130215,0.002527427913021434,25.27427913021434,-1.0435225073812402,loss,2,7,2025,Monday,London
EURUSD,-1,2025-02-06 14:45:00+00:00,2025-02-06 15:00:00+00:00,2025-02-06 15:15:00+00:00,1.0362,1.0361200000000002,1.0375335776212544,1.033532844757491,1.0375635776212544,0.0013335776212545065,13.335776212545063,-1.08248488745354,loss,2,1,2025,Thursday,NY
EURUSD,1,2025-03-04 07:30:00+00:00,2025-03-04 07:45:00+00:00,2025-03-04 11:45:00+00:00,1.0496,1.04968,1.0477251205189861,1.053349758962028,1.053349758962028,0.001874879481013902,18.748794810139017,1.9573305906806844,win,2,16,2025,Tuesday,London
EURUSD,1,2025-03-06 07:30:00+00:00,2025-03-06 07:45:00+00:00,2025-03-06 09:15:00+00:00,1.08154,1.08162,1.0790718516472728,1.0864762967054544,1.0790418516472728,0.0024681483527272258,24.681483527272256,-1.0445678234367115,loss,1,6,2025,Thursday,London
EURUSD,1,2025-03-11 14:45:00+00:00,2025-03-11 15:00:00+00:00,2025-03-12 06:45:00+00:00,1.0919,1.09199,1.0893716090065368,1.0969567819869266,1.0893416090065369,0.002528390993463276,25.28390993463276,-1.0474610138661737,loss,3,63,2025,Tuesday,NY
EURUSD,1,2025-03-31 07:30:00+00:00,2025-03-31 07:45:00+00:00,2025-03-31 08:30:00+00:00,1.08348,1.08358,1.0824033378178948,1.0856333243642105,1.0823733378178948,0.001076662182105238,10.766621821052379,-1.120743536979963,loss,1,3,2025,Monday,London
EURUSD,1,2025-04-11 07:45:00+00:00,2025-04-11 08:00:00+00:00,2025-04-11 09:00:00+00:00,1.12868,1.12873,1.1244391178292268,1.1371617643415464,1.1371617643415464,0.004240882170773225,42.40882170773225,1.988210000187065,win,2,4,2025,Friday,London
EURUSD,1,2025-04-14 07:30:00+00:00,2025-04-14 07:45:00+00:00,2025-04-14 13:45:00+00:00,1.14137,1.1415,1.135084048041786,1.153941903916428,1.1350540480417861,0.006285951958213977,62.85951958213976,-1.025453583015504,loss,1,24,2025,Monday,London
EURUSD,1,2025-04-16 15:45:00+00:00,2025-04-16 16:00:00+00:00,2025-04-17 13:15:00+00:00,1.13837,1.13846,1.1338767299201087,1.1473565401597832,1.1338467299201087,0.004493270079891524,44.932700798915235,-1.026706607407559,loss,2,85,2025,Wednesday,NY
EURUSD,1,2025-04-21 08:15:00+00:00,2025-04-21 08:30:00+00:00,2025-04-21 14:30:00+00:00,1.15283,1.1528699999999998,1.150320110646766,1.1578497787064679,1.150290110646766,0.0025098893532339637,25.098893532339638,-1.0278896756582816,loss,2,24,2025,Monday,London
EURUSD,1,2025-05-20 10:00:00+00:00,2025-05-20 10:15:00+00:00,2025-05-20 11:15:00+00:00,1.12662,1.12673,1.1246362801758836,1.130587439648233,1.1246062801758836,0.001983719824116448,19.83719824116448,-1.070574482493927,loss,2,4,2025,Tuesday,London
EURUSD,1,2025-05-21 10:30:00+00:00,2025-05-21 10:45:00+00:00,2025-05-22 00:00:00+00:00,1.13322,1.1333,1.131108784216206,1.1374424315675877,1.131078784216206,0.002111215783793897,21.11215783793897,-1.0521026798134312,loss,3,53,2025,Wednesday,London
EURUSD,1,2025-05-23 08:00:00+00:00,2025-05-23 08:15:00+00:00,2025-05-23 12:15:00+00:00,1.13254,1.13263,1.1307222474841256,1.136175505031749,1.136175505031749,0.0018177525158744063,18.17752515874406,1.950488309484461,win,2,16,2025,Friday,London
EURUSD,1,2025-06-02 15:00:00+00:00,2025-06-02 15:15:00+00:00,2025-06-03 10:00:00+00:00,1.14414,1.14421,1.140313504736196,1.1517929905276076,1.140283504736196,0.003826495263803858,38.26495263803858,-1.0261335747481302,loss,2,75,2025,Monday,NY
EURUSD,1,2025-06-12 08:45:00+00:00,2025-06-12 09:00:00+00:00,2025-06-12 10:45:00+00:00,1.15263,1.15271,1.1504740728407306,1.1569418543185392,1.1569418543185392,0.0021559271592695812,21.55927159269581,1.962892994943797,win,2,7,2025,Thursday,London
EURUSD,1,2025-06-24 07:15:00+00:00,2025-06-24 07:30:00+00:00,2025-06-24 08:15:00+00:00,1.16154,1.16163,1.1600346036365177,1.1645507927269647,1.1600046036365177,0.001505396363482301,15.05396363482301,-1.0797132256400295,loss,1,3,2025,Tuesday,London
EURUSD,1,2025-06-24 10:00:00+00:00,2025-06-24 10:15:00+00:00,2025-06-25 18:45:00+00:00,1.16004,1.16014,1.1578785842350716,1.1643628315298569,1.1643628315298569,0.0021614157649284312,21.614157649284312,1.9537340285832259,win,2,130,2025,Tuesday,London
EURUSD,1,2025-06-26 07:30:00+00:00,2025-06-26 07:45:00+00:00,2025-06-26 09:00:00+00:00,1.16858,1.16869,1.167079929273106,1.1715801414537876,1.1715801414537876,0.001500070726893885,15.000707268938848,1.9266701242628008,win,3,5,2025,Thursday,London
EURUSD,1,2025-06-30 07:30:00+00:00,2025-06-30 07:45:00+00:00,2025-06-30 13:15:00+00:00,1.17386,1.17396,1.171301743803308,1.178976512393384,1.171271743803308,0.002558256196692031,25.582561966920306,-1.0508158644032413,loss,1,22,2025,Monday,London
EURUSD,1,2025-07-22 15:45:00+00:00,2025-07-22 16:00:00+00:00,2025-07-28 08:45:00+00:00,1.17224,1.17231,1.1677855099973329,1.181148980005334,1.167755509997333,0.004454490002667114,44.54490002667114,-1.02244925904875,loss,1,355,2025,Tuesday,NY
EURUSD,-1,2025-08-01 09:45:00+00:00,2025-08-01 10:00:00+00:00,2025-08-01 13:30:00+00:00,1.14062,1.14054,1.1438740025266794,1.1341119949466414,1.1439040025266793,0.003254002526679295,32.540025266792945,-1.0338045219996166,loss,1,14,2025,Friday,London
EURUSD,1,2025-08-13 07:30:00+00:00,2025-08-13 07:45:00+00:00,2025-08-13 09:15:00+00:00,1.16896,1.16905,1.167606337647009,1.171667324705982,1.171667324705982,0.001353662352990989,13.536623529909889,1.9335137009601053,win,1,6,2025,Wednesday,London
EURUSD,1,2025-08-15 14:45:00+00:00,2025-08-15 15:00:00+00:00,2025-08-18 09:00:00+00:00,1.17027,1.17034,1.1672347630576605,1.1763404738846788,1.1672047630576605,0.0030352369423394723,30.35236942339472,-1.032946357038889,loss,1,72,2025,Friday,NY
EURUSD,1,2025-09-01 09:30:00+00:00,2025-09-01 09:45:00+00:00,2025-09-01 12:45:00+00:00,1.17264,1.17274,1.1714453144397856,1.1750293711204285,1.1714153144397856,0.0011946855602142964,11.946855602142964,-1.1088152433822343,loss,2,12,2025,Monday,London
EURUSD,1,2025-09-05 08:45:00+00:00,2025-09-05 09:00:00+00:00,2025-09-05 13:30:00+00:00,1.16777,1.16784,1.1664440555946876,1.1704218888106248,1.1704218888106248,0.0013259444053124562,13.259444053124561,1.947207439678743,win,2,18,2025,Friday,London
EURUSD,1,2025-09-08 07:45:00+00:00,2025-09-08 08:00:00+00:00,2025-09-08 19:45:00+00:00,1.17267,1.1727699999999999,1.1710200073709252,1.17596998525815,1.17596998525815,0.0016499926290749222,16.499926290749222,1.9393936686518525,win,1,47,2025,Monday,London
EURUSD,-1,2025-10-08 09:15:00+00:00,2025-10-08 09:30:00+00:00,2025-10-08 11:45:00+00:00,1.16245,1.1623700000000001,1.1635944872460158,1.1601610255079686,1.1636244872460157,0.0011444872460156976,11.444872460156976,-1.096112910286129,loss,2,9,2025,Wednesday,London
EURUSD,-1,2025-10-21 08:00:00+00:00,2025-10-21 08:15:00+00:00,2025-10-22 09:00:00+00:00,1.16242,1.16233,1.1637900580744456,1.1596798838511089,1.1596798838511089,0.0013700580744455927,13.700580744455927,1.9343093539765517,win,1,99,2025,Tuesday,London
EURUSD,-1,2025-11-20 08:00:00+00:00,2025-11-20 08:15:00+00:00,2025-11-20 09:15:00+00:00,1.15126,1.1511600000000002,1.1523595523810897,1.1490608952378203,1.1523895523810896,0.0010995523810897858,10.995523810897858,-1.1182299290469722,loss,2,4,2025,Thursday,London
EURUSD,1,2025-12-03 09:30:00+00:00,2025-12-03 09:45:00+00:00,2025-12-03 12:00:00+00:00,1.16458,1.16469,1.163513940938658,1.166712118122684,1.166712118122684,0.0010660590613420808,10.660590613420807,1.8968162234260888,win,2,9,2025,Wednesday,London
EURUSD,1,2025-12-11 09:30:00+00:00,2025-12-11 09:45:00+00:00,2025-12-11 12:15:00+00:00,1.16969,1.1697799999999998,1.1686407203972562,1.1717885592054873,1.1717885592054873,0.0010492796027437507,10.492796027437507,1.9142268659710147,win,1,10,2025,Thursday,London
EURUSD,1,2025-12-23 08:00:00+00:00,2025-12-23 08:15:00+00:00,2025-12-23 15:00:00+00:00,1.17828,1.17835,1.1767938699553626,1.1812522600892748,1.1767638699553626,0.0014861300446374166,14.861300446374166,-1.0672888623447145,loss,1,27,2025,Tuesday,London
EURUSD,-1,2026-01-15 07:15:00+00:00,2026-01-15 07:30:00+00:00,2026-01-15 09:45:00+00:00,1.16271,1.1626,1.1638674639023734,1.160395072195253,1.1638974639023734,0.0011574639023734434,11.574639023734433,-1.120954096030783,loss,1,9,2026,Thursday,London
EURUSD,1,2026-02-10 10:30:00+00:00,2026-02-10 10:45:00+00:00,2026-02-10 12:30:00+00:00,1.19155,1.19166,1.1898974284793282,1.1948551430413437,1.1898674284793282,0.0016525715206718156,16.525715206718154,-1.0847164544763326,loss,2,7,2026,Tuesday,London
EURUSD,1,2026-02-11 08:45:00+00:00,2026-02-11 09:00:00+00:00,2026-02-11 11:30:00+00:00,1.19185,1.19194,1.1909489261455128,1.1936521477089743,1.1909189261455129,0.0009010738544871248,9.010738544871247,-1.1331744333746185,loss,3,10,2026,Wednesday,London
EURUSD,-1,2026-03-03 13:45:00+00:00,2026-03-03 14:00:00+00:00,2026-03-03 15:15:00+00:00,1.15903,1.15894,1.1616403519244616,1.153809296151077,1.153809296151077,0.00261035192446147,26.1035192446147,1.9655218903027776,win,1,5,2026,Tuesday,NY
EURUSD,-1,2026-03-12 13:45:00+00:00,2026-03-12 14:00:00+00:00,2026-03-13 08:00:00+00:00,1.15261,1.1525100000000001,1.1567092154708813,1.1444115690582373,1.1444115690582373,0.004099215470881369,40.99215470881369,1.97560508816621,win,1,72,2026,Thursday,NY
EURUSD,-1,2026-03-26 15:15:00+00:00,2026-03-26 15:30:00+00:00,2026-03-26 20:00:00+00:00,1.15438,1.15428,1.1556831867619808,1.151773626476038,1.1557131867619808,0.0013031867619809141,13.031867619809141,-1.0997554639077716,loss,2,18,2026,Thursday,NY
EURUSD,-1,2026-04-02 09:15:00+00:00,2026-04-02 09:30:00+00:00,2026-04-02 15:30:00+00:00,1.15274,1.15264,1.1540219023661205,1.1501761952677596,1.1540519023661204,0.0012819023661202703,12.819023661202703,-1.101411779427088,loss,1,24,2026,Thursday,London
EURUSD,1,2026-04-14 07:45:00+00:00,2026-04-14 08:00:00+00:00,2026-04-16 04:00:00+00:00,1.17778,1.1778899999999999,1.1757496920261619,1.1818406159476764,1.1818406159476764,0.0020303079738381927,20.303079738381925,1.9458210274415182,win,2,175,2026,Tuesday,London
EURUSD,1,2026-04-22 08:30:00+00:00,2026-04-22 08:45:00+00:00,2026-04-22 12:30:00+00:00,1.17527,1.17535,1.1740950977393698,1.1776198045212602,1.1740650977393698,0.0011749022606301074,11.749022606301073,-1.0936248092168523,loss,2,15,2026,Wednesday,London
EURUSD,1,2026-04-27 15:30:00+00:00,2026-04-27 15:45:00+00:00,2026-04-27 15:45:00+00:00,1.17438,1.1744999999999999,1.173467037614573,1.1762059247708538,1.173437037614573,0.0009129623854269437,9.129623854269436,-1.1643003067751927,loss,2,0,2026,Monday,NY
EURUSD,1,2026-05-06 08:45:00+00:00,2026-05-06 09:00:00+00:00,2026-05-06 09:45:00+00:00,1.17375,1.1738199999999999,1.1723725619003347,1.1765048761993309,1.1765048761993309,0.0013774380996653623,13.774380996653623,1.9491810194470942,win,2,3,2026,Wednesday,London
EURUSD,1,2026-05-07 15:45:00+00:00,2026-05-07 16:00:00+00:00,2026-05-07 16:15:00+00:00,1.17758,1.17767,1.176319010038667,1.1801019799226662,1.176289010038667,0.0012609899613330604,12.609899613330603,-1.095163326972999,loss,2,1,2026,Thursday,NY
EURUSD,-1,2026-05-19 07:45:00+00:00,2026-05-19 08:00:00+00:00,2026-05-19 10:00:00+00:00,1.16365,1.16355,1.1646155863279155,1.1617188273441692,1.1617188273441692,0.000965586327915437,9.65586327915437,1.8964359818392642,win,3,8,2026,Tuesday,London
EURUSD,-1,2026-05-20 09:00:00+00:00,2026-05-20 09:15:00+00:00,2026-05-20 15:15:00+00:00,1.15875,1.15866,1.160630073848884,1.154989852302232,1.160660073848884,0.0018800738488840311,18.80073848884031,-1.0638272800140787,loss,1,24,2026,Wednesday,London
EURUSD,-1,2026-06-03 09:00:00+00:00,2026-06-03 09:15:00+00:00,2026-06-04 10:30:00+00:00,1.16121,1.16111,1.1624882653732467,1.1586534692535069,1.1625182653732467,0.0012782653732465602,12.7826537324656,-1.1017003219525754,loss,2,101,2026,Wednesday,London
EURUSD,-1,2026-06-08 08:45:00+00:00,2026-06-08 09:00:00+00:00,2026-06-08 12:15:00+00:00,1.15165,1.15154,1.1535466871393338,1.1478566257213325,1.1535766871393338,0.0018966871393338235,18.966871393338234,-1.0738129115216928,loss,3,13,2026,Monday,London
EURUSD,-1,2026-06-18 09:00:00+00:00,2026-06-18 09:15:00+00:00,2026-06-18 12:15:00+00:00,1.15051,1.1504400000000001,1.1528862086226823,1.1457575827546351,1.1457575827546351,0.0023762086226824467,23.762086226824465,1.9705413071345261,win,2,12,2026,Thursday,London
EURUSD,-1,2026-06-23 07:30:00+00:00,2026-06-23 07:45:00+00:00,2026-06-23 08:00:00+00:00,1.1422,1.14209,1.1430424533084385,1.1405150933831232,1.1430724533084384,0.0008424533084384609,8.424533084384608,-1.1661813166351236,loss,2,1,2026,Tuesday,London
EURUSD,-1,2026-06-23 14:45:00+00:00,2026-06-23 15:00:00+00:00,2026-06-24 03:45:00+00:00,1.13895,1.13887,1.140073177755629,1.1367036444887417,1.1367036444887417,0.0011231777556291235,11.231777556291235,1.9287735181728964,win,1,51,2026,Tuesday,NY
EURUSD,-1,2026-06-24 07:15:00+00:00,2026-06-24 07:30:00+00:00,2026-06-24 09:00:00+00:00,1.13652,1.1364400000000001,1.137533581431042,1.1344928371379157,1.1344928371379157,0.0010135814310421726,10.135814310421726,1.9210719557897953,win,3,6,2026,Wednesday,London
EURUSD,-1,2026-07-06 14:30:00+00:00,2026-07-06 14:45:00+00:00,2026-07-06 16:45:00+00:00,1.14169,1.14161,1.1424757526585232,1.1401184946829541,1.1425057526585232,0.0007857526585230262,7.857526585230262,-1.1399931629972369,loss,2,8,2026,Monday,NY
EURUSD,1,2026-08-05 15:00:00+00:00,2026-08-05 15:15:00+00:00,2026-08-06 09:00:00+00:00,1.15532,1.15539,1.153936597233166,1.1580868055336673,1.1539065972331661,0.0013834027668337345,13.834027668337344,-1.0722855284068329,loss,3,71,2026,Wednesday,NY
EURUSD,1,2026-08-10 08:15:00+00:00,2026-08-10 08:30:00+00:00,2026-08-10 12:45:00+00:00,1.15559,1.1556799999999998,1.1549590142426618,1.1568519715146761,1.1549290142426618,0.0006309857573380709,6.309857573380708,-1.1901786190962196,loss,1,17,2026,Monday,London
EURUSD,1,2026-08-17 10:15:00+00:00,2026-08-17 10:30:00+00:00,2026-08-17 11:30:00+00:00,1.16015,1.16024,1.1592285823233195,1.1619928353533608,1.1591985823233195,0.0009214176766804285,9.214176766804284,-1.1302340979959444,loss,2,4,2026,Monday,London
EURUSD,1,2026-08-21 07:45:00+00:00,2026-08-21 08:00:00+00:00,2026-08-21 08:30:00+00:00,1.16979,1.16988,1.1689600207895554,1.1714499584208895,1.1689300207895554,0.0008299792104447401,8.2997921044474,-1.144581934691538,loss,1,2,2026,Friday,London
GBPUSD,1,2019-02-26 09:30:00+00:00,2019-02-26 09:45:00+00:00,2019-02-26 10:45:00+00:00,1.31619,1.3163099999999999,1.313304766067667,1.321960467864666,1.321960467864666,0.002885233932332934,28.85233932332934,1.9584089183705164,win,2,4,2019,Tuesday,London
GBPUSD,1,2019-02-27 15:30:00+00:00,2019-02-27 15:45:00+00:00,2019-02-27 16:30:00+00:00,1.33408,1.33422,1.3304445987332574,1.3413508025334848,1.3304145987332574,0.003635401266742485,36.35401266742485,-1.046762375739722,loss,1,3,2019,Wednesday,NY
GBPUSD,-1,2019-04-17 15:00:00+00:00,2019-04-17 15:15:00+00:00,2019-04-18 17:45:00+00:00,1.30345,1.30332,1.306046722783568,1.2982565544328641,1.2982565544328641,0.0025967227835679177,25.967227835679175,1.94993689706788,win,1,106,2019,Wednesday,NY
GBPUSD,-1,2019-04-22 15:30:00+00:00,2019-04-22 15:45:00+00:00,2019-04-23 08:15:00+00:00,1.29763,1.29748,1.2990529436153382,1.2947841127693236,1.2990829436153382,0.0014229436153381993,14.229436153381993,-1.1264983363077332,loss,2,66,2019,Monday,NY
GBPUSD,-1,2019-04-25 07:15:00+00:00,2019-04-25 07:30:00+00:00,2019-04-25 08:00:00+00:00,1.29007,1.28996,1.2911388611642187,1.2879322776715625,1.2911688611642187,0.001068861164218775,10.68861164218775,-1.1309805283291867,loss,2,2,2019,Thursday,London
GBPUSD,-1,2019-05-09 13:45:00+00:00,2019-05-09 14:00:00+00:00,2019-05-09 14:45:00+00:00,1.29902,1.29894,1.3002317117494049,1.2965965765011904,1.3002617117494049,0.0012117117494048295,12.117117494048294,-1.0907806663210744,loss,2,3,2019,Thursday,NY
GBPUSD,-1,2019-05-16 15:45:00+00:00,2019-05-16 16:00:00+00:00,2019-05-17 12:30:00+00:00,1.27912,1.27899,1.2812080185512054,1.2749439628975894,1.2749439628975894,0.0020880185512053544,20.880185512053544,1.9377400167613597,win,2,82,2019,Thursday,NY
GBPUSD,-1,2019-05-22 13:45:00+00:00,2019-05-22 14:00:00+00:00,2019-05-22 16:30:00+00:00,1.26546,1.2653400000000001,1.2678686351909043,1.2606427296181912,1.2678986351909043,0.0024086351909043584,24.086351909043582,-1.0622759314346308,loss,2,10,2019,Wednesday,NY
GBPUSD,-1,2019-05-30 14:30:00+00:00,2019-05-30 14:45:00+00:00,2019-05-31 10:45:00+00:00,1.26143,1.2613,1.2633530068761227,1.2575839862477545,1.2575839862477545,0.001923006876122772,19.23006876122772,1.9323975376198148,win,0,80,2019,Thursday,NY
GBPUSD,-1,2019-06-10 14:45:00+00:00,2019-06-10 15:00:00+00:00,2019-06-10 15:45:00+00:00,1.26705,1.26691,1.2686472185299749,1.2638555629400503,1.2686772185299748,0.0015972185299748952,15.97218529974895,-1.1064350286511098,loss,2,3,2019,Monday,NY
GBPUSD,-1,2019-06-18 10:30:00+00:00,2019-06-18 10:45:00+00:00,2019-06-18 16:00:00+00:00,1.25271,1.25258,1.2545572740337032,1.2490154519325933,1.2545872740337032,0.0018472740337033043,18.47274033703304,-1.0866141119729227,loss,2,21,2019,Tuesday,London
GBPUSD,-1,2019-06-26 07:15:00+00:00,2019-06-26 07:30:00+00:00,2019-06-26 10:00:00+00:00,1.26681,1.26668,1.2685003849298393,1.2634292301403214,1.2685303849298393,0.0016903849298393356,16.903849298393354,-1.094652997181604,loss,1,10,2019,Wednesday,London
GBPUSD,-1,2019-07-03 10:15:00+00:00,2019-07-03 10:30:00+00:00,2019-07-03 13:00:00+00:00,1.25697,1.2568300000000001,1.2582185411901503,1.2544729176196994,1.2582485411901503,0.0012485411901503232,12.48541190150323,-1.136158903960051,loss,2,10,2019,Wednesday,London
GBPUSD,-1,2019-07-09 15:15:00+00:00,2019-07-09 15:30:00+00:00,2019-07-10 09:45:00+00:00,1.24659,1.2464600000000001,1.2479548273476673,1.243860345304666,1.2479848273476672,0.0013648273476671016,13.648273476671015,-1.1172309451986802,loss,3,73,2019,Tuesday,NY
GBPUSD,-1,2019-07-17 09:30:00+00:00,2019-07-17 09:45:00+00:00,2019-07-17 14:45:00+00:00,1.24002,1.23988,1.2416704240154,1.2367191519691998,1.2417004240154,0.0016504240154001063,16.50424015400106,-1.1030038332049577,loss,2,20,2019,Wednesday,London
GBPUSD,-1,2019-07-22 13:45:00+00:00,2019-07-22 14:00:00+00:00,2019-07-22 14:15:00+00:00,1.24709,1.24695,1.2481672723575952,1.24493545528481,1.2481972723575951,0.0010772723575950824,10.772723575950824,-1.1578059613258522,loss,2,1,2019,Monday,NY
GBPUSD,-1,2019-07-23 09:00:00+00:00,2019-07-23 09:15:00+00:00,2019-07-23 12:00:00+00:00,1.24339,1.24327,1.2461461286827524,1.2378777426344953,1.2461761286827524,0.0027561286827523694,27.561286827523695,-1.0544241642048955,loss,2,11,2019,Tuesday,London
GBPUSD,-1,2019-07-26 14:30:00+00:00,2019-07-26 14:45:00+00:00,2019-07-29 03:00:00+00:00,1.24171,1.2415800000000001,1.2438890175091533,1.2373519649816935,1.2373519649816935,0.002179017509153241,21.790175091532408,1.9403400847153347,win,2,49,2019,Friday,NY
GBPUSD,-1,2019-07-29 07:30:00+00:00,2019-07-29 07:45:00+00:00,2019-07-29 08:15:00+00:00,1.23617,1.23603,1.2373639892063688,1.2337820215872626,1.2337820215872626,0.0011939892063687148,11.939892063687147,1.8827460087132373,win,2,2,2019,Monday,London
GBPUSD,-1,2019-07-30 09:15:00+00:00,2019-07-30 09:30:00+00:00,2019-07-30 10:30:00+00:00,1.21581,1.21568,1.2181256248184076,1.2111787503631848,1.2181556248184076,0.0023156248184075814,23.156248184075814,-1.0690958218827136,loss,1,4,2019,Tuesday,London
GBPUSD,-1,2019-08-01 08:00:00+00:00,2019-08-01 08:15:00+00:00,2019-08-01 15:45:00+00:00,1.21125,1.21112,1.2134001984374454,1.2069496031251088,1.2134301984374454,0.0021501984374455666,21.501984374455667,-1.0744117367092463,loss,2,30,2019,Thursday,London
GBPUSD,1,2019-09-20 08:30:00+00:00,2019-09-20 08:45:00+00:00,2019-09-20 09:15:00+00:00,1.2567,1.25683,1.255330522401598,1.259438955196804,1.255300522401598,0.0013694775984019652,13.694775984019651,-1.1168328712981996,loss,1,2,2019,Friday,London
GBPUSD,-1,2019-10-08 09:00:00+00:00,2019-10-08 09:15:00+00:00,2019-10-08 11:30:00+00:00,1.22771,1.2275800000000001,1.230300570270889,1.2225288594582222,1.2225288594582222,0.0025905702708889184,25.905702708889184,1.9498179989708138,win,1,9,2019,Tuesday,London
GBPUSD,1,2019-11-18 15:45:00+00:00,2019-11-18 16:00:00+00:00,2019-11-19 09:45:00+00:00,1.29659,1.29673,1.2942508255964664,1.3012683488070669,1.2942208255964665,0.002339174403533463,23.39174403533463,-1.07267521384606,loss,2,71,2019,Monday,NY
GBPUSD,1,2019-12-05 14:30:00+00:00,2019-12-05 14:45:00+00:00,2019-12-06 09:00:00+00:00,1.31487,1.315,1.3124434874749764,1.3197230250500473,1.3124134874749764,0.0024265125250236396,24.265125250236395,-1.0659382543258504,loss,1,73,2019,Thursday,NY
GBPUSD,1,2019-12-09 10:30:00+00:00,2019-12-09 10:45:00+00:00,2019-12-09 12:45:00+00:00,1.31674,1.31687,1.3149520170835904,1.320315965832819,1.3149220170835905,0.0017879829164095125,17.879829164095124,-1.0894863136171935,loss,2,8,2019,Monday,London
GBPUSD,1,2019-12-12 07:15:00+00:00,2019-12-12 07:30:00+00:00,2019-12-12 08:00:00+00:00,1.32203,1.32219,1.3204934554371168,1.3251030891257665,1.3204634554371169,0.0015365445628832066,15.365445628832065,-1.123654077199947,loss,2,2,2019,Thursday,London
GBPUSD,1,2019-12-30 07:15:00+00:00,2019-12-30 07:30:00+00:00,2019-12-30 08:15:00+00:00,1.31202,1.31215,1.3100497007911494,1.3159605984177014,1.3100197007911494,0.0019702992088506694,19.702992088506694,-1.081205940336957,loss,2,3,2019,Monday,London
GBPUSD,1,2020-01-06 15:45:00+00:00,2020-01-06 16:00:00+00:00,2020-01-07 08:30:00+00:00,1.31584,1.3159699999999999,1.3131729129539291,1.3211741740921417,1.3211741740921417,0.00266708704607086,26.6708704607086,1.9512576838497133,win,2,66,2020,Monday,NY
GBPUSD,-1,2020-02-06 14:45:00+00:00,2020-02-06 15:00:00+00:00,2020-02-07 16:30:00+00:00,1.29533,1.29519,1.2980035311753266,1.2899829376493468,1.2899829376493468,0.0026735311753266077,26.735311753266075,1.9476347980184507,win,2,102,2020,Thursday,NY
GBPUSD,-1,2020-03-02 15:45:00+00:00,2020-03-02 16:00:00+00:00,2020-03-02 17:00:00+00:00,1.27461,1.27451,1.2794047250588212,1.2650205498823577,1.2794347250588212,0.004794725058821126,47.947250588211254,-1.0271131292003572,loss,1,4,2020,Monday,NY
GBPUSD,-1,2020-03-12 08:15:00+00:00,2020-03-12 08:30:00+00:00,2020-03-12 11:15:00+00:00,1.27974,1.2796100000000001,1.282980466221385,1.27325906755723,1.27325906755723,0.0032404662213850665,32.40466221385066,1.9598823159636634,win,2,11,2020,Thursday,London
GBPUSD,-1,2020-03-17 09:15:00+00:00,2020-03-17 09:30:00+00:00,2020-03-17 14:00:00+00:00,1.21768,1.2175500000000001,1.2242727383252023,1.2044945233495956,1.2044945233495956,0.006592738325202274,65.92738325202274,1.9802813347675163,win,2,18,2020,Tuesday,London
GBPUSD,-1,2020-05-14 08:45:00+00:00,2020-05-14 09:00:00+00:00,2020-05-14 10:00:00+00:00,1.21905,1.2189400000000001,1.2219052727026944,1.213339454594611,1.2219352727026944,0.002855272702694474,28.55272702694474,-1.0490320941560836,loss,1,4,2020,Thursday,London
GBPUSD,-1,2020-05-21 08:30:00+00:00,2020-05-21 08:45:00+00:00,2020-05-21 09:30:00+00:00,1.21911,1.21901,1.220854496332567,1.2156210073348659,1.220884496332567,0.0017444963325669726,17.444963325669725,-1.0745200764100855,loss,3,3,2020,Thursday,London
GBPUSD,1,2020-06-08 15:45:00+00:00,2020-06-08 16:00:00+00:00,2020-06-09 09:15:00+00:00,1.2697,1.2698399999999999,1.2653451520792893,1.2784096958414213,1.2653151520792894,0.004354847920710664,43.54847920710664,-1.0390369544689175,loss,0,69,2020,Monday,NY
GBPUSD,1,2020-06-10 09:15:00+00:00,2020-06-10 09:30:00+00:00,2020-06-10 10:15:00+00:00,1.2772,1.27731,1.274655560360987,1.2822888792780258,1.274625560360987,0.002544439639012935,25.44439639012935,-1.0550219379754107,loss,2,3,2020,Wednesday,London
GBPUSD,-1,2020-06-30 09:30:00+00:00,2020-06-30 09:45:00+00:00,2020-06-30 14:00:00+00:00,1.2277,1.2275800000000001,1.2294235804137918,1.2242528391724161,1.2294535804137918,0.0017235804137919245,17.235804137919246,-1.087028141419744,loss,3,17,2020,Tuesday,London
GBPUSD,1,2020-07-09 09:00:00+00:00,2020-07-09 09:15:00+00:00,2020-07-09 15:30:00+00:00,1.26408,1.26423,1.2624150981466666,1.2674098037066668,1.2623850981466667,0.0016649018533333856,16.649018533333855,-1.1081144811266381,loss,2,25,2020,Thursday,London
GBPUSD,1,2020-07-15 10:30:00+00:00,2020-07-15 10:45:00+00:00,2020-07-15 13:00:00+00:00,1.26035,1.26048,1.2585228190658246,1.264004361868351,1.264004361868351,0.001827180934175463,18.27180934175463,1.9288521472786342,win,2,9,2020,Wednesday,London
GBPUSD,1,2020-07-21 09:45:00+00:00,2020-07-21 10:00:00+00:00,2020-07-21 15:45:00+00:00,1.26953,1.26966,1.266985072912904,1.274619854174192,1.274619854174192,0.0025449270870959804,25.449270870959804,1.9489179864291029,win,1,23,2020,Tuesday,London
GBPUSD,1,2020-07-27 07:30:00+00:00,2020-07-27 07:45:00+00:00,2020-07-27 07:45:00+00:00,1.28321,1.2833299999999999,1.2819678731571635,1.2856942536856728,1.2819378731571636,0.001242126842836367,12.42126842836367,-1.1207606138334518,loss,2,0,2020,Monday,London
GBPUSD,1,2020-07-27 10:30:00+00:00,2020-07-27 10:45:00+00:00,2020-07-28 14:45:00+00:00,1.28471,1.28486,1.2805525683327925,1.2930248633344148,1.2930248633344148,0.004157431667207437,41.574316672074374,1.9639200323644228,win,1,112,2020,Monday,London
GBPUSD,1,2020-07-29 13:45:00+00:00,2020-07-29 14:00:00+00:00,2020-07-29 16:00:00+00:00,1.2979,1.29803,1.2956830074639152,1.3023339850721698,1.2956530074639152,0.0022169925360848463,22.169925360848463,-1.0721698415288847,loss,1,8,2020,Wednesday,NY
GBPUSD,1,2020-07-30 10:30:00+00:00,2020-07-30 10:45:00+00:00,2020-07-31 00:15:00+00:00,1.30035,1.30049,1.2949572254928636,1.3111355490142726,1.3111355490142726,0.005392774507136335,53.92774507136335,1.9740393372994403,win,1,54,2020,Thursday,London
GBPUSD,1,2020-07-31 07:30:00+00:00,2020-07-31 07:45:00+00:00,2020-07-31 09:15:00+00:00,1.31375,1.31388,1.3118287305404086,1.3175925389191827,1.3117987305404086,0.0019212694595913446,19.212694595913444,-1.083278271666273,loss,2,6,2020,Friday,London
GBPUSD,1,2020-07-31 14:45:00+00:00,2020-07-31 15:00:00+00:00,2020-07-31 15:45:00+00:00,1.3161,1.31623,1.3121341655977001,1.3240316688045999,1.3121041655977002,0.003965834402299916,39.65834402299916,-1.0403445993375693,loss,2,3,2020,Friday,NY
GBPUSD,1,2020-08-13 08:30:00+00:00,2020-08-13 08:45:00+00:00,2020-08-13 14:45:00+00:00,1.30776,1.30786,1.3054685159506907,1.312342968098619,1.312342968098619,0.0022914840493094466,22.914840493094466,1.9563601588105723,win,2,24,2020,Thursday,London
GBPUSD,1,2020-08-28 09:15:00+00:00,2020-08-28 09:30:00+00:00,2020-08-28 15:45:00+00:00,1.32771,1.32783,1.3252786579190496,1.3325726841619008,1.3325726841619008,0.002431342080950381,24.313420809503807,1.95064454280611,win,2,25,2020,Friday,London
GBPUSD,1,2020-09-01 08:30:00+00:00,2020-09-01 08:45:00+00:00,2020-09-01 11:15:00+00:00,1.34127,1.3413899999999999,1.3392788903464032,1.3452522193071934,1.3452522193071934,0.0019911096535967536,19.911096535967534,1.9397320987404234,win,3,10,2020,Tuesday,London
GBPUSD,-1,2020-09-23 08:15:00+00:00,2020-09-23 08:30:00+00:00,2020-09-23 10:00:00+00:00,1.26872,1.26859,1.2728086308523063,1.2605427382953875,1.2728386308523063,0.004088630852306302,40.88630852306302,-1.0391329043338913,loss,1,6,2020,Wednesday,London
GBPUSD,1,2020-11-05 15:45:00+00:00,2020-11-05 16:00:00+00:00,2020-11-09 14:15:00+00:00,1.31108,1.31124,1.3063843015391996,1.3204713969216009,1.3204713969216009,0.00469569846080047,46.956984608004696,1.9659262618041375,win,2,185,2020,Thursday,NY
GBPUSD,1,2020-11-10 09:15:00+00:00,2020-11-10 09:30:00+00:00,2020-11-12 09:00:00+00:00,1.32245,1.32259,1.3165857460673707,1.3341785078652586,1.3165557460673707,0.005864253932629335,58.642539326293345,-1.028989194866547,loss,2,190,2020,Tuesday,London
GBPUSD,1,2020-11-13 09:15:00+00:00,2020-11-13 09:30:00+00:00,2020-11-13 20:45:00+00:00,1.31566,1.31579,1.3138193647231131,1.319341270553774,1.319341270553774,0.0018406352768869103,18.4063527688691,1.9293722109793634,win,2,45,2020,Friday,London
GBPUSD,1,2020-11-17 15:45:00+00:00,2020-11-17 16:00:00+00:00,2020-11-17 17:00:00+00:00,1.32591,1.32601,1.3241001132072083,1.3295297735855833,1.3240701132072084,0.0018098867927916684,18.098867927916682,-1.0718276969132245,loss,2,4,2020,Tuesday,NY
GBPUSD,1,2020-12-03 10:00:00+00:00,2020-12-03 10:15:00+00:00,2020-12-03 15:00:00+00:00,1.34153,1.34164,1.3383646840714791,1.3478606318570412,1.3478606318570412,0.0031653159285207006,31.653159285207003,1.9652483346104535,win,2,19,2020,Thursday,London
GBPUSD,1,2020-12-17 14:45:00+00:00,2020-12-17 15:00:00+00:00,2020-12-17 15:00:00+00:00,1.36033,1.36046,1.3580799553215077,1.3648300893569845,1.3580499553215077,0.0022500446784922278,22.500446784922275,-1.0711096990781765,loss,3,0,2020,Thursday,NY
GBPUSD,1,2020-12-22 09:30:00+00:00,2020-12-22 09:45:00+00:00,2020-12-22 10:00:00+00:00,1.34422,1.34436,1.3397852046443455,1.3530895907113087,1.3397552046443455,0.004434795355654419,44.34795355654419,-1.038333223151623,loss,1,1,2020,Tuesday,London
GBPUSD,1,2020-12-24 13:45:00+00:00,2020-12-24 14:00:00+00:00,2020-12-24 15:00:00+00:00,1.35895,1.3590499999999999,1.3552269531127783,1.3663960937744437,1.3551969531127783,0.003723046887221794,37.23046887221794,-1.0349176370692337,loss,2,4,2020,Thursday,NY
GBPUSD,1,2020-12-30 14:45:00+00:00,2020-12-30 15:00:00+00:00,2020-12-31 08:45:00+00:00,1.36036,1.3605399999999999,1.357068442763362,1.3669431144732764,1.3669431144732764,0.0032915572366381983,32.91557236638198,1.9453146377051411,win,3,71,2020,Wednesday,NY
GBPUSD,1,2020-12-31 15:00:00+00:00,2020-12-31 15:15:00+00:00,2021-01-04 13:15:00+00:00,1.36671,1.36683,1.3627282622700978,1.3746734754598045,1.3626982622700978,0.003981737729902211,39.817377299022105,-1.037671994032524,loss,2,88,2020,Thursday,NY
GBPUSD,1,2021-01-12 15:15:00+00:00,2021-01-12 15:30:00+00:00,2021-01-15 15:45:00+00:00,1.36264,1.36275,1.3578649074990239,1.3721901850019527,1.357834907499024,0.0047750925009762794,47.750925009762796,-1.0293188037658099,loss,2,289,2021,Tuesday,NY
GBPUSD,1,2021-01-20 07:45:00+00:00,2021-01-20 08:00:00+00:00,2021-01-20 10:30:00+00:00,1.36692,1.36703,1.3651283799543195,1.3705032400913606,1.3705032400913606,0.001791620045680381,17.91620045680381,1.9386030535518155,win,2,10,2021,Wednesday,London
GBPUSD,1,2021-01-21 14:45:00+00:00,2021-01-21 15:00:00+00:00,2021-01-21 17:15:00+00:00,1.37266,1.37279,1.370537812352836,1.3769043752943277,1.370507812352836,0.0021221876471638947,21.221876471638947,-1.075393898467864,loss,3,9,2021,Thursday,NY
GBPUSD,1,2021-01-25 07:30:00+00:00,2021-01-25 07:45:00+00:00,2021-01-25 08:00:00+00:00,1.37175,1.37191,1.370292706061079,1.3746645878778423,1.370262706061079,0.0014572939389211072,14.572939389211072,-1.1303786387394794,loss,1,1,2021,Monday,London
GBPUSD,1,2021-02-05 14:30:00+00:00,2021-02-05 14:45:00+00:00,2021-02-08 11:45:00+00:00,1.37231,1.37243,1.3682565826886068,1.3804168346227863,1.3682265826886069,0.004053417311393157,40.534173113931566,-1.0370058122509138,loss,0,84,2021,Friday,NY
GBPUSD,1,2021-02-09 07:45:00+00:00,2021-02-09 08:00:00+00:00,2021-02-09 08:15:00+00:00,1.37819,1.37832,1.376807773950015,1.38095445209997,1.376777773950015,0.0013822260499848967,13.822260499848966,-1.1157553064505885,loss,2,1,2021,Tuesday,London
GBPUSD,1,2021-02-09 13:45:00+00:00,2021-02-09 14:00:00+00:00,2021-02-09 19:30:00+00:00,1.37832,1.37845,1.3767661976354102,1.3814276047291796,1.3814276047291796,0.00155380236458982,15.5380236458982,1.916334275862471,win,1,22,2021,Tuesday,NY
GBPUSD,1,2021-02-10 15:00:00+00:00,2021-02-10 15:15:00+00:00,2021-02-10 20:45:00+00:00,1.38596,1.38609,1.3829751998170465,1.3919296003659072,1.3829451998170466,0.0029848001829535734,29.848001829535733,-1.0536049283679652,loss,2,22,2021,Wednesday,NY
GBPUSD,1,2021-02-15 10:00:00+00:00,2021-02-15 10:15:00+00:00,2021-02-16 13:45:00+00:00,1.39076,1.39092,1.38849912704068,1.39528174591864,1.38846912704068,0.0022608729593200216,22.608729593200213,-1.0840383353769367,loss,1,110,2021,Monday,London
GBPUSD,1,2021-02-19 10:15:00+00:00,2021-02-19 10:30:00+00:00,2021-02-22 15:00:00+00:00,1.39983,1.39995,1.397099851010675,1.4052902979786501,1.4052902979786501,0.0027301489893250997,27.301489893250995,1.9560463548072649,win,1,114,2021,Friday,London
GBPUSD,1,2021-03-11 09:00:00+00:00,2021-03-11 09:15:00+00:00,2021-03-12 01:00:00+00:00,1.39531,1.3954499999999999,1.392918312059962,1.400093375880076,1.400093375880076,0.0023916879400380053,23.91687940038005,1.941463935300164,win,1,63,2021,Thursday,London
GBPUSD,1,2021-03-18 08:00:00+00:00,2021-03-18 08:15:00+00:00,2021-03-18 12:00:00+00:00,1.39696,1.3970799999999999,1.3943695283541795,1.4021409432916412,1.3943395283541795,0.0025904716458205737,25.904716458205737,-1.0579045133506084,loss,1,15,2021,Thursday,London
GBPUSD,-1,2021-03-30 14:30:00+00:00,2021-03-30 14:45:00+00:00,2021-03-31 08:15:00+00:00,1.37251,1.37239,1.3757375053701186,1.3660549892597627,1.3757675053701186,0.0032275053701186405,32.2750537011864,-1.0464755229809117,loss,1,70,2021,Tuesday,NY
GBPUSD,1,2021-04-20 07:45:00+00:00,2021-04-20 08:00:00+00:00,2021-04-20 09:00:00+00:00,1.4008,1.40092,1.398511053536426,1.4053778929271479,1.398481053536426,0.00228894646357396,22.8894646357396,-1.0655323321829593,loss,3,4,2021,Tuesday,London
GBPUSD,1,2021-04-26 10:00:00+00:00,2021-04-26 10:15:00+00:00,2021-04-26 12:00:00+00:00,1.3914,1.39154,1.3892088399001985,1.395782320199603,1.3891788399001985,0.0021911600998014724,21.911600998014723,-1.0775844722690067,loss,2,7,2021,Monday,London
GBPUSD,1,2021-04-29 07:30:00+00:00,2021-04-29 07:45:00+00:00,2021-04-29 09:30:00+00:00,1.39611,1.39624,1.3942246196902912,1.3998807606194175,1.3941946196902912,0.001885380309708725,18.853803097087248,-1.0848635148972583,loss,1,7,2021,Thursday,London
GBPUSD,1,2021-05-18 15:30:00+00:00,2021-05-18 15:45:00+00:00,2021-05-18 16:30:00+00:00,1.42033,1.42047,1.4182827950879002,1.4244244098241998,1.4182527950879003,0.002047204912099858,20.472049120998577,-1.0830400508493387,loss,2,3,2021,Tuesday,NY
GBPUSD,1,2021-05-20 15:00:00+00:00,2021-05-20 15:15:00+00:00,2021-05-21 11:15:00+00:00,1.41562,1.41575,1.411957424264057,1.4229451514718863,1.4229451514718863,0.003662575735943093,36.62575735943093,1.9645058534287199,win,2,80,2021,Thursday,NY
GBPUSD,1,2021-05-25 09:45:00+00:00,2021-05-25 10:00:00+00:00,2021-05-25 11:30:00+00:00,1.41856,1.41869,1.4167836293751428,1.4221127412497145,1.4167536293751428,0.0017763706248572968,17.763706248572966,-1.0900712935470565,loss,2,6,2021,Tuesday,London
GBPUSD,1,2021-06-01 07:45:00+00:00,2021-06-01 08:00:00+00:00,2021-06-01 09:00:00+00:00,1.4235,1.42363,1.421124744343866,1.4282505113122683,1.421094744343866,0.0023752556561341307,23.752556561341304,-1.0673611699804446,loss,1,4,2021,Tuesday,London
GBPUSD,-1,2021-06-18 09:45:00+00:00,2021-06-18 10:00:00+00:00,2021-06-18 10:15:00+00:00,1.38792,1.38774,1.3900043023373614,1.3837513953252774,1.3900343023373614,0.0020843023373613807,20.843023373613807,-1.1007531375058839,loss,3,1,2021,Friday,London
GBPUSD,-1,2021-06-22 08:00:00+00:00,2021-06-22 08:15:00+00:00,2021-06-22 15:30:00+00:00,1.38884,1.38872,1.3912904868618376,1.383939026276325,1.3913204868618376,0.002450486861837608,24.50486861837608,-1.0612123257365997,loss,1,29,2021,Tuesday,London
GBPUSD,-1,2021-07-19 07:45:00+00:00,2021-07-19 08:00:00+00:00,2021-07-19 08:00:00+00:00,1.37469,1.37457,1.3761570741664633,1.3717558516670731,1.3717558516670731,0.0014670741664633835,14.670741664633834,1.9182045442943614,win,2,0,2021,Monday,London
GBPUSD,-1,2021-08-13 09:15:00+00:00,2021-08-13 09:30:00+00:00,2021-08-13 12:15:00+00:00,1.37976,1.3796300000000001,1.3810498654379857,1.3771802691240287,1.3810798654379857,0.0012898654379856964,12.898654379856962,-1.124043946979227,loss,2,11,2021,Friday,London
GBPUSD,-1,2021-08-17 07:15:00+00:00,2021-08-17 07:30:00+00:00,2021-08-17 13:30:00+00:00,1.38095,1.38082,1.3830438035537782,1.3767623928924433,1.3767623928924433,0.0020938035537783396,20.938035537783396,1.9379120358424071,win,1,24,2021,Tuesday,London
GBPUSD,-1,2021-08-20 07:30:00+00:00,2021-08-20 07:45:00+00:00,2021-08-20 14:45:00+00:00,1.3618,1.36168,1.363565299360746,1.3582694012785073,1.363595299360746,0.0017652993607463188,17.652993607463188,-1.0849714237342423,loss,2,28,2021,Friday,London
GBPUSD,-1,2021-09-07 15:00:00+00:00,2021-09-07 15:15:00+00:00,2021-09-08 09:15:00+00:00,1.37841,1.37829,1.3800967690438162,1.3750364619123674,1.3750364619123674,0.0016867690438162712,16.86769043816271,1.928858073107376,win,3,72,2021,Tuesday,NY
GBPUSD,-1,2021-09-08 15:15:00+00:00,2021-09-08 15:30:00+00:00,2021-09-08 17:15:00+00:00,1.37417,1.37403,1.3777656216664729,1.366978756667054,1.3777956216664728,0.003595621666472995,35.95621666472995,-1.0472797240001404,loss,2,7,2021,Wednesday,NY
GBPUSD,-1,2021-09-20 07:30:00+00:00,2021-09-20 07:45:00+00:00,2021-09-20 13:15:00+00:00,1.36952,1.36938,1.3715802864816333,1.3653994270367336,1.3653994270367336,0.0020602864816333015,20.602864816333014,1.932048284911749,win,2,22,2021,Monday,London
GBPUSD,-1,2021-09-24 10:15:00+00:00,2021-09-24 10:30:00+00:00,2021-09-24 13:15:00+00:00,1.37048,1.37035,1.3723395544806891,1.3667608910386215,1.3667608910386215,0.0018595544806892315,18.595544806892313,1.9300907817705613,win,2,11,2021,Friday,London
GBPUSD,-1,2021-09-29 09:30:00+00:00,2021-09-29 09:45:00+00:00,2021-10-01 14:15:00+00:00,1.35047,1.35032,1.3555593963646553,1.3402912072706898,1.3555893963646553,0.0050893963646551086,50.893963646551086,-1.0353676520952946,loss,2,210,2021,Wednesday,London
GBPUSD,1,2021-10-26 13:45:00+00:00,2021-10-26 14:00:00+00:00,2021-10-26 14:30:00+00:00,1.38054,1.38067,1.378926256714839,1.383767486570322,1.378896256714839,0.0016137432851609766,16.137432851609766,-1.0991483598855458,loss,2,2,2021,Tuesday,NY
GBPUSD,-1,2021-11-04 07:30:00+00:00,2021-11-04 07:45:00+00:00,2021-11-04 09:15:00+00:00,1.36576,1.36561,1.3670639314061988,1.3631521371876025,1.3631521371876025,0.0013039314061987657,13.039314061987657,1.8849632739214763,win,1,6,2021,Thursday,London
GBPUSD,-1,2021-11-09 14:45:00+00:00,2021-11-09 15:00:00+00:00,2021-11-10 11:00:00+00:00,1.35532,1.35521,1.3573941442891793,1.3511717114216417,1.3511717114216417,0.0020741442891791693,20.741442891791692,1.946966081109254,win,2,80,2021,Tuesday,NY
GBPUSD,-1,2021-11-11 10:30:00+00:00,2021-11-11 10:45:00+00:00,2021-11-11 12:45:00+00:00,1.3387,1.33858,1.341141988079379,1.3338160238412424,1.3411719880793789,0.0024419880793788017,24.419880793788014,-1.0614253612729045,loss,3,8,2021,Thursday,London
GBPUSD,-1,2021-11-11 15:30:00+00:00,2021-11-11 15:45:00+00:00,2021-11-12 15:15:00+00:00,1.3387,1.33858,1.3417902334617575,1.3325195330764847,1.3418202334617575,0.0030902334617575926,30.902334617575924,-1.048540021929115,loss,1,94,2021,Thursday,NY
GBPUSD,-1,2021-11-23 10:15:00+00:00,2021-11-23 10:30:00+00:00,2021-11-24 16:00:00+00:00,1.33738,1.33727,1.3398928195436715,1.3323543609126574,1.3323543609126574,0.0025128195436713674,25.12819543671367,1.9562244729124425,win,1,118,2021,Tuesday,London
GBPUSD,-1,2021-11-26 07:30:00+00:00,2021-11-26 07:45:00+00:00,2021-11-26 08:30:00+00:00,1.32962,1.32948,1.3308959306977992,1.3270681386044016,1.3309259306977992,0.0012759306977991843,12.759306977991843,-1.1332360764524556,loss,0,3,2021,Friday,London
GBPUSD,-1,2021-12-09 10:15:00+00:00,2021-12-09 10:30:00+00:00,2021-12-09 10:45:00+00:00,1.32018,1.32004,1.3212812847433892,1.317977430513221,1.317977430513221,0.0011012847433893962,11.012847433893961,1.8728757473123234,win,1,1,2021,Thursday,London
GBPUSD,-1,2021-12-13 08:30:00+00:00,2021-12-13 08:45:00+00:00,2021-12-13 10:00:00+00:00,1.32289,1.32275,1.3248031988865732,1.3190636022268534,1.3248331988865731,0.001913198886573288,19.13198886573288,-1.0888564180090252,loss,0,5,2021,Monday,London
GBPUSD,1,2021-12-31 08:00:00+00:00,2021-12-31 08:15:00+00:00,2021-12-31 11:00:00+00:00,1.35109,1.3512199999999999,1.3492869473107052,1.3546961053785893,1.3492569473107052,0.001803052689294721,18.030526892947208,-1.0887383940302413,loss,0,11,2021,Friday,London
GBPUSD,1,2022-01-04 14:30:00+00:00,2022-01-04 14:45:00+00:00,2022-01-11 08:00:00+00:00,1.35244,1.35258,1.3477589394375884,1.3618021211248232,1.3618021211248232,0.004681060562411601,46.81060562411601,1.9700922476577125,win,1,452,2022,Tuesday,NY
GBPUSD,1,2022-01-13 09:15:00+00:00,2022-01-13 09:30:00+00:00,2022-01-13 17:15:00+00:00,1.37413,1.37425,1.3708902757517114,1.3806094484965774,1.3708602757517114,0.00323972424828867,32.397242482886696,-1.0463002368424117,loss,2,31,2022,Thursday,London
GBPUSD,1,2022-01-19 14:30:00+00:00,2022-01-19 14:45:00+00:00,2022-01-19 20:45:00+00:00,1.36427,1.36441,1.361941171675588,1.3689276566488242,1.361911171675588,0.0023288283244120916,23.288283244120915,-1.0729980815750615,loss,1,24,2022,Wednesday,NY
GBPUSD,1,2022-01-20 07:30:00+00:00,2022-01-20 07:45:00+00:00,2022-01-20 09:45:00+00:00,1.36334,1.36347,1.3619586903870782,1.3661026192258434,1.3619286903870782,0.0013813096129217225,13.813096129217225,-1.115832104912097,loss,1,8,2022,Thursday,London
GBPUSD,-1,2022-03-02 09:00:00+00:00,2022-03-02 09:15:00+00:00,2022-03-02 09:30:00+00:00,1.32884,1.32871,1.330757548136378,1.3250049037272442,1.330787548136378,0.0019175481363779391,19.17548136377939,-1.0834398870957338,loss,2,1,2022,Wednesday,London
GBPUSD,-1,2022-03-04 08:00:00+00:00,2022-03-04 08:15:00+00:00,2022-03-04 13:15:00+00:00,1.33169,1.33154,1.3345825074016253,1.3259049851967495,1.3259049851967495,0.0028925074016253284,28.925074016253284,1.9481418785943605,win,1,20,2022,Friday,London
GBPUSD,-1,2022-03-08 07:45:00+00:00,2022-03-08 08:00:00+00:00,2022-03-08 08:00:00+00:00,1.30912,1.30897,1.3118678653317306,1.3036242693365392,1.3118978653317306,0.0027478653317304573,27.478653317304573,-1.0655053935582808,loss,1,0,2022,Tuesday,London
GBPUSD,-1,2022-03-11 07:15:00+00:00,2022-03-11 07:30:00+00:00,2022-03-11 08:45:00+00:00,1.30881,1.3087,1.3102396556683404,1.305950688663319,1.305950688663319,0.0014296556683405044,14.296556683405043,1.9230583962027024,win,1,5,2022,Friday,London
GBPUSD,-1,2022-04-19 15:30:00+00:00,2022-04-19 15:45:00+00:00,2022-04-20 02:00:00+00:00,1.29907,1.2989300000000001,1.3025024645699652,1.2922050708600694,1.3025324645699652,0.0034324645699653185,34.32464569965318,-1.0495270953376354,loss,3,41,2022,Tuesday,NY
GBPUSD,-1,2022-04-27 09:30:00+00:00,2022-04-27 09:45:00+00:00,2022-04-27 10:30:00+00:00,1.25486,1.25474,1.259724706250622,1.2451305874987564,1.259754706250622,0.004864706250621905,48.64706250621905,-1.0308343386573398,loss,2,3,2022,Wednesday,London
GBPUSD,-1,2022-05-06 07:15:00+00:00,2022-05-06 07:30:00+00:00,2022-05-06 07:45:00+00:00,1.23427,1.23414,1.2373728717021657,1.2280642565956685,1.2280642565956685,0.0031028717021657714,31.028717021657712,1.9581033273437234,win,2,1,2022,Friday,London
GBPUSD,-1,2022-05-06 13:45:00+00:00,2022-05-06 14:00:00+00:00,2022-05-09 13:00:00+00:00,1.23224,1.23207,1.2381405275521276,1.2204389448957447,1.2381705275521275,0.005900527552127628,59.00527552127628,-1.0338952743179357,loss,2,92,2022,Friday,NY
GBPUSD,-1,2022-05-12 08:15:00+00:00,2022-05-12 08:30:00+00:00,2022-05-12 13:30:00+00:00,1.21927,1.21916,1.2222130191762555,1.2133839616474893,1.2222430191762554,0.002943019176255367,29.43019176255367,-1.0475701963240978,loss,1,20,2022,Thursday,London
GBPUSD,-1,2022-05-19 08:00:00+00:00,2022-05-19 08:15:00+00:00,2022-05-19 09:15:00+00:00,1.23399,1.23388,1.2392886462129094,1.2233927075741808,1.2393186462129093,0.00529864621290954,52.9864621290954,-1.0264218433113355,loss,0,4,2022,Thursday,London
GBPUSD,-1,2022-06-13 08:15:00+00:00,2022-06-13 08:30:00+00:00,2022-06-13 12:45:00+00:00,1.22561,1.22547,1.23015901464685,1.2165119707063003,1.2165119707063003,0.004549014646849866,45.49014646849866,1.9692241043679712,win,2,17,2022,Monday,London
GBPUSD,-1,2022-06-22 07:30:00+00:00,2022-06-22 07:45:00+00:00,2022-06-22 10:45:00+00:00,1.22161,1.2214800000000001,1.2244488135696685,1.2159323728606635,1.2244788135696685,0.00283881356966832,28.388135696683197,-1.056361573619902,loss,2,12,2022,Wednesday,London
GBPUSD,-1,2022-06-29 07:15:00+00:00,2022-06-29 07:30:00+00:00,2022-06-29 09:00:00+00:00,1.21842,1.2183,1.2210441470374187,1.213171705925163,1.2210741470374187,0.0026241470374185863,26.241470374185862,-1.0571614310712216,loss,1,6,2022,Wednesday,London
GBPUSD,-1,2022-06-29 09:15:00+00:00,2022-06-29 09:30:00+00:00,2022-06-29 14:30:00+00:00,1.21816,1.21804,1.2212723084466135,1.2119353831067727,1.2119353831067727,0.003112308446613562,31.12308446613562,1.9614434102344784,win,2,20,2022,Wednesday,London
GBPUSD,-1,2022-07-01 07:15:00+00:00,2022-07-01 07:30:00+00:00,2022-07-01 08:15:00+00:00,1.21271,1.21259,1.213974405110058,1.2101811897798838,1.2101811897798838,0.0012644051100580552,12.644051100580551,1.905093708460018,win,2,3,2022,Friday,London
GBPUSD,-1,2022-07-11 10:15:00+00:00,2022-07-11 10:30:00+00:00,2022-07-11 14:00:00+00:00,1.1956,1.19547,1.1983255878263095,1.1901488243473808,1.1901488243473808,0.0027255878263096013,27.25587826309601,1.952303866804405,win,2,14,2022,Monday,London
GBPUSD,-1,2022-07-12 08:00:00+00:00,2022-07-12 08:15:00+00:00,2022-07-12 09:15:00+00:00,1.18521,1.18509,1.1874248454049663,1.1807803091900677,1.1807803091900677,0.002214845404966231,22.14845404966231,1.9458201463040592,win,1,4,2022,Tuesday,London
GBPUSD,1,2022-08-11 14:45:00+00:00,2022-08-11 15:00:00+00:00,2022-08-11 16:00:00+00:00,1.22421,1.22434,1.2200651246863699,1.2324997506272606,1.2200351246863699,0.004144875313630242,41.448753136302415,-1.0386018849526577,loss,1,4,2022,Thursday,NY
GBPUSD,-1,2022-08-16 10:30:00+00:00,2022-08-16 10:45:00+00:00,2022-08-16 14:00:00+00:00,1.20259,1.20247,1.2059095369067827,1.1959509261864347,1.2059395369067827,0.003319536906782624,33.195369067826235,-1.045187025844974,loss,2,13,2022,Tuesday,London
GBPUSD,-1,2022-08-19 09:00:00+00:00,2022-08-19 09:15:00+00:00,2022-08-19 15:30:00+00:00,1.18868,1.18855,1.1926652438892535,1.1807095122214928,1.1807095122214928,0.0039852438892536025,39.85243889253602,1.9673796626724538,win,2,25,2022,Friday,London
GBPUSD,-1,2022-08-29 07:45:00+00:00,2022-08-29 08:00:00+00:00,2022-08-29 08:15:00+00:00,1.16665,1.16652,1.1680888660433093,1.163772267913381,1.1681188660433093,0.001438866043309438,14.38866043309438,-1.1111986767245086,loss,3,1,2022,Monday,London
GBPUSD,-1,2022-09-01 14:45:00+00:00,2022-09-01 15:00:00+00:00,2022-09-01 15:45:00+00:00,1.15569,1.15557,1.1584683221679966,1.1501333556640072,1.1501333556640072,0.0027783221679964975,27.783221679964974,1.9568084646976884,win,1,3,2022,Thursday,NY
GBPUSD,-1,2022-09-05 08:00:00+00:00,2022-09-05 08:15:00+00:00,2022-09-05 09:00:00+00:00,1.14658,1.14645,1.1487776052175338,1.1421847895649324,1.1488076052175338,0.0021976052175337944,21.976052175337944,-1.0728065253592594,loss,2,3,2022,Monday,London
GBPUSD,-1,2022-09-07 14:45:00+00:00,2022-09-07 15:00:00+00:00,2022-09-07 15:30:00+00:00,1.14126,1.14109,1.145505551490788,1.132768897018424,1.145535551490788,0.004245551490787942,42.45551490787942,-1.0471081319903854,loss,2,2,2022,Wednesday,NY
GBPUSD,-1,2022-09-15 15:15:00+00:00,2022-09-15 15:30:00+00:00,2022-09-16 07:00:00+00:00,1.14909,1.14896,1.1518691174551965,1.1435317650896069,1.1435317650896069,0.0027791174551965846,27.791174551965845,1.95322256000481,win,2,62,2022,Thursday,NY
GBPUSD,-1,2022-09-19 08:00:00+00:00,2022-09-19 08:15:00+00:00,2022-09-19 15:30:00+00:00,1.13828,1.13815,1.14051626726635,1.1338074654672998,1.14054626726635,0.0022362672663500324,22.362672663500323,-1.0715477986050923,loss,2,29,2022,Monday,London
GBPUSD,-1,2022-09-21 08:30:00+00:00,2022-09-21 08:45:00+00:00,2022-09-21 19:00:00+00:00,1.13383,1.13372,1.1383535588735172,1.1247828822529653,1.1247828822529653,0.004523558873517276,45.23558873517276,1.9756828631890313,win,1,41,2022,Wednesday,London
GBPUSD,-1,2022-09-22 07:45:00+00:00,2022-09-22 08:00:00+00:00,2022-09-22 08:30:00+00:00,1.1219,1.12178,1.125629331986428,1.114441336027144,1.1256593319864279,0.0037293319864279547,37.293319864279546,-1.0402216805974382,loss,1,2,2022,Thursday,London
GBPUSD,-1,2022-09-23 07:45:00+00:00,2022-09-23 08:00:00+00:00,2022-09-23 09:15:00+00:00,1.12185,1.1217000000000001,1.1245055971939415,1.1165388056121173,1.1165388056121173,0.0026555971939414037,26.555971939414036,1.9435155300125517,win,2,5,2022,Friday,London
GBPUSD,-1,2022-09-28 07:15:00+00:00,2022-09-28 07:30:00+00:00,2022-09-28 08:45:00+00:00,1.06761,1.06748,1.070485755507311,1.0618584889853775,1.070515755507311,0.002875755507311184,28.757555073111842,-1.0556375531901425,loss,2,5,2022,Wednesday,London
GBPUSD,-1,2022-10-07 14:45:00+00:00,2022-10-07 15:00:00+00:00,2022-10-13 12:30:00+00:00,1.11148,1.11133,1.1215512824263392,1.091337435147322,1.1215812824263391,0.01007128242633905,100.7128242633905,-1.0178725997723406,loss,1,374,2022,Friday,NY
GBPUSD,1,2022-11-01 08:00:00+00:00,2022-11-01 08:15:00+00:00,2022-11-01 14:00:00+00:00,1.15418,1.15437,1.1499652688653643,1.1626094622692713,1.1499352688653643,0.004214731134635632,42.14731134635632,-1.0521978728825694,loss,1,23,2022,Tuesday,London
GBPUSD,1,2022-11-07 15:45:00+00:00,2022-11-07 16:00:00+00:00,2022-11-07 18:15:00+00:00,1.14654,1.14668,1.1433475305846426,1.1529249388307146,1.1529249388307146,0.0031924694153572814,31.924694153572812,1.956146799926585,win,3,9,2022,Monday,NY
GBPUSD,1,2022-11-11 09:45:00+00:00,2022-11-11 10:00:00+00:00,2022-11-11 19:15:00+00:00,1.17551,1.17564,1.1707695051769331,1.1849909896461341,1.1849909896461341,0.004740494823066996,47.40494823066996,1.9725767024642034,win,2,37,2022,Friday,London
GBPUSD,1,2022-11-14 09:30:00+00:00,2022-11-14 09:45:00+00:00,2022-11-14 10:30:00+00:00,1.18036,1.18048,1.1754154573295155,1.1902490853409693,1.1753854573295155,0.004944542670484636,49.44542670484636,-1.0303364759890206,loss,3,3,2022,Monday,London
GBPUSD,1,2022-11-16 09:45:00+00:00,2022-11-16 10:00:00+00:00,2022-11-16 14:45:00+00:00,1.18952,1.18967,1.1843792976857404,1.1998014046285193,1.1843492976857404,0.005140702314259645,51.407023142596444,-1.0350146709527777,loss,2,19,2022,Wednesday,London
GBPUSD,1,2022-11-22 15:15:00+00:00,2022-11-22 15:30:00+00:00,2022-11-22 16:30:00+00:00,1.18825,1.18838,1.1861107202510026,1.1925285594979946,1.1860807202510026,0.002139279748997325,21.39279748997325,-1.0747915274171216,loss,2,4,2022,Tuesday,NY
GBPUSD,1,2022-11-23 10:30:00+00:00,2022-11-23 10:45:00+00:00,2022-11-23 14:45:00+00:00,1.19164,1.19177,1.1872519842510807,1.2004160314978385,1.2004160314978385,0.004388015748919266,43.88015748919266,1.9703738529124333,win,2,16,2022,Wednesday,London
GBPUSD,1,2022-11-24 13:45:00+00:00,2022-11-24 14:00:00+00:00,2022-11-25 08:00:00+00:00,1.21168,1.21181,1.2086034848684557,1.2178330302630889,1.2085734848684557,0.003076515131544349,30.76515131544349,-1.052006895191073,loss,2,72,2022,Thursday,NY
GBPUSD,1,2022-12-01 09:45:00+00:00,2022-12-01 10:00:00+00:00,2022-12-05 01:15:00+00:00,1.21494,1.21504,1.2067671031917668,1.2312857936164658,1.2312857936164658,0.008172896808232997,81.72896808232997,1.9877644362401203,win,2,157,2022,Thursday,London
GBPUSD,1,2023-01-04 14:45:00+00:00,2023-01-04 15:00:00+00:00,2023-01-04 15:00:00+00:00,1.20682,1.20695,1.202711879797422,1.215036240405156,1.202681879797422,0.004108120202578007,41.08120202578007,-1.0389472537584559,loss,3,0,2023,Wednesday,NY
GBPUSD,1,2023-01-09 08:00:00+00:00,2023-01-09 08:15:00+00:00,2023-01-09 10:30:00+00:00,1.21544,1.2155799999999999,1.212403043755111,1.2215139124897783,1.212373043755111,0.003036956244889123,30.369562448891227,-1.0559770988751778,loss,1,9,2023,Monday,London
GBPUSD,-1,2023-02-21 08:45:00+00:00,2023-02-21 09:00:00+00:00,2023-02-21 09:30:00+00:00,1.20053,1.2004000000000001,1.2035114780509828,1.194567043898035,1.2035414780509828,0.0029814780509826353,29.814780509826353,-1.053664658019961,loss,1,2,2023,Tuesday,London
GBPUSD,1,2023-03-20 07:15:00+00:00,2023-03-20 07:30:00+00:00,2023-03-20 15:15:00+00:00,1.21951,1.2196099999999999,1.216561180657368,1.2254076386852641,1.2254076386852641,0.0029488193426320344,29.488193426320343,1.9660881226075626,win,1,19,2023,Monday,London
GBPUSD,1,2023-03-23 07:15:00+00:00,2023-03-23 07:30:00+00:00,2023-03-23 07:30:00+00:00,1.23409,1.2342199999999999,1.231491761450437,1.2392864770991256,1.231461761450437,0.0025982385495629087,25.982385495629085,-1.061580180937126,loss,1,0,2023,Thursday,London
GBPUSD,1,2023-04-04 07:15:00+00:00,2023-04-04 07:30:00+00:00,2023-04-04 08:30:00+00:00,1.24117,1.2413,1.2394024268735742,1.244705146252852,1.244705146252852,0.0017675731264259395,17.675731264259394,1.9264528306883635,win,2,4,2023,Tuesday,London
GBPUSD,1,2023-04-06 09:45:00+00:00,2023-04-06 10:00:00+00:00,2023-04-06 13:45:00+00:00,1.2468,1.24692,1.2447649400475334,1.2508701199049328,1.2447349400475334,0.002035059952466485,20.35059952466485,-1.073707902225861,loss,1,11,2023,Thursday,London
GBPUSD,1,2023-04-13 08:00:00+00:00,2023-04-13 08:15:00+00:00,2023-04-14 14:00:00+00:00,1.25049,1.25063,1.2476637104093025,1.2561425791813956,1.2476337104093025,0.0028262895906977204,28.262895906977203,-1.0601495333525723,loss,2,83,2023,Thursday,London
GBPUSD,1,2023-05-05 09:30:00+00:00,2023-05-05 09:45:00+00:00,2023-05-05 14:00:00+00:00,1.26109,1.26124,1.259680536596343,1.263908926807314,1.259650536596343,0.0014094634036569591,14.094634036569591,-1.1277081757020868,loss,2,9,2023,Friday,London
GBPUSD,-1,2023-06-05 07:15:00+00:00,2023-06-05 07:30:00+00:00,2023-06-06 02:00:00+00:00,1.24129,1.24119,1.2439790535647255,1.2359118928705493,1.2440090535647255,0.002689053564725387,26.89053564725387,-1.048344146693611,loss,1,46,2023,Monday,London
GBPUSD,1,2023-06-14 08:45:00+00:00,2023-06-14 09:00:00+00:00,2023-06-14 13:15:00+00:00,1.26188,1.2620099999999999,1.2599818541967165,1.265676291606567,1.265676291606567,0.0018981458032834627,18.981458032834627,1.931512110515965,win,1,13,2023,Wednesday,London
GBPUSD,1,2023-06-16 09:45:00+00:00,2023-06-16 10:00:00+00:00,2023-06-16 13:00:00+00:00,1.27955,1.2796699999999999,1.277987772682567,1.282674454634866,1.282674454634866,0.0015622273174330462,15.622273174330461,1.923186594767102,win,2,8,2023,Friday,London
GBPUSD,1,2023-07-11 09:15:00+00:00,2023-07-11 09:30:00+00:00,2023-07-12 01:30:00+00:00,1.28932,1.28946,1.2865974070554096,1.2947651858891809,1.2947651858891809,0.0027225929445904673,27.225929445904672,1.9485784313522625,win,3,32,2023,Tuesday,London
GBPUSD,1,2023-07-13 08:45:00+00:00,2023-07-13 09:00:00+00:00,2023-07-13 17:45:00+00:00,1.30263,1.30278,1.2981604819442554,1.3115690361114891,1.3115690361114891,0.004469518055744602,44.695180557446015,1.966439334592833,win,2,23,2023,Thursday,London
GBPUSD,1,2023-07-14 10:00:00+00:00,2023-07-14 10:15:00+00:00,2023-07-14 20:45:00+00:00,1.31397,1.3141,1.3092257803262417,1.3234584393475166,1.3091957803262417,0.0047442196737583035,47.44219673758303,-1.033725251148259,loss,2,22,2023,Friday,London
GBPUSD,1,2023-07-27 08:00:00+00:00,2023-07-27 08:15:00+00:00,2023-07-27 14:00:00+00:00,1.29672,1.29686,1.2937890754165557,1.3025818491668888,1.2937590754165558,0.0029309245834443997,29.309245834443995,-1.0580021747949409,loss,2,15,2023,Thursday,London
GBPUSD,-1,2023-08-25 08:45:00+00:00,2023-08-25 09:00:00+00:00,2023-08-25 09:15:00+00:00,1.25752,1.25736,1.2588832084533725,1.254793583093255,1.2589132084533725,0.0013632084533725013,13.632084533725012,-1.1393770699777632,loss,2,1,2023,Friday,London
GBPUSD,-1,2023-09-07 10:30:00+00:00,2023-09-07 10:45:00+00:00,2023-09-07 16:30:00+00:00,1.24701,1.2468700000000001,1.2488747149943378,1.2432805700113243,1.2489047149943378,0.0018647149943378206,18.647149943378206,-1.0911667469377289,loss,2,23,2023,Thursday,London
GBPUSD,-1,2023-09-12 13:45:00+00:00,2023-09-12 14:00:00+00:00,2023-09-12 17:00:00+00:00,1.24677,1.2466300000000001,1.2484448497084084,1.243420300583183,1.2484748497084084,0.0016748497084084833,16.748497084084832,-1.1015016446826842,loss,3,12,2023,Tuesday,NY
GBPUSD,-1,2023-09-13 10:30:00+00:00,2023-09-13 10:45:00+00:00,2023-09-13 13:30:00+00:00,1.2466,1.24648,1.2487337127691536,1.2423325744616929,1.2487637127691535,0.0021337127691535658,21.337127691535656,-1.0702999964046007,loss,1,11,2023,Wednesday,London
GBPUSD,-1,2023-09-21 08:15:00+00:00,2023-09-21 08:30:00+00:00,2023-09-21 11:00:00+00:00,1.23163,1.23151,1.2331800445192973,1.2285299109614052,1.2285299109614052,0.0015500445192973558,15.500445192973556,1.9225828687461286,win,3,10,2023,Thursday,London
GBPUSD,-1,2023-10-02 10:00:00+00:00,2023-10-02 10:15:00+00:00,2023-10-02 19:30:00+00:00,1.21824,1.2181,1.2220302079555634,1.2106595840888734,1.2106595840888734,0.0037902079555633267,37.902079555633264,1.9630627127478275,win,1,37,2023,Monday,London
GBPUSD,-1,2023-10-03 08:15:00+00:00,2023-10-03 08:30:00+00:00,2023-10-03 08:45:00+00:00,1.20642,1.20629,1.2088268920096452,1.2016062159807097,1.2088568920096452,0.0024068920096451574,24.068920096451574,-1.0664757701462213,loss,1,1,2023,Tuesday,London
GBPUSD,-1,2023-10-26 09:45:00+00:00,2023-10-26 10:00:00+00:00,2023-10-26 13:30:00+00:00,1.20789,1.20777,1.2096743112323654,1.2043213775352688,1.2097043112323653,0.0017843112323655062,17.84311232365506,-1.0840660515267566,loss,2,14,2023,Thursday,London
GBPUSD,1,2023-11-08 15:45:00+00:00,2023-11-08 16:00:00+00:00,2023-11-09 18:00:00+00:00,1.22862,1.22875,1.224966752828439,1.235926494343122,1.224936752828439,0.0036532471715610207,36.53247171561021,-1.0437966533569298,loss,1,104,2023,Wednesday,NY
GBPUSD,1,2023-11-20 09:00:00+00:00,2023-11-20 09:15:00+00:00,2023-11-20 10:45:00+00:00,1.2485,1.2486,1.2469976773834683,1.2515046452330632,1.2469676773834684,0.0015023226165316035,15.023226165316034,-1.0865326785135496,loss,2,6,2023,Monday,London
GBPUSD,1,2023-11-20 15:45:00+00:00,2023-11-20 16:00:00+00:00,2023-11-21 13:15:00+00:00,1.24923,1.24936,1.246067897122064,1.2555542057558722,1.2555542057558722,0.003162102877936028,31.62102877936028,1.9588881181232285,win,3,85,2023,Monday,NY
GBPUSD,1,2023-11-23 15:30:00+00:00,2023-11-23 15:45:00+00:00,2023-11-24 11:45:00+00:00,1.25391,1.25404,1.252397034562447,1.2569359308751062,1.2569359308751062,0.0015129654375530494,15.129654375530492,1.9140760279295277,win,2,80,2023,Thursday,NY
GBPUSD,1,2023-12-11 13:45:00+00:00,2023-12-11 14:00:00+00:00,2023-12-11 14:15:00+00:00,1.25806,1.25822,1.2563135689235752,1.2615528621528496,1.2562835689235752,0.0017464310764247937,17.464310764247937,-1.1087932999846069,loss,1,1,2023,Monday,NY
GBPUSD,1,2023-12-14 09:15:00+00:00,2023-12-14 09:30:00+00:00,2023-12-14 15:45:00+00:00,1.26607,1.2662,1.261077314509119,1.276055370981762,1.276055370981762,0.004992685490880978,49.92685490880978,1.9739619088289309,win,1,25,2023,Thursday,London
GBPUSD,1,2023-12-19 08:00:00+00:00,2023-12-19 08:15:00+00:00,2023-12-19 12:45:00+00:00,1.26791,1.26804,1.2650000229297143,1.2737299541405716,1.2737299541405716,0.002909977070285769,29.09977070285769,1.9553261084674884,win,0,18,2023,Tuesday,London
GBPUSD,1,2023-12-22 14:30:00+00:00,2023-12-22 14:45:00+00:00,2023-12-22 19:15:00+00:00,1.27353,1.27365,1.2691010608000497,1.2823878783999008,1.2690710608000497,0.0044289391999503035,44.28939199950303,-1.0338681551558908,loss,1,18,2023,Friday,NY
GBPUSD,1,2024-01-24 13:45:00+00:00,2024-01-24 14:00:00+00:00,2024-01-24 18:45:00+00:00,1.27664,1.27676,1.2726826541719864,1.284554691656027,1.2726526541719865,0.003957345828013503,39.57345828013503,-1.0379041929916986,loss,2,19,2024,Wednesday,NY
GBPUSD,1,2024-02-02 08:00:00+00:00,2024-02-02 08:15:00+00:00,2024-02-02 08:45:00+00:00,1.2767,1.27681,1.2742211492493023,1.2816577015013952,1.2741911492493023,0.0024788507506976957,24.788507506976956,-1.0564777851028653,loss,2,2,2024,Friday,London
GBPUSD,-1,2024-02-08 15:00:00+00:00,2024-02-08 15:15:00+00:00,2024-02-08 16:30:00+00:00,1.25934,1.25923,1.2612287268444609,1.255562546311078,1.2612587268444608,0.0018887268444609826,18.887268444609823,-1.0741240060257264,loss,3,5,2024,Thursday,NY
GBPUSD,-1,2024-02-09 10:00:00+00:00,2024-02-09 10:15:00+00:00,2024-02-09 13:30:00+00:00,1.26059,1.2604600000000001,1.2634937083566484,1.2547825832867032,1.2635237083566484,0.002903708356648406,29.03708356648406,-1.0551019525199625,loss,1,13,2024,Friday,London
GBPUSD,-1,2024-02-14 13:45:00+00:00,2024-02-14 14:00:00+00:00,2024-02-15 00:45:00+00:00,1.25569,1.25556,1.2570350842414062,1.2529998315171875,1.2570650842414062,0.0013450842414061968,13.450842414061967,-1.1189516575056269,loss,3,43,2024,Wednesday,NY
GBPUSD,1,2024-03-06 15:00:00+00:00,2024-03-06 15:15:00+00:00,2024-03-07 15:30:00+00:00,1.27285,1.27298,1.270418767392142,1.2777124652157161,1.2777124652157161,0.0024312326078580336,24.312326078580334,1.946529180474233,win,2,97,2024,Wednesday,NY
GBPUSD,1,2024-03-08 08:00:00+00:00,2024-03-08 08:15:00+00:00,2024-03-08 09:00:00+00:00,1.28081,1.28093,1.2800367648148758,1.2823564703702484,1.2823564703702484,0.0007732351851241955,7.732351851241955,1.844807889878083,win,1,3,2024,Friday,London
GBPUSD,-1,2024-04-11 07:45:00+00:00,2024-04-11 08:00:00+00:00,2024-04-11 08:00:00+00:00,1.25346,1.25335,1.254884151282423,1.2506116974351542,1.254914151282423,0.0014241512824229054,14.241512824229053,-1.0983041631376724,loss,1,0,2024,Thursday,London
GBPUSD,-1,2024-04-18 15:45:00+00:00,2024-04-18 16:00:00+00:00,2024-04-19 03:00:00+00:00,1.24431,1.24418,1.2469325591724807,1.2390648816550387,1.2390648816550387,0.002622559172480617,26.22559172480617,1.9504300984458234,win,2,44,2024,Thursday,NY
GBPUSD,1,2024-05-24 09:30:00+00:00,2024-05-24 09:45:00+00:00,2024-05-24 15:30:00+00:00,1.27037,1.27048,1.26887179237516,1.2733664152496802,1.2733664152496802,0.001498207624840091,14.98207624840091,1.9265789346040862,win,0,23,2024,Friday,London
GBPUSD,1,2024-07-05 08:30:00+00:00,2024-07-05 08:45:00+00:00,2024-07-05 13:30:00+00:00,1.27736,1.27751,1.2762591786014956,1.2795616427970087,1.2762291786014957,0.0011008213985043529,11.008213985043529,-1.1635142632987325,loss,1,19,2024,Friday,London
GBPUSD,1,2024-07-08 09:30:00+00:00,2024-07-08 09:45:00+00:00,2024-07-09 03:00:00+00:00,1.28204,1.28217,1.2799088543601824,1.2863022912796354,1.2798788543601824,0.0021311456398176035,21.311456398176034,-1.0750769900520138,loss,1,69,2024,Monday,London
GBPUSD,1,2024-07-11 08:15:00+00:00,2024-07-11 08:30:00+00:00,2024-07-11 13:30:00+00:00,1.28649,1.2866199999999999,1.2854481324644418,1.2885737350711162,1.2885737350711162,0.0010418675355581772,10.41867535558177,1.8752240610603,win,1,20,2024,Thursday,London
GBPUSD,-1,2024-08-06 15:45:00+00:00,2024-08-06 16:00:00+00:00,2024-08-07 12:15:00+00:00,1.27058,1.27045,1.2727484080771185,1.2662431838457628,1.2727784080771185,0.002168408077118578,21.68408077118578,-1.073786849296586,loss,3,81,2024,Tuesday,NY
GBPUSD,1,2024-08-16 14:30:00+00:00,2024-08-16 14:45:00+00:00,2024-08-16 15:00:00+00:00,1.29034,1.29048,1.2890348772222846,1.292950245555431,1.2890048772222846,0.0013051227777154783,13.051227777154782,-1.1302559444235103,loss,2,1,2024,Friday,NY
GBPUSD,1,2024-08-19 08:45:00+00:00,2024-08-19 09:00:00+00:00,2024-08-19 11:45:00+00:00,1.29647,1.2966,1.2952467038786761,1.2989165922426478,1.2952167038786762,0.0012232961213239086,12.232961213239086,-1.1307941693028096,loss,1,11,2024,Monday,London
GBPUSD,1,2024-08-20 10:30:00+00:00,2024-08-20 10:45:00+00:00,2024-08-20 15:45:00+00:00,1.30064,1.30074,1.2989957779726182,1.3039284440547638,1.3039284440547638,0.0016442220273818796,16.442220273818794,1.9391809631943846,win,2,20,2024,Tuesday,London
GBPUSD,1,2024-08-23 09:00:00+00:00,2024-08-23 09:15:00+00:00,2024-08-23 15:00:00+00:00,1.31226,1.31243,1.31061375136477,1.3155524972704602,1.3155524972704602,0.001646248635230068,16.46248635230068,1.896734918188001,win,1,23,2024,Friday,London
GBPUSD,1,2024-08-27 09:15:00+00:00,2024-08-27 09:30:00+00:00,2024-08-28 14:30:00+00:00,1.32186,1.322,1.3191919067744196,1.3271961864511608,1.3191619067744196,0.0026680932255804223,26.680932255804223,-1.0637159145603243,loss,2,116,2024,Tuesday,London
GBPUSD,1,2024-09-02 09:00:00+00:00,2024-09-02 09:15:00+00:00,2024-09-02 12:30:00+00:00,1.31445,1.31459,1.312862618513216,1.3176247629735676,1.312832618513216,0.0015873814867838746,15.873814867838746,-1.1070946092136327,loss,1,13,2024,Monday,London
GBPUSD,1,2024-09-13 10:15:00+00:00,2024-09-13 10:30:00+00:00,2024-09-13 11:45:00+00:00,1.31506,1.3151899999999999,1.3123378030921526,1.3205043938156944,1.3123078030921527,0.002722196907847213,27.221969078472128,-1.0587760567719215,loss,1,5,2024,Friday,London
GBPUSD,1,2024-09-17 09:30:00+00:00,2024-09-17 09:45:00+00:00,2024-09-17 14:15:00+00:00,1.32218,1.32226,1.3197635365766685,1.327012926846663,1.3197335365766685,0.0024164634233315176,24.164634233315176,-1.045521069732702,loss,1,18,2024,Tuesday,London
GBPUSD,1,2024-09-18 13:45:00+00:00,2024-09-18 14:00:00+00:00,2024-09-18 14:15:00+00:00,1.32179,1.32193,1.3204484037419317,1.3244731925161366,1.3244731925161366,0.001341596258068281,13.415962580682809,1.8956466976125936,win,2,1,2024,Wednesday,NY
GBPUSD,1,2024-09-23 13:45:00+00:00,2024-09-23 14:00:00+00:00,2024-09-24 15:00:00+00:00,1.33271,1.33289,1.329219261817154,1.3396914763656922,1.3396914763656922,0.0034907381828460536,34.90738182846054,1.9484349754775743,win,1,100,2024,Monday,NY
GBPUSD,1,2024-09-24 15:00:00+00:00,2024-09-24 15:15:00+00:00,2024-09-25 16:15:00+00:00,1.3395,1.33964,1.3357809149917932,1.3469381700164134,1.3357509149917932,0.0037190850082067057,37.19085008206706,-1.0457101678571186,loss,2,100,2024,Tuesday,NY
GBPUSD,-1,2024-10-16 15:00:00+00:00,2024-10-16 15:15:00+00:00,2024-10-16 20:45:00+00:00,1.30179,1.30162,1.3038477159641444,1.2976745680717112,1.2976745680717112,0.002057715964144413,20.57715964144413,1.9173841273711785,win,2,22,2024,Wednesday,NY
GBPUSD,-1,2024-10-23 08:45:00+00:00,2024-10-23 09:00:00+00:00,2024-10-25 13:30:00+00:00,1.2964,1.29624,1.2995130084107944,1.2901739831784111,1.2995430084107944,0.003113008410794416,31.130084107944157,-1.0610342070844059,loss,1,210,2024,Wednesday,London
GBPUSD,-1,2024-11-12 09:15:00+00:00,2024-11-12 09:30:00+00:00,2024-11-12 14:30:00+00:00,1.28158,1.28145,1.2831413626291985,1.2784572747416028,1.2784572747416028,0.0015613626291985634,15.613626291985634,1.91673939316286,win,2,20,2024,Tuesday,London
GBPUSD,-1,2024-11-13 09:00:00+00:00,2024-11-13 09:15:00+00:00,2024-11-13 09:30:00+00:00,1.2738,1.27367,1.2750190390099485,1.2713619219801033,1.2750490390099485,0.0012190390099483925,12.190390099483924,-1.1312509269139654,loss,1,1,2024,Wednesday,London
GBPUSD,-1,2024-11-14 08:45:00+00:00,2024-11-14 09:00:00+00:00,2024-11-14 14:30:00+00:00,1.26692,1.26679,1.269478137418171,1.2618037251636582,1.269508137418171,0.002558137418170933,25.58137418170933,-1.0625455062982143,loss,2,22,2024,Thursday,London
GBPUSD,-1,2024-11-15 09:45:00+00:00,2024-11-15 10:00:00+00:00,2024-11-15 11:15:00+00:00,1.26519,1.26505,1.2683114977829135,1.258947004434173,1.2683414977829135,0.0031214977829135083,31.21497782913508,-1.054461034997535,loss,1,5,2024,Friday,London
GBPUSD,-1,2024-11-19 13:45:00+00:00,2024-11-19 14:00:00+00:00,2024-11-19 14:45:00+00:00,1.26355,1.2634,1.2653962744483829,1.259857451103234,1.2654262744483828,0.001846274448382949,18.46274448382949,-1.097493631110734,loss,3,3,2024,Tuesday,NY
GBPUSD,-1,2024-11-22 08:45:00+00:00,2024-11-22 09:00:00+00:00,2024-11-22 09:30:00+00:00,1.25534,1.25523,1.2582492894975557,1.2495214210048882,1.2495214210048882,0.0029092894975558475,29.092894975558472,1.9621900810860498,win,2,2,2024,Friday,London
GBPUSD,-1,2024-12-23 15:45:00+00:00,2024-12-23 16:00:00+00:00,2024-12-24 02:00:00+00:00,1.25177,1.25163,1.2539138731445838,1.2474822537108325,1.2539438731445838,0.002143873144583702,21.438731445837018,-1.0792957365175935,loss,2,40,2024,Monday,NY
GBPUSD,-1,2024-12-26 15:45:00+00:00,2024-12-26 16:00:00+00:00,2024-12-26 18:00:00+00:00,1.25099,1.25088,1.2527024735322647,1.2475650529354707,1.2527324735322647,0.0017124735322646997,17.124735322646995,-1.0817530883615187,loss,2,8,2024,Thursday,NY
GBPUSD,-1,2025-01-09 09:45:00+00:00,2025-01-09 10:00:00+00:00,2025-01-09 13:15:00+00:00,1.22813,1.228,1.2305502648760107,1.2232894702479782,1.2305802648760107,0.002420264876010855,24.20264876010855,-1.0661084667160763,loss,2,13,2025,Thursday,London
GBPUSD,-1,2025-01-13 07:15:00+00:00,2025-01-13 07:30:00+00:00,2025-01-13 08:00:00+00:00,1.21266,1.21253,1.2160929597212542,1.205794080557492,1.2161229597212542,0.003432959721254044,34.32959721254044,-1.0466070134786118,loss,2,2,2025,Monday,London
GBPUSD,-1,2025-01-13 09:15:00+00:00,2025-01-13 09:30:00+00:00,2025-01-13 17:45:00+00:00,1.21102,1.2109,1.217268528024702,1.198522943950596,1.217298528024702,0.00624852802470194,62.485280247019396,-1.0240056537166737,loss,1,33,2025,Monday,London
GBPUSD,-1,2025-01-14 14:45:00+00:00,2025-01-14 15:00:00+00:00,2025-01-14 15:30:00+00:00,1.21558,1.2154500000000001,1.218338212092527,1.2100635758149463,1.218368212092527,0.0027582120925269448,27.582120925269447,-1.0580085920272075,loss,3,2,2025,Tuesday,NY
GBPUSD,-1,2025-02-06 14:45:00+00:00,2025-02-06 15:00:00+00:00,2025-02-06 15:15:00+00:00,1.2392,1.2390700000000001,1.2416729772994124,1.2342540454011754,1.2417029772994124,0.0024729772994123308,24.729772994123305,-1.064699340361088,loss,2,1,2025,Thursday,NY
GBPUSD,1,2025-02-14 08:00:00+00:00,2025-02-14 08:15:00+00:00,2025-02-18 22:30:00+00:00,1.25777,1.2579099999999999,1.2549114703528834,1.2634870592942333,1.2634870592942333,0.0028585296471166123,28.58529647116612,1.9510237719098082,win,2,249,2025,Friday,London
GBPUSD,1,2025-03-04 08:15:00+00:00,2025-03-04 08:30:00+00:00,2025-03-04 19:00:00+00:00,1.27184,1.27196,1.2687333729320829,1.2780532541358343,1.2780532541358343,0.003106627067917134,31.06627067917134,1.96137289820228,win,2,42,2025,Tuesday,London
GBPUSD,1,2025-03-11 14:45:00+00:00,2025-03-11 15:00:00+00:00,2025-03-11 18:30:00+00:00,1.29308,1.2932299999999999,1.2914265713609878,1.2963868572780244,1.2963868572780244,0.0016534286390121528,16.534286390121526,1.9092794230965913,win,3,14,2025,Tuesday,NY
GBPUSD,1,2025-03-17 14:45:00+00:00,2025-03-17 15:00:00+00:00,2025-03-18 12:30:00+00:00,1.29817,1.29829,1.2957749822021634,1.3029600355956734,1.2957449822021634,0.002395017797836692,23.950177978366916,-1.062630014747846,loss,1,86,2025,Monday,NY
GBPUSD,1,2025-03-27 14:30:00+00:00,2025-03-27 14:45:00+00:00,2025-03-27 15:30:00+00:00,1.2939,1.2940399999999999,1.292117069826799,1.2974658603464022,1.2974658603464022,0.0017829301732011338,17.829301732011338,1.9214775754517897,win,1,3,2025,Thursday,NY
GBPUSD,1,2025-03-31 07:15:00+00:00,2025-03-31 07:30:00+00:00,2025-03-31 09:00:00+00:00,1.2962,1.29633,1.2947919876485243,1.2990160247029516,1.2947619876485243,0.0014080123514757955,14.080123514757954,-1.1136353667864745,loss,2,6,2025,Monday,London
GBPUSD,1,2025-04-10 14:45:00+00:00,2025-04-10 15:00:00+00:00,2025-04-10 19:15:00+00:00,1.29235,1.2924499999999999,1.2889929412617571,1.2990641174764859,1.2990641174764859,0.0033570587382428896,33.5705873824289,1.9702120195692114,win,2,17,2025,Thursday,NY
GBPUSD,1,2025-04-11 07:45:00+00:00,2025-04-11 08:00:00+00:00,2025-04-11 09:00:00+00:00,1.3018,1.30196,1.2983111240482998,1.3087777519034005,1.3087777519034005,0.0034888759517002718,34.88875951700272,1.9541399573343774,win,2,4,2025,Friday,London
GBPUSD,1,2025-04-16 08:15:00+00:00,2025-04-16 08:30:00+00:00,2025-04-16 13:30:00+00:00,1.32822,1.32837,1.3255703935329,1.3335192129342,1.3255403935329,0.002649606467100051,26.496064671000507,-1.067934616795007,loss,2,20,2025,Wednesday,London
GBPUSD,1,2025-04-21 08:15:00+00:00,2025-04-21 08:30:00+00:00,2025-04-21 18:00:00+00:00,1.33938,1.33952,1.3370489109114323,1.3440421781771354,1.3370189109114323,0.0023310890885677696,23.310890885677694,-1.0729272857196546,loss,2,38,2025,Monday,London
GBPUSD,1,2025-04-24 14:45:00+00:00,2025-04-24 15:00:00+00:00,2025-04-24 16:30:00+00:00,1.33124,1.33137,1.3296121434593795,1.334495713081241,1.3295821434593795,0.001627856540620512,16.278565406205118,-1.0982887594867006,loss,2,6,2025,Thursday,NY
GBPUSD,1,2025-05-14 08:30:00+00:00,2025-05-14 08:45:00+00:00,2025-05-14 15:30:00+00:00,1.3317,1.33182,1.3289660598028064,1.3371678803943876,1.3289360598028064,0.002733940197193714,27.339401971937136,-1.054865867276058,loss,0,27,2025,Wednesday,London
GBPUSD,1,2025-05-19 15:45:00+00:00,2025-05-19 16:00:00+00:00,2025-05-19 17:00:00+00:00,1.33671,1.3368499999999999,1.3351320771890056,1.339865845621989,1.3351020771890056,0.0015779228109944559,15.779228109944558,-1.10773657546191,loss,2,4,2025,Monday,NY
GBPUSD,1,2025-05-20 08:00:00+00:00,2025-05-20 08:15:00+00:00,2025-05-20 11:15:00+00:00,1.33806,1.3382,1.3361024072282113,1.3419751855435778,1.3360724072282113,0.001957592771788821,19.57592771788821,-1.086841350484039,loss,1,12,2025,Tuesday,London
GBPUSD,1,2025-06-02 15:00:00+00:00,2025-06-02 15:15:00+00:00,2025-06-02 19:00:00+00:00,1.35515,1.3553,1.3517002394110318,1.3620495211779367,1.3516702394110318,0.0034497605889683156,34.49760588968316,-1.0521775338774013,loss,1,15,2025,Monday,NY
GBPUSD,1,2025-06-24 09:00:00+00:00,2025-06-24 09:15:00+00:00,2025-06-24 15:15:00+00:00,1.35868,1.35881,1.3557900004230594,1.3644599991538815,1.3644599991538815,0.0028899995769406687,28.899995769406686,1.955017294453195,win,2,24,2025,Tuesday,London
GBPUSD,1,2025-06-26 07:30:00+00:00,2025-06-26 07:45:00+00:00,2025-06-26 08:15:00+00:00,1.37082,1.37095,1.3695388208046517,1.3733823583906966,1.3733823583906966,0.0012811791953482744,12.811791953482743,1.8985309779678832,win,1,2,2025,Thursday,London
GBPUSD,1,2025-06-26 15:30:00+00:00,2025-06-26 15:45:00+00:00,2025-06-27 18:15:00+00:00,1.37474,1.3748799999999999,1.3698073880319233,1.3846052239361537,1.3697773880319233,0.0049326119680768695,49.32611968076869,-1.0344644989510514,loss,2,106,2025,Thursday,NY
GBPUSD,-1,2025-07-25 08:15:00+00:00,2025-07-25 08:30:00+00:00,2025-07-25 13:30:00+00:00,1.34803,1.3479,1.3504885190733291,1.3431129618533422,1.3431129618533422,0.0024585190733289624,24.585190733289622,1.9471226392301408,win,1,20,2025,Friday,London
GBPUSD,-1,2025-07-28 08:30:00+00:00,2025-07-28 08:45:00+00:00,2025-07-28 13:00:00+00:00,1.34171,1.34159,1.3433322169918516,1.3384655660162965,1.3433622169918515,0.0016222169918516964,16.22216991851696,-1.0924660515536626,loss,1,17,2025,Monday,London
GBPUSD,-1,2025-07-28 15:45:00+00:00,2025-07-28 16:00:00+00:00,2025-07-28 19:00:00+00:00,1.34119,1.3410600000000001,1.3440776108337507,1.335414778332499,1.335414778332499,0.002887610833750507,28.87610833750507,1.9549800830221213,win,2,12,2025,Monday,NY
GBPUSD,-1,2025-07-29 07:45:00+00:00,2025-07-29 08:00:00+00:00,2025-07-29 10:15:00+00:00,1.33268,1.3325500000000001,1.3354147952722857,1.3272104094554291,1.3354447952722857,0.002734795272285508,27.347952722855077,-1.058505293475336,loss,2,9,2025,Tuesday,London
GBPUSD,-1,2025-07-29 13:45:00+00:00,2025-07-29 14:00:00+00:00,2025-07-29 20:15:00+00:00,1.33152,1.33141,1.336247997269012,1.322064005461976,1.336277997269012,0.004727997269011986,47.279972690119855,-1.0296108462070372,loss,2,25,2025,Tuesday,NY
GBPUSD,1,2025-08-15 10:00:00+00:00,2025-08-15 10:15:00+00:00,2025-08-15 13:30:00+00:00,1.35526,1.35541,1.3544681859568268,1.3568436280863463,1.3568436280863463,0.0007918140431731873,7.918140431731873,1.8105615816070053,win,2,13,2025,Friday,London
GBPUSD,1,2025-09-01 08:45:00+00:00,2025-09-01 09:00:00+00:00,2025-09-02 08:00:00+00:00,1.353,1.35313,1.3514319651295605,1.356136069740879,1.3514019651295606,0.0015680348704395076,15.680348704395076,-1.1020385471115335,loss,3,92,2025,Monday,London
GBPUSD,1,2025-09-09 08:00:00+00:00,2025-09-09 08:15:00+00:00,2025-09-09 12:45:00+00:00,1.35721,1.35735,1.3557077902551822,1.360214419489636,1.3556777902551822,0.001502209744817916,15.022097448179158,-1.1131666204312527,loss,3,18,2025,Tuesday,London
GBPUSD,1,2025-09-16 10:00:00+00:00,2025-09-16 10:15:00+00:00,2025-09-16 15:15:00+00:00,1.36388,1.36401,1.36232754040154,1.36698491919692,1.36698491919692,0.0015524595984599886,15.524595984599884,1.9162619110159198,win,2,20,2025,Tuesday,London
GBPUSD,1,2025-09-17 14:45:00+00:00,2025-09-17 15:00:00+00:00,2025-09-17 19:00:00+00:00,1.36622,1.36636,1.3641011168450974,1.3704577663098052,1.3704577663098052,0.0021188831549026265,21.188831549026265,1.9339274562279944,win,2,16,2025,Wednesday,NY
GBPUSD,-1,2025-10-07 14:45:00+00:00,2025-10-07 15:00:00+00:00,2025-10-07 15:45:00+00:00,1.34179,1.34162,1.3431375260457417,1.3390949479085168,1.3431675260457416,0.0013475260457415925,13.475260457415924,-1.148420136762506,loss,2,3,2025,Tuesday,NY
GBPUSD,-1,2025-10-21 09:00:00+00:00,2025-10-21 09:15:00+00:00,2025-10-22 07:00:00+00:00,1.33801,1.3378700000000001,1.3397817865617963,1.3344664268764073,1.3344664268764073,0.0017717865617962898,17.717865617962897,1.9209837104432081,win,3,87,2025,Tuesday,London
GBPUSD,-1,2025-10-30 07:45:00+00:00,2025-10-30 08:00:00+00:00,2025-10-30 12:15:00+00:00,1.31976,1.31963,1.3216056827289449,1.3160686345421104,1.3160686345421104,0.001845682728944859,18.45682728944859,1.9295653592238018,win,1,17,2025,Thursday,London
GBPUSD,-1,2025-10-31 09:15:00+00:00,2025-10-31 09:30:00+00:00,2025-10-31 13:00:00+00:00,1.31352,1.3134000000000001,1.3151232168573224,1.3103135662853551,1.3103135662853551,0.001603216857322428,16.03216857322428,1.9251504876263204,win,2,14,2025,Friday,London
GBPUSD,-1,2025-11-03 09:45:00+00:00,2025-11-03 10:00:00+00:00,2025-11-03 16:00:00+00:00,1.31251,1.31236,1.3148011241852149,1.3079277516295704,1.3148311241852149,0.0022911241852148004,22.911241852148002,-1.0785640521634206,loss,1,24,2025,Monday,London
GBPUSD,1,2025-12-04 09:15:00+00:00,2025-12-04 09:30:00+00:00,2025-12-04 13:30:00+00:00,1.33454,1.3346799999999999,1.3330653475030103,1.3374893049939796,1.3330353475030103,0.0014746524969898003,14.746524969898003,-1.1152813970387931,loss,2,16,2025,Thursday,London
GBPUSD,1,2025-12-04 15:15:00+00:00,2025-12-04 15:30:00+00:00,2025-12-04 23:45:00+00:00,1.33752,1.33765,1.332057749634123,1.348444500731754,1.332027749634123,0.005462250365877039,54.622503658770384,-1.0292919564799565,loss,2,33,2025,Thursday,NY
GBPUSD,1,2025-12-11 08:15:00+00:00,2025-12-11 08:30:00+00:00,2025-12-11 09:15:00+00:00,1.33734,1.3374599999999999,1.335847449138686,1.340325101722628,1.335817449138686,0.00149255086131402,14.925508613140199,-1.100499087761566,loss,2,3,2025,Thursday,London
GBPUSD,1,2025-12-23 07:45:00+00:00,2025-12-23 08:00:00+00:00,2025-12-23 15:30:00+00:00,1.35012,1.3502399999999999,1.3479113553587425,1.3545372892825147,1.3478813553587425,0.0022086446412573793,22.086446412573792,-1.0679149543561575,loss,2,30,2025,Tuesday,London
GBPUSD,1,2026-01-12 14:45:00+00:00,2026-01-12 15:00:00+00:00,2026-01-12 17:15:00+00:00,1.34732,1.3474599999999999,1.345958644327625,1.3500427113447502,1.345928644327625,0.001361355672375075,13.613556723750749,-1.1248755218415265,loss,3,9,2026,Monday,NY
GBPUSD,1,2026-01-26 07:15:00+00:00,2026-01-26 07:30:00+00:00,2026-01-26 07:30:00+00:00,1.36719,1.36735,1.3654499858386795,1.370670028322641,1.3654199858386795,0.0017400141613205119,17.40014161320512,-1.109194513598581,loss,2,0,2026,Monday,London
GBPUSD,1,2026-01-29 08:00:00+00:00,2026-01-29 08:15:00+00:00,2026-01-29 08:30:00+00:00,1.38452,1.38463,1.382256825943579,1.3890463481128419,1.382226825943579,0.002263174056420913,22.631740564209128,-1.0618600233609414,loss,2,1,2026,Thursday,London
GBPUSD,-1,2026-03-13 14:45:00+00:00,2026-03-13 15:00:00+00:00,2026-03-16 13:30:00+00:00,1.3255,1.32535,1.329051936449176,1.3183961271016478,1.329081936449176,0.003551936449176065,35.51936449176065,-1.050676582358786,loss,2,90,2026,Friday,NY
GBPUSD,1,2026-04-24 13:45:00+00:00,2026-04-24 14:00:00+00:00,2026-04-24 21:45:00+00:00,1.35012,1.3503,1.3483546773515498,1.3536506452969002,1.3536506452969002,0.0017653226484500933,17.65322648450093,1.8980356366253384,win,1,31,2026,Friday,NY
GBPUSD,1,2026-04-27 08:45:00+00:00,2026-04-27 09:00:00+00:00,2026-04-28 02:45:00+00:00,1.35446,1.3546,1.3523373235157934,1.3587053529684132,1.3523073235157934,0.0021226764842066036,21.226764842066036,-1.0800875692856937,loss,2,71,2026,Monday,London
GBPUSD,1,2026-05-07 15:45:00+00:00,2026-05-07 16:00:00+00:00,2026-05-07 16:15:00+00:00,1.36301,1.36313,1.3612805833378243,1.3664688333243515,1.3612505833378243,0.001729416662175752,17.29416662175752,-1.0867344482567607,loss,3,1,2026,Thursday,NY
GBPUSD,-1,2026-05-27 10:30:00+00:00,2026-05-27 10:45:00+00:00,2026-05-27 12:45:00+00:00,1.34458,1.34446,1.3453335098787433,1.3430729802425139,1.3430729802425139,0.000753509878743154,7.535098787431539,1.8407452863121745,win,2,8,2026,Wednesday,London
GBPUSD,-1,2026-06-08 08:45:00+00:00,2026-06-08 09:00:00+00:00,2026-06-08 11:30:00+00:00,1.33275,1.3326,1.3347486456668864,1.3287527086662276,1.3347786456668864,0.0019986456668862414,19.986456668862413,-1.0900609862880801,loss,2,10,2026,Monday,London
GBPUSD,-1,2026-06-18 09:00:00+00:00,2026-06-18 09:15:00+00:00,2026-06-19 04:15:00+00:00,1.32809,1.328,1.3325517458380385,1.3191665083239228,1.3191665083239228,0.004461745838038551,44.617458380385514,1.979828523796104,win,2,76,2026,Thursday,London
GBPUSD,-1,2026-06-23 15:00:00+00:00,2026-06-23 15:15:00+00:00,2026-06-24 09:00:00+00:00,1.32075,1.3206200000000001,1.322261009454185,1.3177279810916305,1.3177279810916305,0.0015110094541848176,15.110094541848175,1.9139648003922543,win,1,71,2026,Tuesday,NY
GBPUSD,-1,2026-06-24 10:15:00+00:00,2026-06-24 10:30:00+00:00,2026-06-24 13:30:00+00:00,1.3182,1.31807,1.3199231362144175,1.3147537275711652,1.3147537275711652,0.0017231362144174845,17.231362144174845,1.9245561674623644,win,2,12,2026,Wednesday,London
GBPUSD,1,2026-08-05 15:00:00+00:00,2026-08-05 15:15:00+00:00,2026-08-05 16:45:00+00:00,1.34782,1.34796,1.345871838261171,1.3517163234776581,1.345841838261171,0.0019481617388290764,19.48161738829076,-1.08726174865859,loss,2,6,2026,Wednesday,NY
GBPUSD,1,2026-08-17 07:45:00+00:00,2026-08-17 08:00:00+00:00,2026-08-17 09:45:00+00:00,1.35582,1.35595,1.354896391111461,1.357667217777078,1.3548663911114611,0.0009236088885389911,9.236088885389911,-1.173233499574665,loss,1,7,2026,Monday,London
GBPUSD,1,2026-08-17 10:30:00+00:00,2026-08-17 10:45:00+00:00,2026-08-17 18:30:00+00:00,1.35612,1.35624,1.354821953814904,1.358716092370192,1.354791953814904,0.0012980461850959923,12.980461850959923,-1.1155582919330245,loss,2,31,2026,Monday,London
USDJPY,1,2019-02-08 10:15:00+00:00,2019-02-08 10:30:00+00:00,2019-02-08 14:45:00+00:00,109.857,109.867,109.73715825457042,110.09668349085916,109.73415825457042,0.11984174542957943,11.984174542957943,-1.1084763907051647,loss,3,17,2019,Friday,London
USDJPY,1,2019-02-12 07:30:00+00:00,2019-02-12 07:45:00+00:00,2019-02-12 10:30:00+00:00,110.579,110.589,110.48716037647077,110.76267924705844,110.48416037647077,0.0918396235292274,9.18396235292274,-1.1415511028947716,loss,2,11,2019,Tuesday,London
USDJPY,1,2019-02-13 08:00:00+00:00,2019-02-13 08:15:00+00:00,2019-02-14 03:45:00+00:00,110.752,110.763,110.5737299640772,111.10854007184557,111.10854007184557,0.17827003592278906,17.827003592278906,1.938295855817406,win,2,78,2019,Wednesday,London
USDJPY,1,2019-02-20 09:00:00+00:00,2019-02-20 09:15:00+00:00,2019-02-20 09:15:00+00:00,110.864,110.875,110.79831756335297,110.99536487329408,110.79531756335297,0.06568243664704082,6.568243664704082,-1.2131467819201733,loss,3,0,2019,Wednesday,London
USDJPY,1,2019-03-01 14:45:00+00:00,2019-03-01 15:00:00+00:00,2019-03-01 15:00:00+00:00,111.87,111.87700000000001,111.75717796126195,112.09564407747614,111.75417796126195,0.11282203873806475,11.282203873806475,-1.0886351648299535,loss,3,0,2019,Friday,NY
USDJPY,1,2019-03-14 15:45:00+00:00,2019-03-14 16:00:00+00:00,2019-03-15 03:00:00+00:00,111.717,111.726,111.5083264284829,112.1343471430342,111.5053264284829,0.20867357151710184,20.867357151710184,-1.05750608432468,loss,2,44,2019,Thursday,NY
USDJPY,-1,2019-03-28 07:45:00+00:00,2019-03-28 08:00:00+00:00,2019-03-28 08:30:00+00:00,110.076,110.064,110.21850468267188,109.79099063465624,110.22150468267188,0.14250468267187869,14.250468267187868,-1.1052596989710433,loss,1,2,2019,Thursday,London
USDJPY,1,2019-04-03 10:30:00+00:00,2019-04-03 10:45:00+00:00,2019-04-03 13:15:00+00:00,111.489,111.49900000000001,111.41694921591353,111.63310156817295,111.41394921591353,0.07205078408647468,7.205078408647468,-1.1804282932493741,loss,1,10,2019,Wednesday,London
USDJPY,1,2019-04-12 10:30:00+00:00,2019-04-12 10:45:00+00:00,2019-04-12 19:45:00+00:00,111.91,111.92200000000001,111.8367810332852,112.05643793342958,112.05643793342958,0.07321896671479372,7.321896671479372,1.8361080395088913,win,2,36,2019,Friday,London
USDJPY,1,2019-04-16 15:00:00+00:00,2019-04-16 15:15:00+00:00,2019-04-16 16:00:00+00:00,111.996,112.007,111.91076352379865,112.16647295240269,111.90776352379865,0.08523647620134531,8.52364762013453,-1.1642489298471121,loss,2,3,2019,Tuesday,NY
USDJPY,1,2019-05-02 07:45:00+00:00,2019-05-02 08:00:00+00:00,2019-05-02 08:15:00+00:00,111.573,111.58200000000001,111.51662459454458,111.6857508109108,111.51362459454458,0.056375405455406105,5.6375405455406105,-1.212858779517128,loss,3,1,2019,Thursday,London
USDJPY,-1,2019-05-09 07:15:00+00:00,2019-05-09 07:30:00+00:00,2019-05-09 08:15:00+00:00,109.865,109.85799999999999,109.97269435173604,109.64961129652791,109.64961129652791,0.10769435173604056,10.769435173604055,1.9350012337029854,win,2,3,2019,Thursday,London
USDJPY,-1,2019-05-09 13:45:00+00:00,2019-05-09 14:00:00+00:00,2019-05-10 01:30:00+00:00,109.758,109.74799999999999,109.92128621154048,109.43142757691902,109.92428621154048,0.16328621154048528,16.328621154048527,-1.0796148056676373,loss,2,46,2019,Thursday,NY
USDJPY,-1,2019-05-17 09:00:00+00:00,2019-05-17 09:15:00+00:00,2019-05-17 15:00:00+00:00,109.661,109.64999999999999,109.75279449704117,109.47741100591766,109.75579449704117,0.09179449704116886,9.179449704116886,-1.1525145891232045,loss,3,23,2019,Friday,London
USDJPY,-1,2019-05-23 14:30:00+00:00,2019-05-23 14:45:00+00:00,2019-05-23 17:45:00+00:00,109.943,109.93299999999999,110.14965056316966,109.52969887366066,109.52969887366066,0.2066505631696642,20.66505631696642,1.9516091326023193,win,2,12,2019,Thursday,NY
USDJPY,-1,2019-05-24 09:15:00+00:00,2019-05-24 09:30:00+00:00,2019-05-24 10:45:00+00:00,109.522,109.51299999999999,109.62981461898354,109.30637076203294,109.63281461898355,0.10781461898353434,10.781461898353433,-1.1113021602557662,loss,3,5,2019,Friday,London
USDJPY,-1,2019-06-14 10:30:00+00:00,2019-06-14 10:45:00+00:00,2019-06-14 13:30:00+00:00,108.182,108.17099999999999,108.26414915903395,108.01770168193211,108.26714915903395,0.08214915903394761,8.214915903394761,-1.1704217080813115,loss,2,11,2019,Friday,London
USDJPY,-1,2019-06-20 15:15:00+00:00,2019-06-20 15:30:00+00:00,2019-06-20 17:00:00+00:00,107.64,107.62899999999999,107.7633927844861,107.3932144310278,107.3932144310278,0.12339278448609944,12.339278448609944,1.9108537825301455,win,2,6,2019,Thursday,NY
USDJPY,-1,2019-07-03 07:15:00+00:00,2019-07-03 07:30:00+00:00,2019-07-03 08:45:00+00:00,107.611,107.603,107.70693240556326,107.41913518887348,107.70993240556326,0.09593240556325758,9.593240556325757,-1.1146640693040852,loss,3,5,2019,Wednesday,London
USDJPY,-1,2019-07-11 08:45:00+00:00,2019-07-11 09:00:00+00:00,2019-07-11 10:15:00+00:00,108.054,108.044,108.13380208332323,107.89439583335356,108.13680208332323,0.07980208332322332,7.980208332322332,-1.1629030152929452,loss,3,5,2019,Thursday,London
USDJPY,-1,2019-07-15 09:00:00+00:00,2019-07-15 09:15:00+00:00,2019-07-16 02:00:00+00:00,107.932,107.923,108.06704003827551,107.66191992344898,108.07004003827551,0.13504003827550934,13.504003827550934,-1.0888625340546345,loss,1,67,2019,Monday,London
USDJPY,-1,2019-07-18 09:00:00+00:00,2019-07-18 09:15:00+00:00,2019-07-18 11:30:00+00:00,107.731,107.72,107.80398527747114,107.5850294450577,107.80698527747114,0.07298527747114997,7.2985277471149965,-1.1918195077839815,loss,3,9,2019,Thursday,London
USDJPY,-1,2019-08-13 10:00:00+00:00,2019-08-13 10:15:00+00:00,2019-08-13 13:30:00+00:00,105.193,105.18299999999999,105.36428752700792,104.85042494598416,105.36728752700792,0.17128752700791963,17.128752700791964,-1.0758957772763222,loss,2,13,2019,Tuesday,London
USDJPY,-1,2019-08-14 15:45:00+00:00,2019-08-14 16:00:00+00:00,2019-08-15 07:30:00+00:00,105.802,105.79599999999999,106.125388251901,105.155223496198,106.128388251901,0.3233882519009978,32.338825190099776,-1.0278303245312879,loss,2,62,2019,Wednesday,NY
USDJPY,-1,2019-08-26 07:30:00+00:00,2019-08-26 07:45:00+00:00,2019-08-26 07:45:00+00:00,105.211,105.201,105.40762988648943,104.81774022702113,105.41062988648943,0.1966298864894339,19.66298864894339,-1.0661140594245453,loss,2,0,2019,Monday,London
USDJPY,1,2019-09-11 08:30:00+00:00,2019-09-11 08:45:00+00:00,2019-09-11 15:15:00+00:00,107.779,107.79,107.654887218734,108.027225562532,107.651887218734,0.12411278126599869,12.411278126599868,-1.112800630661874,loss,2,26,2019,Wednesday,London
USDJPY,1,2019-09-12 07:15:00+00:00,2019-09-12 07:30:00+00:00,2019-09-12 08:15:00+00:00,108.026,108.03500000000001,107.94925627612169,108.1794874477566,107.94625627612169,0.07674372387830507,7.674372387830506,-1.1563645780213536,loss,2,3,2019,Thursday,London
USDJPY,1,2019-09-16 14:45:00+00:00,2019-09-16 15:00:00+00:00,2019-09-18 20:15:00+00:00,107.948,107.95700000000001,107.6885633498049,108.46687330039018,108.46687330039018,0.2594366501950946,25.94366501950946,1.9653094503291932,win,1,213,2019,Monday,NY
USDJPY,1,2019-11-05 07:30:00+00:00,2019-11-05 07:45:00+00:00,2019-11-05 15:00:00+00:00,108.824,108.83500000000001,108.74447798478374,108.9830440304325,108.9830440304325,0.07952201521625069,7.952201521625068,1.8616735256255652,win,2,29,2019,Tuesday,London
USDJPY,1,2019-11-08 09:00:00+00:00,2019-11-08 09:15:00+00:00,2019-11-08 14:45:00+00:00,109.345,109.355,109.23430030796563,109.56639938406875,109.23130030796563,0.11069969203437562,11.06996920343756,-1.1174348343802616,loss,2,22,2019,Friday,London
USDJPY,1,2019-11-26 15:45:00+00:00,2019-11-26 16:00:00+00:00,2019-11-27 17:45:00+00:00,109.082,109.09,108.9169695153413,109.4120609693174,109.4120609693174,0.16503048465869757,16.503048465869757,1.951524107703199,win,2,103,2019,Tuesday,NY
USDJPY,1,2019-11-29 08:15:00+00:00,2019-11-29 08:30:00+00:00,2019-11-29 15:30:00+00:00,109.534,109.546,109.46545855409707,109.67108289180587,109.46245855409707,0.06854144590293036,6.8541445902930365,-1.2188456896758628,loss,0,28,2019,Friday,London
USDJPY,1,2019-12-13 09:00:00+00:00,2019-12-13 09:15:00+00:00,2019-12-13 12:45:00+00:00,109.63,109.64,109.56297948719367,109.76404102561264,109.55997948719367,0.06702051280632612,6.702051280632612,-1.1939704644989686,loss,2,14,2019,Friday,London
USDJPY,1,2020-01-13 15:45:00+00:00,2020-01-13 16:00:00+00:00,2020-01-14 00:45:00+00:00,109.921,109.932,109.79479428547164,110.17341142905674,110.17341142905674,0.1262057145283694,12.62057145283694,1.912840713741798,win,2,35,2020,Monday,NY
USDJPY,1,2020-01-16 15:30:00+00:00,2020-01-16 15:45:00+00:00,2020-01-21 01:45:00+00:00,110.094,110.10600000000001,109.92289746843609,110.4362050631278,109.91989746843609,0.17110253156390343,17.110253156390343,-1.087666733290925,loss,2,232,2020,Thursday,NY
USDJPY,1,2020-02-12 14:45:00+00:00,2020-02-12 15:00:00+00:00,2020-02-12 23:45:00+00:00,110.053,110.06400000000001,109.94319308318545,110.2726138336291,109.94019308318545,0.10980691681454977,10.980691681454976,-1.1274965221330553,loss,2,35,2020,Wednesday,NY
USDJPY,-1,2020-03-02 14:30:00+00:00,2020-03-02 14:45:00+00:00,2020-03-02 15:45:00+00:00,107.626,107.616,107.86173082482496,107.15453835035011,107.86473082482496,0.23573082482494884,23.573082482494883,-1.0551476456660485,loss,3,4,2020,Monday,NY
USDJPY,-1,2020-03-06 07:15:00+00:00,2020-03-06 07:30:00+00:00,2020-03-06 09:30:00+00:00,105.885,105.875,106.073008503899,105.508982992202,105.508982992202,0.1880085038990055,18.80085038990055,1.9468109165669663,win,2,8,2020,Friday,London
USDJPY,-1,2020-03-09 09:30:00+00:00,2020-03-09 09:45:00+00:00,2020-03-09 13:30:00+00:00,102.514,102.50399999999999,102.96949856232139,101.60300287535722,101.60300287535722,0.45549856232139097,45.54985623213909,1.978046033890761,win,2,15,2020,Monday,London
USDJPY,-1,2020-04-14 14:30:00+00:00,2020-04-14 14:45:00+00:00,2020-04-14 18:30:00+00:00,107.307,107.297,107.45429499305193,107.01241001389614,107.01241001389614,0.14729499305192753,14.729499305192753,1.932109029690667,win,1,15,2020,Tuesday,NY
USDJPY,-1,2020-04-27 09:45:00+00:00,2020-04-27 10:00:00+00:00,2020-04-27 15:00:00+00:00,107.191,107.181,107.2920427116555,106.98891457668901,107.2950427116555,0.10104271165549572,10.104271165549571,-1.12865846320839,loss,3,20,2020,Monday,London
USDJPY,-1,2020-04-29 10:15:00+00:00,2020-04-29 10:30:00+00:00,2020-04-29 13:15:00+00:00,106.451,106.442,106.58739386025279,106.1782122794944,106.59039386025279,0.13639386025279351,13.639386025279352,-1.0879804998389315,loss,2,11,2020,Wednesday,London
USDJPY,-1,2020-05-06 15:45:00+00:00,2020-05-06 16:00:00+00:00,2020-05-07 00:45:00+00:00,106.042,106.032,106.21005561381912,105.70588877236176,106.21305561381912,0.16805561381911954,16.805561381911954,-1.0773553450823634,loss,1,35,2020,Wednesday,NY
USDJPY,1,2020-06-03 15:00:00+00:00,2020-06-03 15:15:00+00:00,2020-06-05 06:45:00+00:00,108.756,108.76700000000001,108.48922084428045,109.28955831143908,109.28955831143908,0.2667791557195406,26.677915571954056,1.9587673933132352,win,2,158,2020,Wednesday,NY
USDJPY,-1,2020-07-09 08:00:00+00:00,2020-07-09 08:15:00+00:00,2020-07-09 08:30:00+00:00,107.229,107.219,107.31661903764073,107.05376192471854,107.31961903764073,0.08761903764072915,8.761903764072915,-1.1483695821142894,loss,3,1,2020,Thursday,London
USDJPY,-1,2020-07-10 14:30:00+00:00,2020-07-10 14:45:00+00:00,2020-07-10 17:45:00+00:00,106.714,106.704,106.8874345375762,106.36713092484759,106.8904345375762,0.17343453757620536,17.343453757620537,-1.0749562352555457,loss,1,12,2020,Friday,NY
USDJPY,-1,2020-07-27 07:15:00+00:00,2020-07-27 07:30:00+00:00,2020-07-27 10:45:00+00:00,105.551,105.542,105.67371064129318,105.30557871741364,105.30557871741364,0.12271064129318378,12.271064129318377,1.9266567275245403,win,2,13,2020,Monday,London
USDJPY,-1,2020-08-18 09:30:00+00:00,2020-08-18 09:45:00+00:00,2020-08-18 13:15:00+00:00,105.569,105.55999999999999,105.66582931062827,105.37534137874346,105.37534137874346,0.09682931062827162,9.682931062827162,1.9070529373635328,win,3,14,2020,Tuesday,London
USDJPY,-1,2020-09-16 09:45:00+00:00,2020-09-16 10:00:00+00:00,2020-09-17 08:00:00+00:00,105.195,105.184,105.40365876319298,104.77768247361404,104.77768247361404,0.20865876319298018,20.865876319298017,1.947282348310361,win,1,88,2020,Wednesday,London
USDJPY,-1,2020-09-21 10:30:00+00:00,2020-09-21 10:45:00+00:00,2020-09-21 14:15:00+00:00,104.094,104.08699999999999,104.24311281298638,103.79577437402723,104.24611281298638,0.14911281298638335,14.911281298638334,-1.0670633180323885,loss,2,14,2020,Monday,London
USDJPY,-1,2020-10-28 09:45:00+00:00,2020-10-28 10:00:00+00:00,2020-10-28 12:00:00+00:00,104.212,104.20299999999999,104.35095229015668,103.93409541968663,104.35395229015668,0.1389522901566853,13.89522901566853,-1.086360577335419,loss,2,8,2020,Wednesday,London
USDJPY,-1,2020-10-30 09:00:00+00:00,2020-10-30 09:15:00+00:00,2020-10-30 10:00:00+00:00,104.317,104.30699999999999,104.44635360195261,104.05829279609476,104.44935360195261,0.12935360195261908,12.935360195261907,-1.100499713991449,loss,3,3,2020,Friday,London
USDJPY,-1,2020-11-05 08:45:00+00:00,2020-11-05 09:00:00+00:00,2020-11-05 12:30:00+00:00,104.296,104.286,104.48108981539868,103.92582036920265,103.92582036920265,0.18508981539867442,18.50898153986744,1.9459721758408908,win,2,14,2020,Thursday,London
USDJPY,-1,2020-11-06 08:30:00+00:00,2020-11-06 08:45:00+00:00,2020-11-06 14:30:00+00:00,103.436,103.42699999999999,103.60640827694554,103.09518344610892,103.60940827694554,0.17040827694554353,17.040827694554352,-1.0704191146997089,loss,1,23,2020,Friday,London
USDJPY,-1,2020-11-17 14:30:00+00:00,2020-11-17 14:45:00+00:00,2020-11-18 07:30:00+00:00,104.144,104.13499999999999,104.28694627825428,103.85810744349145,103.85810744349145,0.14294627825427553,14.294627825427552,1.937039284198787,win,1,67,2020,Tuesday,NY
USDJPY,-1,2020-11-18 09:30:00+00:00,2020-11-18 09:45:00+00:00,2020-11-18 12:00:00+00:00,103.883,103.87299999999999,103.98914197100859,103.6707160579828,103.99214197100859,0.10614197100859464,10.614197100859464,-1.1224774693410873,loss,2,9,2020,Wednesday,London
USDJPY,-1,2020-11-18 15:15:00+00:00,2020-11-18 15:30:00+00:00,2020-11-19 09:30:00+00:00,103.727,103.717,104.0136206645595,103.15375867088102,104.0166206645595,0.2866206645594931,28.662066455949308,-1.0453561156170812,loss,2,72,2020,Wednesday,NY
USDJPY,-1,2020-11-27 08:00:00+00:00,2020-11-27 08:15:00+00:00,2020-11-27 10:45:00+00:00,104.018,104.009,104.11007200047348,103.83385599905303,104.11307200047348,0.09207200047348481,9.207200047348481,-1.1303327823690592,loss,2,10,2020,Friday,London
USDJPY,-1,2020-12-16 07:15:00+00:00,2020-12-16 07:30:00+00:00,2020-12-16 14:15:00+00:00,103.431,103.42,103.6053282725381,103.08234345492377,103.6083282725381,0.17432827253811006,17.432827253811006,-1.0803082586442208,loss,1,27,2020,Wednesday,London
USDJPY,-1,2020-12-30 08:45:00+00:00,2020-12-30 09:00:00+00:00,2020-12-30 10:30:00+00:00,103.29,103.279,103.3660540375762,103.13789192484762,103.13789192484762,0.07605403757619501,7.605403757619501,1.855365995671229,win,2,6,2020,Wednesday,London
USDJPY,-1,2021-01-04 07:30:00+00:00,2021-01-04 07:45:00+00:00,2021-01-04 14:15:00+00:00,102.908,102.89999999999999,103.06791208562662,102.58817582874677,103.07091208562662,0.15991208562661774,15.991208562661773,-1.068787796475194,loss,1,26,2021,Monday,London
USDJPY,1,2021-01-28 07:15:00+00:00,2021-01-28 07:30:00+00:00,2021-01-28 18:45:00+00:00,104.351,104.36,104.21088925821475,104.6312214835705,104.20788925821475,0.1401107417852487,14.01107417852487,-1.0856465382104288,loss,2,45,2021,Thursday,London
USDJPY,1,2021-02-01 14:45:00+00:00,2021-02-01 15:00:00+00:00,2021-02-02 00:00:00+00:00,104.974,104.983,104.87146660792902,105.17906678414197,104.86846660792902,0.10253339207098014,10.253339207098014,-1.1170350434880216,loss,1,36,2021,Monday,NY
USDJPY,1,2021-02-04 13:45:00+00:00,2021-02-04 14:00:00+00:00,2021-02-04 18:45:00+00:00,105.306,105.31400000000001,105.21194302531853,105.49411394936293,105.49411394936293,0.09405697468146791,9.40569746814679,1.9149451699131388,win,2,19,2021,Thursday,NY
USDJPY,1,2021-02-17 07:15:00+00:00,2021-02-17 07:30:00+00:00,2021-02-17 14:30:00+00:00,106.052,106.06200000000001,105.8315066944109,106.4929866111782,105.8285066944109,0.22049330558909566,22.049330558909567,-1.0589587060944055,loss,1,28,2021,Wednesday,London
USDJPY,1,2021-02-24 07:30:00+00:00,2021-02-24 07:45:00+00:00,2021-02-24 09:15:00+00:00,105.558,105.56800000000001,105.45123027946096,105.7715394410781,105.7715394410781,0.1067697205390478,10.67697205390478,1.9063404872700214,win,1,6,2021,Wednesday,London
USDJPY,1,2021-02-25 10:15:00+00:00,2021-02-25 10:30:00+00:00,2021-02-26 02:15:00+00:00,106.156,106.16600000000001,105.99237207482618,106.48325585034767,105.98937207482618,0.16362792517383265,16.362792517383266,-1.0794485414771906,loss,2,63,2021,Thursday,London
USDJPY,1,2021-02-26 14:45:00+00:00,2021-02-26 15:00:00+00:00,2021-03-03 10:30:00+00:00,106.452,106.462,106.19871990432357,106.95856019135286,106.95856019135286,0.2532800956764293,25.328009567642926,1.9605180187045654,win,0,270,2021,Friday,NY
USDJPY,1,2021-03-08 08:30:00+00:00,2021-03-08 08:45:00+00:00,2021-03-08 12:15:00+00:00,108.466,108.47500000000001,108.38125140081691,108.63549719836617,108.63549719836617,0.08474859918308536,8.474859918308535,1.8938035544331628,win,3,14,2021,Monday,London
USDJPY,1,2021-03-12 13:45:00+00:00,2021-03-12 14:00:00+00:00,2021-03-12 16:45:00+00:00,109.08,109.089,108.89678535129534,109.44642929740932,108.89378535129534,0.18321464870466506,18.321464870466507,-1.065496946258603,loss,1,11,2021,Friday,NY
USDJPY,1,2021-03-25 10:30:00+00:00,2021-03-25 10:45:00+00:00,2021-03-25 17:00:00+00:00,109.081,109.09100000000001,109.0118667503251,109.2192664993498,109.2192664993498,0.06913324967490056,6.913324967490055,1.8553518018170065,win,1,25,2021,Thursday,London
USDJPY,1,2021-03-26 07:45:00+00:00,2021-03-26 08:00:00+00:00,2021-03-26 10:15:00+00:00,109.325,109.336,109.21199790917424,109.5510041816515,109.5510041816515,0.1130020908257528,11.300209082575279,1.9026566683889157,win,1,9,2021,Friday,London
USDJPY,1,2021-03-29 13:45:00+00:00,2021-03-29 14:00:00+00:00,2021-03-30 07:00:00+00:00,109.694,109.705,109.54578586872545,109.99042826254912,109.99042826254912,0.1482141312745576,14.82141312745576,1.9257830551958615,win,1,68,2021,Monday,NY
USDJPY,1,2021-03-30 14:30:00+00:00,2021-03-30 14:45:00+00:00,2021-03-30 16:15:00+00:00,110.397,110.408,110.25787193761397,110.67525612477206,110.25487193761397,0.1391280623860302,13.91280623860302,-1.100626715846556,loss,1,6,2021,Tuesday,NY
USDJPY,1,2021-04-06 09:15:00+00:00,2021-04-06 09:30:00+00:00,2021-04-06 13:15:00+00:00,110.354,110.363,110.1434355302522,110.77512893949557,110.1404355302522,0.21056446974778992,21.056446974778993,-1.056989671687622,loss,3,15,2021,Tuesday,London
USDJPY,1,2021-05-03 09:00:00+00:00,2021-05-03 09:15:00+00:00,2021-05-03 10:30:00+00:00,109.674,109.68400000000001,109.50505849924212,110.01188300151577,109.50205849924212,0.16894150075788442,16.894150075788442,-1.0769497130171297,loss,1,5,2021,Monday,London
USDJPY,1,2021-05-04 09:45:00+00:00,2021-05-04 10:00:00+00:00,2021-05-04 12:30:00+00:00,109.419,109.429,109.31203998484914,109.63292003030172,109.30903998484914,0.10696001515086105,10.696001515086104,-1.1215407456858468,loss,2,10,2021,Tuesday,London
USDJPY,1,2021-06-22 08:45:00+00:00,2021-06-22 09:00:00+00:00,2021-06-22 16:15:00+00:00,110.484,110.492,110.34472229669602,110.76255540660794,110.76255540660794,0.13927770330397263,13.927770330397262,1.9425607989633114,win,1,29,2021,Tuesday,London
USDJPY,1,2021-06-23 07:15:00+00:00,2021-06-23 07:30:00+00:00,2021-06-23 11:00:00+00:00,110.854,110.863,110.7483140300764,111.06537193984721,111.06537193984721,0.10568596992360417,10.568596992360417,1.9148420551327388,win,1,14,2021,Wednesday,London
USDJPY,-1,2021-08-03 09:30:00+00:00,2021-08-03 09:45:00+00:00,2021-08-03 14:00:00+00:00,109.176,109.167,109.25184917724691,109.0243016455062,109.0243016455062,0.07584917724690152,7.584917724690151,1.8813434723134301,win,3,17,2021,Tuesday,London
USDJPY,-1,2021-09-20 15:15:00+00:00,2021-09-20 15:30:00+00:00,2021-09-20 18:00:00+00:00,109.567,109.556,109.6639310537286,109.37313789254279,109.37313789254279,0.09693105372860644,9.693105372860645,1.8865172761785902,win,2,10,2021,Monday,NY
USDJPY,1,2021-10-15 08:00:00+00:00,2021-10-15 08:15:00+00:00,2021-10-19 08:15:00+00:00,114.125,114.13600000000001,113.93210868433026,114.51078263133948,113.92910868433026,0.19289131566974205,19.289131566974206,-1.072579732018514,loss,2,192,2021,Friday,London
USDJPY,1,2021-10-19 15:15:00+00:00,2021-10-19 15:30:00+00:00,2021-10-20 00:00:00+00:00,114.245,114.257,114.14308975541496,114.44882048917009,114.44882048917009,0.10191024458504361,10.19102445850436,1.8822493258762676,win,1,34,2021,Tuesday,NY
USDJPY,1,2021-11-11 09:45:00+00:00,2021-11-11 10:00:00+00:00,2021-11-11 10:45:00+00:00,114.079,114.087,113.989575904853,114.25784819029397,113.986575904853,0.08942409514699066,8.942409514699067,-1.1230093520312767,loss,2,3,2021,Thursday,London
USDJPY,1,2021-11-16 07:15:00+00:00,2021-11-16 07:30:00+00:00,2021-11-16 14:00:00+00:00,114.241,114.25,114.11046793853716,114.50206412292569,114.50206412292569,0.13053206146284282,13.053206146284282,1.93105142216298,win,1,26,2021,Tuesday,London
USDJPY,1,2021-11-17 09:00:00+00:00,2021-11-17 09:15:00+00:00,2021-11-17 10:00:00+00:00,114.868,114.878,114.78258019130934,115.03883961738133,114.77958019130934,0.08541980869066615,8.541980869066615,-1.152189523709608,loss,2,3,2021,Wednesday,London
USDJPY,-1,2021-12-09 15:30:00+00:00,2021-12-09 15:45:00+00:00,2021-12-09 16:30:00+00:00,113.419,113.40899999999999,113.5557756445387,113.14544871092261,113.5587756445387,0.13677564453869503,13.677564453869504,-1.095046161499418,loss,2,3,2021,Thursday,NY
USDJPY,1,2021-12-23 14:30:00+00:00,2021-12-23 14:45:00+00:00,2021-12-27 14:30:00+00:00,114.413,114.42200000000001,114.23388116454394,114.77123767091211,114.77123767091211,0.17911883545605753,17.911883545605754,1.949754027949675,win,2,191,2021,Thursday,NY
USDJPY,1,2022-01-04 08:30:00+00:00,2022-01-04 08:45:00+00:00,2022-01-04 12:15:00+00:00,115.836,115.845,115.64709745498837,116.21380509002326,116.21380509002326,0.18890254501163228,18.890254501163227,1.9523563856725588,win,2,14,2022,Tuesday,London
USDJPY,-1,2022-01-21 13:45:00+00:00,2022-01-21 14:00:00+00:00,2022-01-24 01:00:00+00:00,113.679,113.669,113.87232748896065,113.29234502207872,113.87532748896065,0.19332748896064397,19.3327488960644,-1.0672434120460526,loss,1,44,2022,Friday,NY
USDJPY,1,2022-01-28 09:15:00+00:00,2022-01-28 09:30:00+00:00,2022-01-28 13:30:00+00:00,115.547,115.555,115.43447503239085,115.77204993521828,115.43147503239085,0.11252496760914123,11.252496760914122,-1.0977560823498709,loss,2,16,2022,Friday,London
USDJPY,1,2022-02-03 15:15:00+00:00,2022-02-03 15:30:00+00:00,2022-02-04 13:30:00+00:00,114.939,114.947,114.72386075236285,115.36927849527427,115.36927849527427,0.21513924763714282,21.513924763714282,1.9628147811806584,win,1,88,2022,Thursday,NY
USDJPY,1,2022-02-08 15:30:00+00:00,2022-02-08 15:45:00+00:00,2022-02-09 02:00:00+00:00,115.541,115.552,115.37687076297114,115.86925847405772,115.37387076297114,0.16412923702885665,16.412923702885664,-1.085298635718093,loss,1,41,2022,Tuesday,NY
USDJPY,1,2022-02-10 08:00:00+00:00,2022-02-10 08:15:00+00:00,2022-02-10 08:45:00+00:00,115.623,115.632,115.55619465672721,115.75661068654557,115.55319465672721,0.06680534327278542,6.680534327278542,-1.1796263504104123,loss,2,2,2022,Thursday,London
USDJPY,1,2022-02-10 10:15:00+00:00,2022-02-10 10:30:00+00:00,2022-02-11 18:45:00+00:00,115.817,115.827,115.53453512651691,116.38192974696616,115.53153512651691,0.28246487348308436,28.246487348308435,-1.0460234217433702,loss,2,129,2022,Thursday,London
USDJPY,1,2022-02-25 14:45:00+00:00,2022-02-25 15:00:00+00:00,2022-02-27 22:00:00+00:00,115.627,115.63600000000001,115.45249126707635,115.97601746584728,115.44949126707635,0.17450873292363978,17.450873292363976,-1.068764466963765,loss,2,28,2022,Friday,NY
USDJPY,1,2022-03-02 10:00:00+00:00,2022-03-02 10:15:00+00:00,2022-03-02 16:00:00+00:00,115.245,115.257,115.07899860107334,115.57700279785334,115.57700279785334,0.1660013989266666,16.60013989266666,1.9277114525685402,win,1,23,2022,Wednesday,London
USDJPY,1,2022-03-08 08:15:00+00:00,2022-03-08 08:30:00+00:00,2022-03-08 13:30:00+00:00,115.496,115.506,115.35475227691272,115.77849544617453,115.77849544617453,0.14124772308727124,14.124772308727124,1.9292023985842757,win,2,20,2022,Tuesday,London
USDJPY,1,2022-03-14 09:00:00+00:00,2022-03-14 09:15:00+00:00,2022-03-14 18:30:00+00:00,117.806,117.81700000000001,117.67632347744717,118.06535304510565,118.06535304510565,0.12967652255282527,12.967652255282527,1.9151735427241712,win,3,37,2022,Monday,London
USDJPY,1,2022-03-18 09:15:00+00:00,2022-03-18 09:30:00+00:00,2022-03-18 12:45:00+00:00,118.918,118.929,118.77451117825537,119.20497764348929,119.20497764348929,0.14348882174463967,14.348882174463967,1.9233389760522857,win,2,13,2022,Friday,London
USDJPY,1,2022-04-01 07:45:00+00:00,2022-04-01 08:00:00+00:00,2022-04-01 14:15:00+00:00,122.466,122.47500000000001,122.22963523154226,122.93872953691546,122.93872953691546,0.2363647684577328,23.63647684577328,1.9619232592964737,win,2,25,2022,Friday,London
USDJPY,1,2022-04-12 09:00:00+00:00,2022-04-12 09:15:00+00:00,2022-04-12 13:30:00+00:00,125.603,125.613,125.39804832144316,126.01290335711366,125.39504832144316,0.2049516785568316,20.49516785568316,-1.0634295854103357,loss,2,17,2022,Tuesday,London
USDJPY,1,2022-04-15 09:30:00+00:00,2022-04-15 09:45:00+00:00,2022-04-15 16:30:00+00:00,126.466,126.477,126.34265763203332,126.71268473593332,126.33965763203332,0.12334236796666671,12.334236796666671,-1.1135051988283393,loss,2,27,2022,Friday,London
USDJPY,1,2022-04-27 08:45:00+00:00,2022-04-27 09:00:00+00:00,2022-04-28 04:00:00+00:00,127.989,127.99900000000001,127.51712966639622,128.93274066720758,128.93274066720758,0.47187033360379405,47.1870333603794,1.9788077374484585,win,2,76,2022,Wednesday,London
USDJPY,1,2022-05-09 09:30:00+00:00,2022-05-09 09:45:00+00:00,2022-05-09 12:30:00+00:00,131.16,131.17399999999998,131.00401763156327,131.47196473687347,131.0010176315633,0.1559823684367387,15.59823684367387,-1.1089866769579662,loss,2,11,2022,Monday,London
USDJPY,1,2022-06-01 09:30:00+00:00,2022-06-01 09:45:00+00:00,2022-06-01 16:45:00+00:00,129.46,129.469,129.14416276650635,130.09167446698729,130.09167446698729,0.3158372334936453,31.58372334936453,1.9715043096710123,win,1,28,2022,Wednesday,London
USDJPY,1,2022-06-07 10:30:00+00:00,2022-06-07 10:45:00+00:00,2022-06-07 14:45:00+00:00,132.7,132.70999999999998,132.50886297076872,133.0822740584625,132.50586297076873,0.1911370292312624,19.11370292312624,-1.0680140318821028,loss,2,16,2022,Tuesday,London
USDJPY,1,2022-06-29 10:15:00+00:00,2022-06-29 10:30:00+00:00,2022-06-30 14:30:00+00:00,136.26,136.26999999999998,135.75972242561943,137.2605551487611,135.75672242561944,0.5002775743805636,50.02775743805636,-1.0259855741406578,loss,0,112,2022,Wednesday,London
USDJPY,1,2022-07-05 07:45:00+00:00,2022-07-05 08:00:00+00:00,2022-07-05 08:30:00+00:00,136.24,136.251,136.07957018185627,136.5608596362875,136.07657018185628,0.1604298181437377,16.042981814373768,-1.0872655729587661,loss,2,2,2022,Tuesday,London
USDJPY,1,2022-07-11 09:45:00+00:00,2022-07-11 10:00:00+00:00,2022-07-11 13:30:00+00:00,136.968,136.976,136.69602222909563,137.5119555418087,137.5119555418087,0.2719777709043557,27.19777709043557,1.9705858314324496,win,3,14,2022,Monday,London
USDJPY,1,2022-07-11 15:15:00+00:00,2022-07-11 15:30:00+00:00,2022-07-11 16:45:00+00:00,137.483,137.49099999999999,137.2777154823709,137.89356903525825,137.2747154823709,0.20528451762911742,20.528451762911743,-1.0535841676079698,loss,2,5,2022,Monday,NY
USDJPY,1,2022-07-12 07:30:00+00:00,2022-07-12 07:45:00+00:00,2022-07-12 09:00:00+00:00,137.462,137.474,137.1670841596256,138.05183168074876,137.16408415962562,0.29491584037439195,29.491584037439193,-1.0508619678784925,loss,1,5,2022,Tuesday,London
USDJPY,-1,2022-08-01 13:45:00+00:00,2022-08-01 14:00:00+00:00,2022-08-02 01:15:00+00:00,132.052,132.042,132.5212147569375,131.11357048612496,131.11357048612496,0.4692147569375118,46.92147569375118,1.9786877973206836,win,2,45,2022,Monday,NY
USDJPY,-1,2022-08-02 07:30:00+00:00,2022-08-02 07:45:00+00:00,2022-08-02 09:15:00+00:00,130.807,130.798,131.10601301182245,130.20897397635505,131.10901301182244,0.2990130118224727,29.90130118224727,-1.0401320328062875,loss,2,6,2022,Tuesday,London
USDJPY,1,2022-08-22 14:45:00+00:00,2022-08-22 15:00:00+00:00,2022-08-23 14:45:00+00:00,137.351,137.364,136.88034843705736,138.29230312588527,136.87734843705738,0.47065156294262916,47.06515629426291,-1.033995425193026,loss,2,95,2022,Monday,NY
USDJPY,1,2022-08-29 09:00:00+00:00,2022-08-29 09:15:00+00:00,2022-08-29 10:00:00+00:00,138.796,138.80499999999998,138.61052472982212,139.16695054035574,138.60752472982213,0.18547527017788046,18.547527017788045,-1.0646986522163195,loss,1,3,2022,Monday,London
USDJPY,1,2022-09-02 09:00:00+00:00,2022-09-02 09:15:00+00:00,2022-09-02 13:30:00+00:00,140.321,140.331,140.1288933862111,140.70521322757776,140.12589338621112,0.19210661378888313,19.210661378888314,-1.0676707571050852,loss,2,17,2022,Friday,London
USDJPY,1,2022-09-05 08:00:00+00:00,2022-09-05 08:15:00+00:00,2022-09-06 01:00:00+00:00,140.494,140.505,140.28501774545293,140.91196450909413,140.28201774545295,0.20898225454707048,20.89822545470705,-1.0669913339308172,loss,2,67,2022,Monday,London
USDJPY,1,2022-09-07 10:00:00+00:00,2022-09-07 10:15:00+00:00,2022-09-07 12:00:00+00:00,144.14,144.148,143.8314615863657,144.7570768272686,144.7570768272686,0.308538413634305,30.8538413634305,1.974071299888503,win,2,7,2022,Wednesday,London
USDJPY,1,2022-09-29 09:30:00+00:00,2022-09-29 09:45:00+00:00,2022-09-29 16:00:00+00:00,144.721,144.733,144.4413461227404,145.28030775451919,144.43834612274043,0.27965387725959107,27.965387725959108,-1.0536377329968585,loss,1,25,2022,Thursday,London
USDJPY,1,2022-10-03 08:30:00+00:00,2022-10-03 08:45:00+00:00,2022-10-03 15:00:00+00:00,144.984,144.995,144.72567763587082,145.50064472825835,144.72267763587084,0.25832236412917203,25.832236412917204,-1.0541958496206474,loss,2,25,2022,Monday,London
USDJPY,1,2022-10-10 15:15:00+00:00,2022-10-10 15:30:00+00:00,2022-10-11 17:45:00+00:00,145.632,145.641,145.43319218434866,146.0296156313027,145.43019218434867,0.19880781565134406,19.880781565134406,-1.0603598000443921,loss,2,105,2022,Monday,NY
USDJPY,1,2022-10-17 09:15:00+00:00,2022-10-17 09:30:00+00:00,2022-10-17 14:30:00+00:00,148.742,148.751,148.57107655586856,149.08384688826283,148.56807655586857,0.17092344413142213,17.092344413142214,-1.07020686987084,loss,2,20,2022,Monday,London
USDJPY,1,2022-10-18 09:15:00+00:00,2022-10-18 09:30:00+00:00,2022-10-18 10:00:00+00:00,149.0,149.011,148.83770813680005,149.3245837263999,148.83470813680006,0.16229186319994998,16.229186319994998,-1.086264337126606,loss,2,2,2022,Tuesday,London
USDJPY,1,2022-10-24 07:30:00+00:00,2022-10-24 07:45:00+00:00,2022-10-24 12:45:00+00:00,149.159,149.16899999999998,148.75016658765367,149.97666682469264,148.74716658765368,0.40883341234632775,40.88334123463277,-1.0317977924684936,loss,2,20,2022,Monday,London
USDJPY,-1,2022-11-11 14:45:00+00:00,2022-11-11 15:00:00+00:00,2022-11-13 22:00:00+00:00,139.42,139.442,139.9031794701282,138.45364105974355,139.9061794701282,0.4831794701282185,48.31794701282185,-0.9606771372240012,loss,2,28,2022,Friday,NY
USDJPY,-1,2022-11-22 15:00:00+00:00,2022-11-22 15:15:00+00:00,2022-11-23 10:00:00+00:00,141.28,141.27,141.5575061214849,140.72498775703022,141.56050612148488,0.27750612148488546,27.750612148488546,-1.04684581345601,loss,2,75,2022,Tuesday,NY
USDJPY,-1,2022-11-24 09:00:00+00:00,2022-11-24 09:15:00+00:00,2022-11-25 09:30:00+00:00,138.675,138.66400000000002,139.2367367665093,137.55152646698144,139.23973676650928,0.5617367665092804,56.17367665092804,-1.0249227054995593,loss,2,97,2022,Thursday,London
USDJPY,-1,2022-11-28 08:15:00+00:00,2022-11-28 08:30:00+00:00,2022-11-28 13:00:00+00:00,137.881,137.871,138.41379015217325,136.81541969565347,138.41679015217323,0.5327901521732603,53.27901521732603,-1.0243998503856309,loss,2,18,2022,Monday,London
USDJPY,-1,2022-12-01 09:45:00+00:00,2022-12-01 10:00:00+00:00,2022-12-01 15:00:00+00:00,136.333,136.324,136.68628471849635,135.62643056300726,135.62643056300726,0.3532847184963653,35.32847184963653,1.9745247967750064,win,2,20,2022,Thursday,London
USDJPY,-1,2022-12-14 09:15:00+00:00,2022-12-14 09:30:00+00:00,2022-12-14 19:00:00+00:00,135.183,135.173,135.61559513243697,134.31780973512608,135.61859513243695,0.43259513243696335,43.25951324369633,-1.0300511934259462,loss,0,38,2022,Wednesday,London
USDJPY,-1,2022-12-19 08:45:00+00:00,2022-12-19 09:00:00+00:00,2022-12-19 09:45:00+00:00,135.873,135.86100000000002,136.1071597591762,135.40468048164757,136.11015975917618,0.2341597591762102,23.41597591762102,-1.0640588291204556,loss,3,3,2022,Monday,London
USDJPY,-1,2022-12-20 13:45:00+00:00,2022-12-20 14:00:00+00:00,2022-12-20 17:00:00+00:00,132.189,132.18300000000002,132.9285436721446,130.70991265571078,130.70991265571078,0.739543672144612,73.9543672144612,1.9918868888667733,win,2,12,2022,Tuesday,NY
USDJPY,-1,2022-12-21 08:45:00+00:00,2022-12-21 09:00:00+00:00,2022-12-21 13:45:00+00:00,131.567,131.559,132.25981118208387,130.18137763583226,132.26281118208385,0.6928111820838667,69.28111820838667,-1.0158773418854192,loss,2,19,2022,Wednesday,London
USDJPY,-1,2022-12-30 07:30:00+00:00,2022-12-30 07:45:00+00:00,2022-12-30 08:15:00+00:00,132.389,132.38,132.66220580332904,131.84258839334197,131.84258839334197,0.27320580332902583,27.320580332902583,1.9670578007847543,win,2,2,2022,Friday,London
USDJPY,-1,2023-01-12 07:45:00+00:00,2023-01-12 08:00:00+00:00,2023-01-12 09:30:00+00:00,131.601,131.591,131.9121223094587,130.9787553810826,130.9787553810826,0.3111223094586971,31.11223094586971,1.9678582997876581,win,1,6,2023,Thursday,London
USDJPY,-1,2023-01-13 07:30:00+00:00,2023-01-13 07:45:00+00:00,2023-01-18 02:30:00+00:00,128.548,128.538,129.3206246645548,127.0027506708904,129.32362466455479,0.7726246645547991,77.26246645547991,-1.0168257636551974,loss,1,267,2023,Friday,London
USDJPY,1,2023-02-17 08:00:00+00:00,2023-02-17 08:15:00+00:00,2023-02-17 13:45:00+00:00,134.9,134.909,134.62423830830286,135.45152338339426,134.62123830830288,0.27576169169713377,27.576169169713378,-1.043515834001915,loss,1,22,2023,Friday,London
USDJPY,1,2023-02-24 08:45:00+00:00,2023-02-24 09:00:00+00:00,2023-02-24 15:00:00+00:00,135.067,135.078,134.58172988889544,136.03754022220912,136.03754022220912,0.4852701111045599,48.527011110455994,1.977332212002573,win,2,12,2023,Friday,London
USDJPY,-1,2023-03-23 07:15:00+00:00,2023-03-23 07:30:00+00:00,2023-03-23 07:45:00+00:00,130.585,130.57500000000002,130.971601691807,129.81179661638603,130.97460169180698,0.3866016918069932,38.66016918069932,-1.0336263401725132,loss,2,1,2023,Thursday,London
USDJPY,-1,2023-03-24 08:00:00+00:00,2023-03-24 08:15:00+00:00,2023-03-24 13:45:00+00:00,130.025,130.01600000000002,130.49212811564348,129.09074376871305,130.49512811564347,0.46712811564347967,46.712811564347966,-1.0256888840515155,loss,2,14,2023,Friday,London
USDJPY,-1,2023-04-05 08:45:00+00:00,2023-04-05 09:00:00+00:00,2023-04-06 14:00:00+00:00,131.406,131.399,131.7411404548428,130.73571909031443,131.74414045484278,0.3351404548427892,33.51404548427892,-1.0298382360454787,loss,1,88,2023,Wednesday,London
USDJPY,-1,2023-04-14 08:30:00+00:00,2023-04-14 08:45:00+00:00,2023-04-14 12:00:00+00:00,132.354,132.34400000000002,132.60193843738648,131.8581231252271,132.60493843738647,0.24793843738645827,24.793843738645826,-1.0524323704586465,loss,2,9,2023,Friday,London
USDJPY,1,2023-05-02 08:00:00+00:00,2023-05-02 08:15:00+00:00,2023-05-02 09:15:00+00:00,137.664,137.672,137.4777264547916,138.0365470904168,137.4747264547916,0.1862735452084034,18.62735452084034,-1.05905293737594,loss,2,4,2023,Tuesday,London
USDJPY,1,2023-05-15 09:00:00+00:00,2023-05-15 09:15:00+00:00,2023-05-15 13:30:00+00:00,136.006,136.017,135.81139881881626,136.39520236236748,135.80839881881627,0.19460118118373862,19.460118118373863,-1.0719420093692376,loss,2,13,2023,Monday,London
USDJPY,1,2023-06-05 07:45:00+00:00,2023-06-05 08:00:00+00:00,2023-06-05 14:45:00+00:00,140.34,140.351,139.97511800924315,141.06976398151372,139.97211800924316,0.3648819907568627,36.48819907568627,-1.0383685694405902,loss,1,19,2023,Monday,London
USDJPY,1,2023-06-16 13:45:00+00:00,2023-06-16 15:00:00+00:00,2023-06-21 14:45:00+00:00,141.289,141.25,140.77218941970253,142.32262116059493,142.32262116059493,0.5168105802974685,51.68105802974685,2.075462851355616,win,0,207,2023,Friday,NY
USDJPY,1,2023-08-01 10:00:00+00:00,2023-08-01 10:15:00+00:00,2023-08-01 13:15:00+00:00,142.757,142.766,142.54728161280119,143.17643677439764,143.17643677439764,0.20971838719882438,20.971838719882438,1.9570853079684243,win,3,12,2023,Tuesday,London
USDJPY,1,2023-08-07 09:15:00+00:00,2023-08-07 09:30:00+00:00,2023-08-07 13:30:00+00:00,142.317,142.326,142.0957026223154,142.75959475536922,142.09270262231541,0.22129737768461102,22.1297377684611,-1.05422567644281,loss,2,16,2023,Monday,London
USDJPY,1,2023-08-25 10:00:00+00:00,2023-08-25 10:15:00+00:00,2023-08-25 13:00:00+00:00,146.061,146.07299999999998,145.89571115344572,146.39157769310862,145.89271115344573,0.16528884655430126,16.528884655430126,-1.0907502249101781,loss,3,11,2023,Friday,London
USDJPY,1,2023-08-28 15:45:00+00:00,2023-08-28 16:00:00+00:00,2023-08-28 16:45:00+00:00,146.661,146.671,146.3959168589785,147.19116628204299,146.3929168589785,0.2650831410214969,26.508314102149686,-1.0490412175964519,loss,1,3,2023,Monday,NY
USDJPY,1,2023-09-05 09:30:00+00:00,2023-09-05 09:45:00+00:00,2023-09-05 11:30:00+00:00,146.972,146.981,146.82410932145206,147.26778135709594,147.26778135709594,0.14789067854796445,14.789067854796444,1.9391442375655676,win,1,7,2023,Tuesday,London
USDJPY,1,2023-09-15 14:30:00+00:00,2023-09-15 14:45:00+00:00,2023-09-15 15:00:00+00:00,147.879,147.88899999999998,147.73374209904136,148.16951580191727,147.73074209904138,0.14525790095863503,14.525790095863503,-1.0894959923981669,loss,3,1,2023,Friday,NY
USDJPY,1,2023-09-21 08:30:00+00:00,2023-09-21 08:45:00+00:00,2023-09-21 09:00:00+00:00,148.342,148.351,148.227173991466,148.571652017068,148.22417399146602,0.11482600853400138,11.482600853400138,-1.1045059403630417,loss,2,1,2023,Thursday,London
USDJPY,1,2023-09-25 07:45:00+00:00,2023-09-25 08:00:00+00:00,2023-09-25 12:45:00+00:00,148.435,148.446,148.31662078555232,148.67175842889537,148.67175842889537,0.11837921444768197,11.837921444768197,1.9070782818477792,win,1,16,2023,Monday,London
USDJPY,1,2023-09-27 14:30:00+00:00,2023-09-27 14:45:00+00:00,2023-09-27 18:15:00+00:00,149.289,149.29899999999998,149.10427915313878,149.6584416937224,149.6584416937224,0.18472084686121149,18.47208468612115,1.9458642585830854,win,1,14,2023,Wednesday,NY
USDJPY,1,2023-11-07 09:45:00+00:00,2023-11-07 10:00:00+00:00,2023-11-08 12:15:00+00:00,150.429,150.44,150.23867296806102,150.80965406387796,150.80965406387796,0.19032703193897094,19.032703193897092,1.9422047415550012,win,2,105,2023,Tuesday,London
USDJPY,1,2023-11-13 08:00:00+00:00,2023-11-13 08:15:00+00:00,2023-11-13 15:00:00+00:00,151.799,151.807,151.6661234066614,152.06475318667722,151.6631234066614,0.13287659333860202,13.287659333860201,-1.0827835792865532,loss,2,27,2023,Monday,London
USDJPY,-1,2023-11-27 14:30:00+00:00,2023-11-27 14:45:00+00:00,2023-11-27 16:30:00+00:00,148.702,148.692,148.99418368358758,148.11763263282484,148.99718368358756,0.292183683587586,29.2183683587586,-1.0444925597499175,loss,1,7,2023,Monday,NY
USDJPY,-1,2023-12-12 09:30:00+00:00,2023-12-12 09:45:00+00:00,2023-12-12 13:30:00+00:00,145.393,145.382,145.63999796417494,144.89900407165013,144.89900407165013,0.2469979641749394,24.69979641749394,1.9554652199796738,win,1,15,2023,Tuesday,London
USDJPY,-1,2023-12-14 08:00:00+00:00,2023-12-14 08:15:00+00:00,2023-12-14 13:30:00+00:00,141.736,141.727,142.2040022690677,140.79999546186457,142.2070022690677,0.4680022690677117,46.800226906771165,-1.0256409013227128,loss,3,21,2023,Thursday,London
USDJPY,-1,2023-12-15 10:00:00+00:00,2023-12-15 10:15:00+00:00,2023-12-15 13:30:00+00:00,141.668,141.65800000000002,142.07515537880528,140.85368924238946,142.07815537880526,0.4071553788052766,40.715537880527656,-1.0319288425910458,loss,2,13,2023,Friday,London
USDJPY,-1,2023-12-20 14:45:00+00:00,2023-12-20 15:00:00+00:00,2023-12-20 15:15:00+00:00,143.336,143.32600000000002,143.64784561833892,142.7123087633222,143.6508456183389,0.3118456183389036,31.18456183389036,-1.0416872940823312,loss,3,1,2023,Wednesday,NY
USDJPY,-1,2023-12-21 15:45:00+00:00,2023-12-21 16:00:00+00:00,2023-12-28 15:15:00+00:00,142.164,142.15200000000002,143.0200641798844,140.4518716402312,140.4518716402312,0.8560641798844015,85.60641798844016,1.985982359404878,win,2,415,2023,Thursday,NY
USDJPY,1,2024-01-16 08:30:00+00:00,2024-01-16 08:45:00+00:00,2024-01-17 00:15:00+00:00,146.474,146.483,145.98017132070447,147.461657358591,147.461657358591,0.4938286792955059,49.382867929550585,1.9817750560521157,win,1,62,2024,Tuesday,London
USDJPY,1,2024-01-18 15:00:00+00:00,2024-01-18 15:15:00+00:00,2024-01-19 06:15:00+00:00,148.152,148.16299999999998,147.83254681305692,148.79090637388614,148.79090637388614,0.31945318694307456,31.945318694307456,1.965566159770549,win,2,60,2024,Thursday,NY
USDJPY,1,2024-02-05 08:15:00+00:00,2024-02-05 08:30:00+00:00,2024-02-06 15:00:00+00:00,148.579,148.588,148.2552367611344,149.2265264777312,148.2522367611344,0.3237632388655984,32.37632388655984,-1.0370641214303045,loss,1,122,2024,Monday,London
USDJPY,1,2024-02-13 07:15:00+00:00,2024-02-13 07:30:00+00:00,2024-02-13 11:00:00+00:00,149.612,149.62,149.4388976192437,149.95820476151258,149.43589761924372,0.17310238075629147,17.310238075629147,-1.0635462086190572,loss,2,14,2024,Tuesday,London
USDJPY,1,2024-02-16 09:30:00+00:00,2024-02-16 09:45:00+00:00,2024-02-16 13:30:00+00:00,150.275,150.28699999999998,150.13136453924986,150.56227092150027,150.56227092150027,0.14363546075013703,14.363546075013703,1.9164551710468276,win,2,15,2024,Friday,London
USDJPY,1,2024-03-01 07:15:00+00:00,2024-03-01 07:30:00+00:00,2024-03-01 08:45:00+00:00,150.442,150.453,150.32304391942452,150.67991216115095,150.67991216115095,0.1189560805754781,11.89560805754781,1.9075288968265256,win,1,5,2024,Friday,London
USDJPY,1,2024-03-01 09:45:00+00:00,2024-03-01 10:00:00+00:00,2024-03-01 10:15:00+00:00,150.624,150.635,150.4212568442556,151.0294863114888,150.4182568442556,0.20274315574439863,20.274315574439864,-1.0690528858968404,loss,2,1,2024,Friday,London
USDJPY,1,2024-03-20 07:45:00+00:00,2024-03-20 08:00:00+00:00,2024-03-20 13:30:00+00:00,151.484,151.494,151.326074300443,151.799851399114,151.799851399114,0.15792569955699784,15.792569955699785,1.9366790837207473,win,2,22,2024,Wednesday,London
USDJPY,1,2024-03-20 15:30:00+00:00,2024-03-20 15:45:00+00:00,2024-03-20 18:00:00+00:00,151.636,151.64499999999998,151.51586091182637,151.87627817634723,151.51286091182638,0.12013908817362166,12.013908817362166,-1.0998842273768423,loss,2,9,2024,Wednesday,NY
USDJPY,1,2024-04-03 08:00:00+00:00,2024-04-03 08:15:00+00:00,2024-04-04 14:30:00+00:00,151.703,151.713,151.53075471090398,152.04749057819205,151.527754710904,0.17224528909602338,17.224528909602338,-1.075473762261978,loss,0,121,2024,Wednesday,London
USDJPY,1,2024-04-08 08:15:00+00:00,2024-04-08 08:30:00+00:00,2024-04-08 14:45:00+00:00,151.839,151.85,151.7476705589969,152.0216588820062,151.74467055899692,0.09132944100310103,9.132944100310104,-1.1532912043062034,loss,1,25,2024,Monday,London
USDJPY,1,2024-04-16 09:15:00+00:00,2024-04-16 09:30:00+00:00,2024-04-16 14:30:00+00:00,154.514,154.528,154.27528062962045,154.9914387407591,154.27228062962047,0.23871937037954552,23.871937037954552,-1.0712133245532163,loss,2,20,2024,Tuesday,London
USDJPY,1,2024-04-18 14:30:00+00:00,2024-04-18 14:45:00+00:00,2024-04-19 02:30:00+00:00,154.565,154.575,154.30404273341222,155.08691453317556,154.30104273341223,0.2609572665877827,26.09572665877827,-1.0498165855657509,loss,1,47,2024,Thursday,NY
USDJPY,1,2024-04-24 10:15:00+00:00,2024-04-24 10:30:00+00:00,2024-04-24 13:15:00+00:00,154.933,154.94299999999998,154.7634940438449,155.27201191231018,154.76049404384491,0.16950595615509118,16.950595615509116,-1.076693470216959,loss,2,11,2024,Wednesday,London
USDJPY,1,2024-04-24 15:30:00+00:00,2024-04-24 15:45:00+00:00,2024-04-26 04:15:00+00:00,155.088,155.099,154.7548538608218,155.75429227835636,155.75429227835636,0.3331461391781817,33.31461391781817,1.9669814573654418,win,1,146,2024,Wednesday,NY
USDJPY,1,2024-04-30 08:00:00+00:00,2024-04-30 08:15:00+00:00,2024-04-30 08:15:00+00:00,156.912,156.922,156.69152711917528,157.35294576164944,156.6885271191753,0.22047288082472025,22.047288082472026,-1.058964168070727,loss,1,0,2024,Tuesday,London
USDJPY,1,2024-05-17 08:30:00+00:00,2024-05-17 08:45:00+00:00,2024-05-17 15:30:00+00:00,155.804,155.814,155.5857834964911,156.24043300701777,155.58278349649112,0.21821650350889138,21.821650350889136,-1.059573862613257,loss,2,27,2024,Friday,London
USDJPY,1,2024-06-24 09:45:00+00:00,2024-06-24 10:00:00+00:00,2024-06-24 10:15:00+00:00,159.784,159.796,159.6399200252603,160.07215994947938,159.6369200252603,0.14407997473970002,14.407997473970003,-1.1041088466810356,loss,2,1,2024,Monday,London
USDJPY,1,2024-07-03 09:45:00+00:00,2024-07-03 10:00:00+00:00,2024-07-03 14:15:00+00:00,161.845,161.855,161.66339841823154,162.20820316353692,161.66039841823155,0.18160158176845478,18.160158176845478,-1.0715852795630314,loss,3,17,2024,Wednesday,London
USDJPY,-1,2024-07-23 08:30:00+00:00,2024-07-23 08:45:00+00:00,2024-07-23 17:30:00+00:00,156.333,156.322,156.64943194708312,155.7001361058338,155.7001361058338,0.31643194708310585,31.643194708310585,1.9652373911629346,win,1,35,2024,Tuesday,London
USDJPY,-1,2024-07-24 08:30:00+00:00,2024-07-24 08:45:00+00:00,2024-07-24 13:15:00+00:00,154.65,154.64000000000001,154.95443930213173,154.04112139573655,154.04112139573655,0.3044393021317278,30.44393021317278,1.9671527298546125,win,1,18,2024,Wednesday,London
USDJPY,-1,2024-08-02 09:15:00+00:00,2024-08-02 09:30:00+00:00,2024-08-02 13:30:00+00:00,148.956,148.943,149.34581643247463,148.17636713505067,148.17636713505067,0.38981643247465647,38.98164324746565,1.9666509697463448,win,2,16,2024,Friday,London
USDJPY,-1,2024-08-08 08:30:00+00:00,2024-08-08 08:45:00+00:00,2024-08-08 10:30:00+00:00,145.653,145.644,146.42893584990745,144.10112830018508,146.43193584990743,0.7759358499074567,77.59358499074567,-1.0154651959970682,loss,1,7,2024,Thursday,London
USDJPY,-1,2024-08-20 13:45:00+00:00,2024-08-20 14:00:00+00:00,2024-08-20 18:00:00+00:00,146.167,146.16,146.57262637548936,145.35574724902128,145.35574724902128,0.40562637548936764,40.56263754893676,1.9827427395677342,win,2,16,2024,Tuesday,NY
USDJPY,-1,2024-09-04 07:30:00+00:00,2024-09-04 07:45:00+00:00,2024-09-04 15:00:00+00:00,145.082,145.07000000000002,145.55489820783154,144.13620358433687,144.13620358433687,0.4728982078315607,47.289820783156074,1.9746245602092811,win,3,29,2024,Wednesday,London
USDJPY,-1,2024-09-06 09:30:00+00:00,2024-09-06 09:45:00+00:00,2024-09-06 10:30:00+00:00,142.562,142.553,142.8298118975077,142.02637620498462,142.8328118975077,0.26781189750769174,26.781189750769173,-1.0448075687140168,loss,2,3,2024,Friday,London
USDJPY,-1,2024-09-11 09:30:00+00:00,2024-09-11 09:45:00+00:00,2024-09-11 12:30:00+00:00,141.498,141.48700000000002,141.81874365476259,140.8565126904748,141.82174365476257,0.3207436547625909,32.07436547625909,-1.0436485641791398,loss,3,11,2024,Wednesday,London
USDJPY,-1,2024-09-12 14:45:00+00:00,2024-09-12 15:00:00+00:00,2024-09-12 15:45:00+00:00,142.007,142.001,142.64040916291628,140.74018167416745,142.64340916291627,0.6334091629162731,63.340916291627316,-1.0142088250800732,loss,1,3,2024,Thursday,NY
USDJPY,-1,2024-09-13 08:30:00+00:00,2024-09-13 08:45:00+00:00,2024-09-13 10:30:00+00:00,141.079,141.07000000000002,141.43057248015657,140.37585503968688,140.37585503968688,0.351572480156567,35.1572480156567,1.974400726712207,win,3,7,2024,Friday,London
USDJPY,-1,2024-09-13 14:45:00+00:00,2024-09-13 15:00:00+00:00,2024-09-17 00:15:00+00:00,140.352,140.33200000000002,141.04146836230774,138.9730632753845,141.04446836230773,0.6894683623077451,68.94683623077451,-1.0333590361172977,loss,2,133,2024,Friday,NY
USDJPY,1,2024-10-16 09:45:00+00:00,2024-10-16 10:00:00+00:00,2024-10-16 12:45:00+00:00,149.462,149.476,149.15584844541743,150.07430310916513,149.15284844541745,0.3061515545825647,30.61515545825647,-1.055528053820162,loss,1,11,2024,Wednesday,London
USDJPY,1,2024-10-21 14:45:00+00:00,2024-10-21 15:00:00+00:00,2024-10-22 04:15:00+00:00,150.127,150.136,149.73375541814812,150.9134891637038,150.9134891637038,0.3932445818518937,39.32445818518937,1.9771134799680825,win,1,53,2024,Monday,NY
USDJPY,1,2024-10-22 07:45:00+00:00,2024-10-22 08:00:00+00:00,2024-10-22 14:30:00+00:00,150.826,150.83599999999998,150.6508426385268,151.17631472294636,150.6478426385268,0.17515736147318364,17.515736147318364,-1.0742189759576857,loss,1,26,2024,Tuesday,London
USDJPY,1,2024-11-06 09:45:00+00:00,2024-11-06 10:00:00+00:00,2024-11-07 13:30:00+00:00,153.995,154.01,153.61424715407995,154.75650569184015,153.61124715407996,0.3807528459200671,38.07528459200671,-1.0472747615489677,loss,2,110,2024,Wednesday,London
USDJPY,1,2024-11-11 07:30:00+00:00,2024-11-11 07:45:00+00:00,2024-11-12 02:00:00+00:00,153.529,153.53799999999998,153.30213833447596,153.98272333104808,153.98272333104808,0.22686166552403372,22.68616655240337,1.9603282468230905,win,2,73,2024,Monday,London
USDJPY,1,2024-11-14 08:30:00+00:00,2024-11-14 08:45:00+00:00,2024-11-14 15:00:00+00:00,155.893,155.903,155.6888096741375,156.30138065172497,155.68580967413752,0.20419032586249064,20.419032586249063,-1.0636660916479426,loss,2,21,2024,Thursday,London
USDJPY,-1,2024-12-02 15:45:00+00:00,2024-12-02 16:00:00+00:00,2024-12-03 13:45:00+00:00,149.871,149.86100000000002,150.3691891748574,148.8746216502852,148.8746216502852,0.4981891748574073,49.818917485740734,1.9799273037137652,win,1,87,2024,Monday,NY
USDJPY,1,2024-12-19 15:00:00+00:00,2024-12-19 15:15:00+00:00,2024-12-20 13:30:00+00:00,157.393,157.404,156.37595442394326,159.42709115211352,156.37295442394327,1.017045576056759,101.70455760567589,-1.013765361483846,loss,2,89,2024,Thursday,NY
USDJPY,1,2025-01-08 10:30:00+00:00,2025-01-08 10:45:00+00:00,2025-01-09 02:15:00+00:00,158.305,158.315,158.042440088764,158.83011982247197,158.03944008876402,0.26255991123598854,26.255991123598854,-1.0495125091213955,loss,1,62,2025,Wednesday,London
USDJPY,-1,2025-02-05 08:30:00+00:00,2025-02-05 08:45:00+00:00,2025-02-05 15:15:00+00:00,153.011,153.002,153.41886018188214,152.1952796362357,152.1952796362357,0.40786018188214407,40.786018188214406,1.9779336145086361,win,2,26,2025,Wednesday,London
USDJPY,-1,2025-02-17 10:15:00+00:00,2025-02-17 10:30:00+00:00,2025-02-17 23:30:00+00:00,151.74,151.729,151.95222697793344,151.31554604413316,151.31554604413316,0.2122269779334238,21.22269779334238,1.9481687007603627,win,1,52,2025,Monday,London
USDJPY,-1,2025-02-20 10:00:00+00:00,2025-02-20 10:15:00+00:00,2025-02-20 13:30:00+00:00,150.226,150.21900000000002,150.44657983391056,149.78484033217887,149.78484033217887,0.2205798339105643,22.05798339105643,1.968265458016357,win,2,13,2025,Thursday,London
USDJPY,-1,2025-03-06 14:30:00+00:00,2025-03-06 14:45:00+00:00,2025-03-06 15:00:00+00:00,147.46,147.45000000000002,147.86804842205768,146.64390315588466,147.87104842205767,0.40804842205767355,40.80484220576736,-1.0318589640279037,loss,2,1,2025,Thursday,NY
USDJPY,-1,2025-03-07 07:30:00+00:00,2025-03-07 07:45:00+00:00,2025-03-07 12:00:00+00:00,147.531,147.517,147.77173654660652,147.04952690678698,147.7747365466065,0.2407365466065083,24.07365466065083,-1.0706166148831056,loss,2,17,2025,Friday,London
USDJPY,-1,2025-03-10 14:30:00+00:00,2025-03-10 14:45:00+00:00,2025-03-10 15:30:00+00:00,146.646,146.63500000000002,147.19319268600273,145.5516146279945,147.19619268600272,0.5471926860027386,54.719268600273864,-1.025585137298216,loss,2,3,2025,Monday,NY
USDJPY,-1,2025-04-03 09:30:00+00:00,2025-04-03 09:45:00+00:00,2025-04-03 13:45:00+00:00,146.951,146.942,147.4943047020539,145.86439059589216,145.86439059589216,0.5433047020539196,54.330470205391954,1.9834347099040948,win,2,16,2025,Thursday,London
USDJPY,-1,2025-04-07 07:15:00+00:00,2025-04-07 07:30:00+00:00,2025-04-07 11:15:00+00:00,145.595,145.583,146.4908120755596,143.8033758488808,146.4938120755596,0.8958120755596073,89.58120755596073,-1.0167445833888908,loss,1,15,2025,Monday,London
USDJPY,-1,2025-04-09 07:30:00+00:00,2025-04-09 07:45:00+00:00,2025-04-09 08:45:00+00:00,145.06,145.05100000000002,145.5742613074458,144.03147738510842,145.57726130744578,0.5142613074457959,51.42613074457959,-1.0233344407331941,loss,3,4,2025,Wednesday,London
USDJPY,-1,2025-04-09 09:30:00+00:00,2025-04-09 09:45:00+00:00,2025-04-09 13:15:00+00:00,145.299,145.29600000000002,145.812223939808,144.272552120384,144.272552120384,0.5132239398079991,51.32239398079991,1.9941545984758509,win,1,14,2025,Wednesday,London
USDJPY,-1,2025-04-11 13:45:00+00:00,2025-04-11 14:00:00+00:00,2025-04-11 14:30:00+00:00,142.521,142.517,143.25333350700663,141.05633298598673,143.25633350700662,0.7323335070066297,73.23335070066297,-1.0095584865816156,loss,2,2,2025,Friday,NY
USDJPY,-1,2025-04-21 08:00:00+00:00,2025-04-21 08:15:00+00:00,2025-04-21 11:30:00+00:00,140.671,140.663,140.92001492194404,140.17297015611186,140.92301492194403,0.2490149219440661,24.90149219440661,-1.0441740595867763,loss,1,13,2025,Monday,London
USDJPY,-1,2025-04-21 13:45:00+00:00,2025-04-21 14:00:00+00:00,2025-04-22 01:00:00+00:00,140.78,140.77200000000002,141.08727672681255,140.16544654637494,141.09027672681253,0.30727672681253887,30.727672681253885,-1.035798350607546,loss,3,44,2025,Monday,NY
USDJPY,-1,2025-05-21 15:30:00+00:00,2025-05-21 15:45:00+00:00,2025-05-21 23:00:00+00:00,143.674,143.66400000000002,143.9161104354196,143.18977912916083,143.91911043541958,0.24211043541958352,24.21104354195835,-1.0536945050611073,loss,3,29,2025,Wednesday,NY
USDJPY,-1,2025-05-22 08:15:00+00:00,2025-05-22 08:30:00+00:00,2025-05-22 10:00:00+00:00,143.184,143.173,143.44793040109656,142.65613919780685,143.45093040109654,0.2639304010965673,26.393040109656727,-1.0530442872128656,loss,3,6,2025,Thursday,London
USDJPY,-1,2025-06-12 08:45:00+00:00,2025-06-12 09:00:00+00:00,2025-06-12 13:30:00+00:00,143.878,143.868,144.1544175845791,143.32516483084177,143.32516483084177,0.2764175845791105,27.641758457911045,1.9638228515192913,win,2,18,2025,Thursday,London
USDJPY,-1,2025-06-12 14:30:00+00:00,2025-06-12 14:45:00+00:00,2025-06-12 16:00:00+00:00,143.227,143.21900000000002,143.80233608039825,142.07632783920351,143.80533608039823,0.5753360803982428,57.53360803982428,-1.0191192598113348,loss,2,5,2025,Thursday,NY
USDJPY,1,2025-06-19 15:00:00+00:00,2025-06-19 15:15:00+00:00,2025-06-19 22:00:00+00:00,145.468,145.476,145.3163864110137,145.77122717797258,145.3133864110137,0.1516135889862939,15.16135889862939,-1.0725528633253971,loss,2,27,2025,Thursday,NY
USDJPY,-1,2025-07-01 14:30:00+00:00,2025-07-01 14:45:00+00:00,2025-07-01 15:00:00+00:00,143.107,143.10500000000002,143.31621128444795,142.6885774311041,143.31921128444793,0.209211284447947,20.9211284447947,-1.0238992844633577,loss,2,1,2025,Tuesday,NY
USDJPY,1,2025-07-08 07:30:00+00:00,2025-07-08 07:45:00+00:00,2025-07-08 14:30:00+00:00,146.211,146.227,145.86800264937088,146.89699470125825,146.89699470125825,0.3429973506291233,34.299735062912326,1.9533524093680243,win,2,27,2025,Tuesday,London
USDJPY,1,2025-07-10 07:30:00+00:00,2025-07-10 07:45:00+00:00,2025-07-10 07:45:00+00:00,146.341,146.35299999999998,146.1633117089591,146.6963765820818,146.1603117089591,0.17768829104089995,17.768829104089995,-1.084417492633287,loss,1,0,2025,Thursday,London
USDJPY,1,2025-07-11 07:45:00+00:00,2025-07-11 08:00:00+00:00,2025-07-11 08:15:00+00:00,146.92,146.93099999999998,146.72219314874172,147.31561370251652,146.71919314874174,0.19780685125826816,19.780685125826817,-1.0707761127125874,loss,2,1,2025,Friday,London
USDJPY,1,2025-07-11 09:45:00+00:00,2025-07-11 10:00:00+00:00,2025-07-14 00:00:00+00:00,146.984,146.995,146.7096948248418,147.53261035031645,147.53261035031645,0.27430517515822533,27.430517515822533,1.959898678566075,win,3,56,2025,Friday,London
USDJPY,1,2025-07-17 10:15:00+00:00,2025-07-17 10:30:00+00:00,2025-07-17 13:30:00+00:00,148.694,148.70399999999998,148.50905010658607,149.06389978682782,149.06389978682782,0.18494989341391518,18.494989341391516,1.945931301633077,win,3,12,2025,Thursday,London
USDJPY,1,2025-07-22 09:15:00+00:00,2025-07-22 09:30:00+00:00,2025-07-22 10:00:00+00:00,147.738,147.748,147.58598780735625,148.0420243852875,147.58298780735626,0.152012192643752,15.201219264375199,-1.0855194558665666,loss,2,2,2025,Tuesday,London
USDJPY,1,2025-08-22 10:15:00+00:00,2025-08-22 10:30:00+00:00,2025-08-22 15:00:00+00:00,148.67,148.678,148.40261065167806,149.2047786966438,148.39961065167807,0.2673893483219157,26.738934832191568,-1.0411385123193624,loss,2,18,2025,Friday,London
USDJPY,1,2025-09-03 09:30:00+00:00,2025-09-03 09:45:00+00:00,2025-09-03 10:30:00+00:00,148.756,148.768,148.4981445474658,149.27171090506837,148.49514454746583,0.2578554525341843,25.78554525341843,-1.0581721264862556,loss,3,3,2025,Wednesday,London
USDJPY,1,2025-09-26 08:00:00+00:00,2025-09-26 08:15:00+00:00,2025-09-26 13:30:00+00:00,149.84,149.84799999999998,149.6081897625174,150.3036204749652,149.60518976251743,0.23181023748259594,23.181023748259594,-1.0474526065777765,loss,2,21,2025,Friday,London
USDJPY,1,2025-10-06 08:30:00+00:00,2025-10-06 08:45:00+00:00,2025-10-06 13:00:00+00:00,150.155,150.16299999999998,149.9112989440013,150.64240211199746,149.9082989440013,0.2437010559987262,24.37010559987262,-1.0451372685065898,loss,2,17,2025,Monday,London
USDJPY,1,2025-10-07 07:15:00+00:00,2025-10-07 07:30:00+00:00,2025-10-07 19:00:00+00:00,150.687,150.69899999999998,150.23740390259482,151.5861921948104,151.5861921948104,0.44959609740518497,44.959609740518495,1.9733093768624395,win,1,46,2025,Tuesday,London
USDJPY,1,2025-10-08 08:00:00+00:00,2025-10-08 08:15:00+00:00,2025-10-08 10:00:00+00:00,152.448,152.459,152.24054845741531,152.8629030851694,152.8629030851694,0.20745154258468823,20.745154258468823,1.946975569027179,win,3,7,2025,Wednesday,London
USDJPY,1,2025-10-13 09:15:00+00:00,2025-10-13 09:30:00+00:00,2025-10-14 06:30:00+00:00,152.363,152.374,151.70847599984975,153.6720480003005,151.70547599984977,0.6545240001502475,65.45240001502475,-1.0213895899871765,loss,1,84,2025,Monday,London
USDJPY,1,2025-10-23 09:30:00+00:00,2025-10-23 09:45:00+00:00,2025-10-24 13:30:00+00:00,152.594,152.605,152.3259448265785,153.130110346843,152.32294482657852,0.2680551734214999,26.805517342149994,-1.052228053729651,loss,1,111,2025,Thursday,London
USDJPY,1,2025-10-31 10:15:00+00:00,2025-10-31 10:30:00+00:00,2025-10-31 12:30:00+00:00,154.153,154.16299999999998,153.9885611427991,154.48187771440175,153.98556114279913,0.1644388572008817,16.44388572008817,-1.0790567401237288,loss,2,8,2025,Friday,London
USDJPY,1,2025-11-05 08:00:00+00:00,2025-11-05 08:15:00+00:00,2025-11-05 15:00:00+00:00,153.639,153.648,153.39587861581282,154.12524276837442,154.12524276837442,0.2431213841872019,24.31213841872019,1.9629814545928637,win,1,27,2025,Wednesday,London
USDJPY,1,2025-11-10 08:30:00+00:00,2025-11-10 08:45:00+00:00,2025-11-10 16:15:00+00:00,154.077,154.087,153.92935285503032,154.3722942899394,153.92635285503033,0.14764714496969406,14.764714496969406,-1.0880477573923477,loss,2,30,2025,Monday,London
USDJPY,1,2025-11-18 10:15:00+00:00,2025-11-18 10:30:00+00:00,2025-11-19 10:30:00+00:00,155.281,155.29399999999998,154.8990143554502,156.0449712890996,156.0449712890996,0.38198564454980116,38.198564454980115,1.9659673074486876,win,3,96,2025,Tuesday,London
USDJPY,1,2025-11-24 08:30:00+00:00,2025-11-24 08:45:00+00:00,2025-11-25 01:15:00+00:00,156.787,156.79399999999998,156.58528533840112,157.19042932319778,156.58228533840114,0.2017146615988816,20.17146615988816,-1.0495749784408397,loss,1,66,2025,Monday,London
USDJPY,1,2025-11-27 09:15:00+00:00,2025-11-27 09:30:00+00:00,2025-11-28 13:45:00+00:00,156.394,156.405,156.06960516417396,157.0427896716521,156.06660516417398,0.32439483582604733,32.43948358260473,-1.0431572838215053,loss,0,113,2025,Thursday,London
USDJPY,1,2025-12-08 14:30:00+00:00,2025-12-08 14:45:00+00:00,2025-12-09 08:15:00+00:00,155.696,155.706,155.3817148132094,156.3245703735812,156.3245703735812,0.31428518679059264,31.428518679059263,1.9681817647783657,win,2,70,2025,Monday,NY
USDJPY,1,2025-12-09 10:00:00+00:00,2025-12-09 10:15:00+00:00,2025-12-09 15:00:00+00:00,156.184,156.195,155.965467869661,156.62106426067797,156.62106426067797,0.2185321303389791,21.853213033897912,1.9496641524387284,win,3,19,2025,Tuesday,London
USDJPY,1,2026-01-22 09:45:00+00:00,2026-01-22 10:00:00+00:00,2026-01-22 11:45:00+00:00,158.695,158.703,158.564139116716,158.956721766568,158.56113911671602,0.1308608832839967,13.08608832839967,-1.0840587326322195,loss,2,7,2026,Thursday,London
USDJPY,-1,2026-01-28 08:15:00+00:00,2026-01-28 08:30:00+00:00,2026-01-28 08:45:00+00:00,152.46,152.449,152.760187652783,151.85962469443402,152.763187652783,0.3001876527829936,30.01876527829936,-1.0466374944811725,loss,2,1,2026,Wednesday,London
USDJPY,-1,2026-02-10 09:00:00+00:00,2026-02-10 09:15:00+00:00,2026-02-10 13:30:00+00:00,155.36,155.34900000000002,155.64438832587354,154.79122334825297,154.79122334825297,0.2843883258735223,28.43883258735223,1.9613204938486513,win,3,17,2026,Tuesday,London
USDJPY,-1,2026-02-11 07:45:00+00:00,2026-02-11 08:00:00+00:00,2026-02-11 09:00:00+00:00,153.107,153.096,153.34071744234538,152.63956511530924,153.34371744234537,0.2337174423453797,23.371744234537967,-1.059901391438699,loss,1,4,2026,Wednesday,London
USDJPY,1,2026-03-02 09:45:00+00:00,2026-03-02 10:00:00+00:00,2026-03-02 13:00:00+00:00,157.007,157.018,156.78204649197335,157.4569070160533,157.4569070160533,0.22495350802664943,22.49535080266494,1.9511010070636314,win,2,12,2026,Monday,London
USDJPY,1,2026-03-03 13:45:00+00:00,2026-03-03 14:00:00+00:00,2026-03-03 19:30:00+00:00,157.801,157.81,157.48665307464006,158.42969385071984,157.48365307464007,0.3143469253599256,31.434692535992557,-1.0381743832431722,loss,2,22,2026,Tuesday,NY
USDJPY,1,2026-03-05 07:45:00+00:00,2026-03-05 08:00:00+00:00,2026-03-05 09:00:00+00:00,157.257,157.266,156.94643017075398,157.87813965849205,156.943430170754,0.31056982924601806,31.056982924601805,-1.0386386534361924,loss,1,4,2026,Thursday,London
USDJPY,1,2026-03-09 08:15:00+00:00,2026-03-09 08:30:00+00:00,2026-03-09 09:30:00+00:00,158.647,158.65699999999998,158.3432339297715,159.25453214045703,158.3402339297715,0.30376607022851576,30.376607022851577,-1.0427960897350605,loss,2,4,2026,Monday,London
USDJPY,1,2026-03-13 08:15:00+00:00,2026-03-13 08:30:00+00:00,2026-03-13 09:00:00+00:00,159.513,159.52599999999998,159.30634951914575,159.9263009617085,159.30334951914577,0.20665048085424484,20.665048085424484,-1.077425418677121,loss,3,2,2026,Friday,London
USDJPY,1,2026-03-23 07:45:00+00:00,2026-03-23 08:00:00+00:00,2026-03-23 08:45:00+00:00,159.588,159.59799999999998,159.36937146195726,160.0252570760855,159.36637146195727,0.21862853804274604,21.862853804274604,-1.0594615877522149,loss,3,3,2026,Monday,London
USDJPY,1,2026-03-26 15:30:00+00:00,2026-03-26 15:45:00+00:00,2026-03-26 20:00:00+00:00,159.678,159.689,159.4227553488665,160.18848930226702,159.41975534886652,0.2552446511335047,25.52446511335047,-1.0548493374407646,loss,2,17,2026,Thursday,NY
USDJPY,1,2026-03-27 10:30:00+00:00,2026-03-27 10:45:00+00:00,2026-03-27 15:30:00+00:00,159.933,159.944,159.74145490684631,160.31609018630732,159.73845490684633,0.19154509315366955,19.154509315366955,-1.0730898388963612,loss,2,19,2026,Friday,London
USDJPY,1,2026-04-10 08:45:00+00:00,2026-04-10 09:00:00+00:00,2026-04-10 11:45:00+00:00,159.34,159.35,159.1845618877231,159.65087622455377,159.18156188772312,0.15543811227688822,15.543811227688822,-1.083634572046452,loss,2,11,2026,Friday,London
USDJPY,1,2026-04-30 08:30:00+00:00,2026-04-30 08:45:00+00:00,2026-04-30 08:45:00+00:00,160.577,160.584,160.43333161905664,160.8643367618867,160.43033161905666,0.14366838094335802,14.366838094335801,-1.0696047378993478,loss,3,0,2026,Thursday,London
USDJPY,-1,2026-05-06 14:30:00+00:00,2026-05-06 14:45:00+00:00,2026-05-06 16:00:00+00:00,156.135,156.124,156.40045788423444,155.6040842315311,156.40345788423443,0.26545788423445726,26.545788423445725,-1.0527390626967021,loss,2,5,2026,Wednesday,NY
USDJPY,-1,2026-05-07 09:15:00+00:00,2026-05-07 09:30:00+00:00,2026-05-07 12:45:00+00:00,156.214,156.20100000000002,156.42177895977323,155.79844208045353,156.42477895977322,0.20777895977324248,20.77789597732425,-1.0770049095318308,loss,2,13,2026,Thursday,London
USDJPY,1,2026-05-27 15:45:00+00:00,2026-05-27 16:00:00+00:00,2026-05-28 15:00:00+00:00,159.507,159.518,159.28488177343428,159.95123645313143,159.2818817734343,0.22211822656571215,22.211822656571215,-1.0630294965724205,loss,2,92,2026,Wednesday,NY
USDJPY,1,2026-06-12 07:30:00+00:00,2026-06-12 07:45:00+00:00,2026-06-12 09:00:00+00:00,160.321,160.332,160.2221012159337,160.5187975681326,160.2191012159337,0.0988987840663001,9.88987840663001,-1.1415588688188851,loss,2,5,2026,Friday,London
USDJPY,1,2026-06-18 09:15:00+00:00,2026-06-18 09:30:00+00:00,2026-06-18 09:45:00+00:00,160.636,160.646,160.56663428143483,160.77473143713033,160.77473143713033,0.06936571856516974,6.936571856516974,1.8558365687424774,win,2,1,2026,Thursday,London
USDJPY,1,2026-06-30 08:45:00+00:00,2026-06-30 09:00:00+00:00,2026-06-30 13:30:00+00:00,162.256,162.268,162.1107580563268,162.5464838873464,162.10775805632682,0.1452419436732021,14.52419436732021,-1.1032759519779856,loss,3,18,2026,Tuesday,London
USDJPY,1,2026-07-06 15:30:00+00:00,2026-07-06 15:45:00+00:00,2026-07-06 18:15:00+00:00,162.334,162.345,162.23638788497422,162.5292242300516,162.23338788497423,0.09761211502579369,9.761211502579368,-1.1434248197190577,loss,2,10,2026,Monday,NY
USDJPY,1,2026-07-15 09:00:00+00:00,2026-07-15 09:15:00+00:00,2026-07-15 16:15:00+00:00,162.334,162.345,162.09599968514857,162.8100006297029,162.09299968514858,0.2380003148514441,23.80003148514441,-1.0588234515937907,loss,1,28,2026,Wednesday,London
USDJPY,1,2026-07-16 13:45:00+00:00,2026-07-16 14:00:00+00:00,2026-07-21 09:15:00+00:00,162.295,162.304,162.10862277039186,162.66775445921624,162.66775445921624,0.18637722960812378,18.63772296081238,1.951710839253634,win,0,269,2026,Thursday,NY
USDJPY,-1,2026-08-03 08:00:00+00:00,2026-08-03 08:15:00+00:00,2026-08-03 09:45:00+00:00,156.589,156.577,156.9339256698193,155.89914866036142,156.9369256698193,0.3449256698192932,34.492566981929315,-1.0434876302707643,loss,3,6,2026,Monday,London
USDJPY,-1,2026-08-03 14:30:00+00:00,2026-08-03 14:45:00+00:00,2026-08-03 16:45:00+00:00,156.354,156.346,157.01239023669984,155.03721952660035,157.01539023669983,0.6583902366998332,65.83902366998332,-1.016707416645681,loss,1,8,2026,Monday,NY
USDJPY,-1,2026-08-17 07:15:00+00:00,2026-08-17 07:30:00+00:00,2026-08-17 09:45:00+00:00,159.026,159.017,159.1345516232477,158.80889675350468,159.13755162324767,0.10855162324766376,10.855162324766376,-1.110546481397483,loss,3,9,2026,Monday,London
USDJPY,-1,2026-08-19 10:30:00+00:00,2026-08-19 10:45:00+00:00,2026-08-19 13:30:00+00:00,159.128,159.12,159.288799425776,158.80640114844795,158.80640114844795,0.16079942577601705,16.079942577601706,1.9502485785545058,win,1,11,2026,Wednesday,London
USDJPY,-1,2026-08-26 09:00:00+00:00,2026-08-26 09:15:00+00:00,2026-08-26 12:15:00+00:00,158.971,158.961,159.13003554216107,158.65292891567788,159.13303554216105,0.15903554216106572,15.903554216106572,-1.0817427338777454,loss,2,12,2026,Wednesday,London
AUDUSD,1,2019-01-09 08:30:00+00:00,2019-01-09 08:45:00+00:00,2019-01-09 15:00:00+00:00,0.71596,0.71608,0.7144918369714377,0.7188963260571247,0.7188963260571247,0.0014681630285623345,14.681630285623346,1.9182652078376456,win,2,25,2019,Wednesday,London
AUDUSD,1,2019-01-11 08:45:00+00:00,2019-01-11 09:00:00+00:00,2019-01-11 14:00:00+00:00,0.72159,0.7217,0.7205736324185587,0.7236227351628826,0.7205436324185587,0.0010163675814412797,10.163675814412796,-1.137745440287973,loss,1,20,2019,Friday,London
AUDUSD,1,2019-01-30 09:45:00+00:00,2019-01-30 10:00:00+00:00,2019-01-30 13:00:00+00:00,0.72023,0.7203400000000001,0.7190378334651527,0.7226143330696947,0.7190078334651527,0.001192166534847341,11.92166534847341,-1.1174332577771466,loss,2,12,2019,Wednesday,London
AUDUSD,1,2019-01-31 07:15:00+00:00,2019-01-31 07:30:00+00:00,2019-01-31 19:00:00+00:00,0.72738,0.7274700000000001,0.7259191794611999,0.7303016410776002,0.7258891794611999,0.001460820538800105,14.60820538800105,-1.0821456139291517,loss,2,46,2019,Thursday,London
AUDUSD,-1,2019-02-15 07:30:00+00:00,2019-02-15 07:45:00+00:00,2019-02-15 09:45:00+00:00,0.70833,0.7082099999999999,0.7094720304689291,0.7060459390621417,0.7095020304689291,0.001142030468929159,11.420304689291589,-1.131345007056352,loss,2,8,2019,Friday,London
AUDUSD,-1,2019-03-06 08:45:00+00:00,2019-03-06 09:00:00+00:00,2019-03-06 14:30:00+00:00,0.70277,0.70266,0.7041519740169405,0.700006051966119,0.7041819740169405,0.0013819740169405024,13.819740169405023,-1.1013043648316772,loss,2,22,2019,Wednesday,London
AUDUSD,-1,2019-03-14 15:15:00+00:00,2019-03-14 15:30:00+00:00,2019-03-14 15:30:00+00:00,0.70512,0.705,0.7058449185638358,0.7036701628723283,0.7058749185638358,0.0007249185638358087,7.249185638358087,-1.2069197941439107,loss,2,0,2019,Thursday,NY
AUDUSD,-1,2019-03-27 10:00:00+00:00,2019-03-27 10:15:00+00:00,2019-03-27 15:00:00+00:00,0.70976,0.7096499999999999,0.7108093117412271,0.7076613765175457,0.7076613765175457,0.0010493117412271363,10.493117412271364,1.8951693803869756,win,3,19,2019,Wednesday,London
AUDUSD,-1,2019-03-28 15:15:00+00:00,2019-03-28 15:30:00+00:00,2019-03-29 00:15:00+00:00,0.70774,0.7076199999999999,0.708688764654902,0.7058424706901959,0.708718764654902,0.000948764654902042,9.48764654902042,-1.1581003246959616,loss,3,35,2019,Thursday,NY
AUDUSD,-1,2019-04-25 09:00:00+00:00,2019-04-25 09:15:00+00:00,2019-04-26 02:15:00+00:00,0.70088,0.7007699999999999,0.7022612478696367,0.6981175042607264,0.7022912478696367,0.001381247869636781,13.812478696367808,-1.1013576223917323,loss,2,68,2019,Thursday,London
AUDUSD,-1,2019-05-09 09:00:00+00:00,2019-05-09 09:15:00+00:00,2019-05-09 11:30:00+00:00,0.69664,0.6965399999999999,0.6979613202745633,0.6939973594508735,0.6979913202745632,0.0013213202745632532,13.21320274563253,-1.098386441578679,loss,2,9,2019,Thursday,London
AUDUSD,-1,2019-05-09 13:45:00+00:00,2019-05-09 14:00:00+00:00,2019-05-09 17:30:00+00:00,0.69691,0.6968,0.6982871513119163,0.6941556973761676,0.6983171513119163,0.0013771513119162524,13.771513119162524,-1.1016591269155918,loss,3,14,2019,Thursday,NY
AUDUSD,-1,2019-05-15 08:00:00+00:00,2019-05-15 08:15:00+00:00,2019-05-15 15:00:00+00:00,0.6922,0.6921099999999999,0.6934080822985439,0.6897838354029124,0.6934380822985439,0.0012080822985438015,12.080822985438015,-1.099330981130027,loss,2,27,2019,Wednesday,London
AUDUSD,-1,2019-05-16 08:15:00+00:00,2019-05-16 08:30:00+00:00,2019-05-16 08:30:00+00:00,0.69103,0.6909,0.6916165141957464,0.6898569716085071,0.6916465141957464,0.000586514195746434,5.86514195746434,-1.2727981712299232,loss,3,0,2019,Thursday,London
AUDUSD,-1,2019-05-17 09:00:00+00:00,2019-05-17 09:15:00+00:00,2019-05-19 22:00:00+00:00,0.68826,0.68816,0.6895649423442569,0.6856501153114861,0.6895949423442569,0.0013049423442569185,13.049423442569184,-1.0996212595691373,loss,2,51,2019,Friday,London
AUDUSD,-1,2019-05-21 14:45:00+00:00,2019-05-21 15:00:00+00:00,2019-05-21 15:45:00+00:00,0.68669,0.6865899999999999,0.6881540746821814,0.6837618506356372,0.6881840746821813,0.0014640746821813952,14.640746821813952,-1.08879328464743,loss,2,3,2019,Tuesday,NY
AUDUSD,-1,2019-05-23 09:15:00+00:00,2019-05-23 09:30:00+00:00,2019-05-23 13:00:00+00:00,0.68685,0.6867399999999999,0.6877660761649576,0.6850178476700847,0.6877960761649575,0.0009160761649576366,9.160761649576365,-1.1528257205627195,loss,2,14,2019,Thursday,London
AUDUSD,-1,2019-06-10 14:45:00+00:00,2019-06-10 15:00:00+00:00,2019-06-12 06:15:00+00:00,0.69629,0.69621,0.6972792343225075,0.6943115313549848,0.6943115313549848,0.0009892343225075546,9.892343225075546,1.9191293729102248,win,3,157,2019,Monday,NY
AUDUSD,-1,2019-06-13 07:15:00+00:00,2019-06-13 07:30:00+00:00,2019-06-13 08:45:00+00:00,0.69088,0.69077,0.6914678314638242,0.6897043370723517,0.6914978314638242,0.0005878314638241791,5.878314638241791,-1.2381635019826922,loss,2,5,2019,Thursday,London
AUDUSD,-1,2019-06-13 09:15:00+00:00,2019-06-13 09:30:00+00:00,2019-06-13 12:45:00+00:00,0.69108,0.6909599999999999,0.6916496700906026,0.6899406598187949,0.6916796700906026,0.0005696700906025513,5.696700906025512,-1.2633102956862075,loss,3,13,2019,Thursday,London
AUDUSD,-1,2019-06-14 09:15:00+00:00,2019-06-14 09:30:00+00:00,2019-06-14 16:15:00+00:00,0.6895,0.68939,0.6906400492863514,0.6872199014272972,0.6872199014272972,0.0011400492863513968,11.400492863513968,1.9035129434166367,win,2,27,2019,Friday,London
AUDUSD,-1,2019-06-17 13:45:00+00:00,2019-06-17 14:00:00+00:00,2019-06-18 02:30:00+00:00,0.68657,0.6864399999999999,0.6874687386725897,0.6847725226548205,0.6847725226548205,0.000898738672589771,8.98738672589771,1.855352836185996,win,2,50,2019,Monday,NY
AUDUSD,-1,2019-06-18 08:15:00+00:00,2019-06-18 08:30:00+00:00,2019-06-18 09:30:00+00:00,0.68348,0.6833699999999999,0.6842121964529486,0.6820156070941027,0.6842421964529486,0.000732196452948643,7.321964529486429,-1.191205515181384,loss,1,4,2019,Tuesday,London
AUDUSD,-1,2019-06-18 10:30:00+00:00,2019-06-18 10:45:00+00:00,2019-06-18 11:15:00+00:00,0.68409,0.6839799999999999,0.6846238899324911,0.6830222201350178,0.6846538899324911,0.0005338899324911103,5.338899324911103,-1.2622263344559306,loss,1,2,2019,Tuesday,London
AUDUSD,1,2019-07-02 07:15:00+00:00,2019-07-02 07:30:00+00:00,2019-07-03 15:00:00+00:00,0.69806,0.69818,0.6955829025421295,0.703014194915741,0.703014194915741,0.002477097457870513,24.77097457870513,1.9515562055829692,win,3,126,2019,Tuesday,London
AUDUSD,1,2019-07-11 08:45:00+00:00,2019-07-11 09:00:00+00:00,2019-07-11 18:45:00+00:00,0.69757,0.6976600000000001,0.6967620639178418,0.6991858721643166,0.6967320639178418,0.0008079360821582668,8.079360821582668,-1.1485266008660189,loss,2,39,2019,Thursday,London
AUDUSD,1,2019-07-12 09:00:00+00:00,2019-07-12 09:15:00+00:00,2019-07-12 10:00:00+00:00,0.70073,0.70084,0.6994050199591856,0.7033799600816288,0.6993750199591856,0.0013249800408144208,13.249800408144207,-1.105661969001388,loss,2,3,2019,Friday,London
AUDUSD,1,2019-07-15 07:30:00+00:00,2019-07-15 07:45:00+00:00,2019-07-15 09:15:00+00:00,0.70311,0.7032200000000001,0.7025853213298175,0.7041593573403649,0.7025553213298176,0.0005246786701824383,5.246786701824383,-1.2668299817703212,loss,3,6,2019,Monday,London
AUDUSD,1,2019-07-15 10:30:00+00:00,2019-07-15 10:45:00+00:00,2019-07-16 11:45:00+00:00,0.70317,0.70328,0.7025051465128016,0.7044997069743966,0.7024751465128016,0.0006648534871983276,6.6485348719832755,-1.210572709169377,loss,2,100,2019,Monday,London
AUDUSD,1,2019-07-18 10:00:00+00:00,2019-07-18 10:15:00+00:00,2019-07-18 11:30:00+00:00,0.70367,0.7037800000000001,0.7027530421755559,0.7055039156488881,0.7027230421755559,0.000916957824444077,9.16957824444077,-1.1526787778761252,loss,2,5,2019,Thursday,London
AUDUSD,1,2019-07-18 14:45:00+00:00,2019-07-18 15:00:00+00:00,2019-07-18 19:15:00+00:00,0.70339,0.7035100000000001,0.7027475325325735,0.7046749349348529,0.7046749349348529,0.0006424674674264914,6.424674674264914,1.8132201145050195,win,1,17,2019,Thursday,NY
AUDUSD,-1,2019-07-30 08:15:00+00:00,2019-07-30 08:30:00+00:00,2019-07-30 14:30:00+00:00,0.68948,0.68938,0.6902102124911353,0.6880195750177293,0.6880195750177293,0.000730212491135388,7.30212491135388,1.8630535615125499,win,1,24,2019,Tuesday,London
AUDUSD,-1,2019-08-01 07:15:00+00:00,2019-08-01 07:30:00+00:00,2019-08-01 09:45:00+00:00,0.68429,0.6841799999999999,0.6851887461274405,0.6824925077451188,0.6852187461274405,0.0008987461274405521,8.98746127440552,-1.1557725766215345,loss,2,9,2019,Thursday,London
AUDUSD,-1,2019-08-02 09:15:00+00:00,2019-08-02 09:30:00+00:00,2019-08-07 03:15:00+00:00,0.67913,0.6790099999999999,0.6816900801059046,0.6740098397881907,0.6740098397881907,0.0025600801059046173,25.600801059046173,1.953126466736995,win,2,263,2019,Friday,London
AUDUSD,-1,2019-08-23 08:30:00+00:00,2019-08-23 08:45:00+00:00,2019-08-23 15:45:00+00:00,0.67525,0.67514,0.6761410948743903,0.6734678102512194,0.6761710948743903,0.000891094874390304,8.91094874390304,-1.1571100945854205,loss,1,28,2019,Friday,London
AUDUSD,-1,2019-09-25 09:45:00+00:00,2019-09-25 10:00:00+00:00,2019-09-25 12:45:00+00:00,0.6778,0.6776899999999999,0.6783959607043859,0.6766080785912282,0.6766080785912282,0.0005959607043859149,5.959607043859149,1.815424072106481,win,3,11,2019,Wednesday,London
AUDUSD,-1,2019-10-16 08:00:00+00:00,2019-10-16 08:15:00+00:00,2019-10-16 16:00:00+00:00,0.67378,0.6736899999999999,0.6746124440460445,0.6721151119079112,0.6746424440460445,0.0008324440460444084,8.324440460444084,-1.1441538330057848,loss,1,31,2019,Wednesday,London
AUDUSD,1,2019-10-21 08:45:00+00:00,2019-10-21 09:00:00+00:00,2019-10-22 12:30:00+00:00,0.68683,0.6869400000000001,0.685681716755742,0.6891265664885162,0.685651716755742,0.001148283244258085,11.48283244258085,-1.1219211380990628,loss,1,110,2019,Monday,London
AUDUSD,1,2019-10-31 08:45:00+00:00,2019-10-31 09:00:00+00:00,2019-10-31 09:00:00+00:00,0.69209,0.6922,0.6913050921211757,0.6936598157576485,0.6912750921211758,0.0007849078788242093,7.8490787882420925,-1.1783648804873463,loss,3,0,2019,Thursday,London
AUDUSD,1,2019-11-07 14:45:00+00:00,2019-11-07 15:00:00+00:00,2019-11-07 15:45:00+00:00,0.69022,0.69032,0.6890808747226711,0.6924982505546575,0.6890508747226711,0.0011391252773288148,11.391252773288148,-1.1141226540990712,loss,2,3,2019,Thursday,NY
AUDUSD,-1,2019-11-27 07:45:00+00:00,2019-11-27 08:00:00+00:00,2019-11-27 08:15:00+00:00,0.67748,0.6773699999999999,0.6780084059798246,0.6764231880403508,0.6780384059798246,0.0005284059798245751,5.284059798245751,-1.2649477964775346,loss,2,1,2019,Wednesday,London
AUDUSD,-1,2019-11-28 09:45:00+00:00,2019-11-28 10:00:00+00:00,2019-11-28 10:45:00+00:00,0.67631,0.6761999999999999,0.6768860513888889,0.6751578972222222,0.6769160513888889,0.0005760513888889133,5.7605138888891325,-1.2430338728461192,loss,3,3,2019,Thursday,London
AUDUSD,1,2019-12-16 15:45:00+00:00,2019-12-16 16:00:00+00:00,2019-12-16 16:15:00+00:00,0.68944,0.68954,0.6887562349474876,0.6908075301050249,0.6887262349474876,0.0006837650525124582,6.837650525124581,-1.1901237852421223,loss,2,1,2019,Monday,NY
AUDUSD,1,2019-12-20 10:00:00+00:00,2019-12-20 10:15:00+00:00,2019-12-23 01:30:00+00:00,0.68952,0.6896300000000001,0.6889005134520207,0.6907589730959586,0.6907589730959586,0.0006194865479792833,6.194865479792833,1.8224335938223655,win,1,61,2019,Friday,London
AUDUSD,1,2019-12-23 07:30:00+00:00,2019-12-23 07:45:00+00:00,2019-12-23 11:30:00+00:00,0.69105,0.6911900000000001,0.690257046882003,0.6926359062359942,0.6926359062359942,0.0007929531179970957,7.929531179970956,1.8234447953825452,win,3,15,2019,Monday,London
AUDUSD,1,2019-12-27 07:45:00+00:00,2019-12-27 08:00:00+00:00,2019-12-27 10:00:00+00:00,0.69504,0.6951400000000001,0.6945921234505655,0.6959357530988689,0.6959357530988689,0.000447876549434458,4.47876549434458,1.7767241885596028,win,1,8,2019,Friday,London
AUDUSD,1,2019-12-30 08:00:00+00:00,2019-12-30 08:15:00+00:00,2019-12-30 08:45:00+00:00,0.69901,0.6991,0.6984393838626729,0.7001512322746543,0.6984093838626729,0.0005706161373271114,5.706161373271113,-1.2102989946308236,loss,2,2,2019,Monday,London
AUDUSD,1,2019-12-31 09:15:00+00:00,2019-12-31 09:30:00+00:00,2019-12-31 13:00:00+00:00,0.70085,0.70096,0.7003725166518968,0.7018049666962063,0.7018049666962063,0.0004774833481031437,4.774833481031437,1.769625473983516,win,2,14,2019,Tuesday,London
AUDUSD,-1,2020-01-22 09:15:00+00:00,2020-01-22 09:30:00+00:00,2020-01-22 09:45:00+00:00,0.68344,0.68333,0.6841036868017271,0.6821126263965461,0.684133686801727,0.000663686801726979,6.63686801726979,-1.210942871902486,loss,2,1,2020,Wednesday,London
AUDUSD,-1,2020-01-31 07:30:00+00:00,2020-01-31 07:45:00+00:00,2020-01-31 09:15:00+00:00,0.67117,0.6710499999999999,0.6721893604295581,0.6691312791408839,0.6691312791408839,0.0010193604295580924,10.193604295580924,1.8822791266753747,win,2,6,2020,Friday,London
AUDUSD,-1,2020-02-07 07:15:00+00:00,2020-02-07 07:30:00+00:00,2020-02-07 09:30:00+00:00,0.67123,0.67111,0.6724125491251787,0.6688649017496427,0.6688649017496427,0.001182549125178632,11.82549125178632,1.898524300221438,win,1,8,2020,Friday,London
AUDUSD,-1,2020-02-20 08:00:00+00:00,2020-02-20 08:15:00+00:00,2020-02-21 02:15:00+00:00,0.66374,0.6636399999999999,0.6654937440287174,0.660232511942565,0.660232511942565,0.0017537440287174527,17.537440287174526,1.9429791358587327,win,2,72,2020,Thursday,London
AUDUSD,-1,2020-02-21 09:15:00+00:00,2020-02-21 09:30:00+00:00,2020-02-21 12:15:00+00:00,0.6596,0.6595,0.6605227416038498,0.6577545167923001,0.6605527416038498,0.0009227416038499138,9.227416038499138,-1.1408845113924853,loss,2,11,2020,Friday,London
AUDUSD,-1,2020-02-24 09:30:00+00:00,2020-02-24 09:45:00+00:00,2020-02-24 14:30:00+00:00,0.65892,0.6588099999999999,0.6605469349322564,0.6556661301354871,0.6605769349322563,0.0016269349322564166,16.269349322564164,-1.0860513824027689,loss,2,19,2020,Monday,London
AUDUSD,-1,2020-03-10 13:45:00+00:00,2020-03-10 14:00:00+00:00,2020-03-10 15:45:00+00:00,0.65415,0.65404,0.6568048968821578,0.6488402062356843,0.6488402062356843,0.0026548968821578575,26.548968821578573,1.9585671290138265,win,1,7,2020,Tuesday,NY
AUDUSD,-1,2020-03-12 08:30:00+00:00,2020-03-12 08:45:00+00:00,2020-03-12 10:30:00+00:00,0.64439,0.6442899999999999,0.6460104293825877,0.6411491412348247,0.6411491412348247,0.0016204293825876767,16.204293825876764,1.9382879617744049,win,2,7,2020,Thursday,London
AUDUSD,-1,2020-03-17 13:45:00+00:00,2020-03-17 14:00:00+00:00,2020-03-18 11:45:00+00:00,0.59983,0.59976,0.6039913846877673,0.5915072306244654,0.5915072306244654,0.004161384687767284,41.613846877672835,1.983178676029208,win,1,87,2020,Tuesday,NY
AUDUSD,-1,2020-04-01 15:30:00+00:00,2020-04-01 15:45:00+00:00,2020-04-01 15:45:00+00:00,0.60548,0.6053799999999999,0.6079860332693935,0.6004679334612131,0.6080160332693935,0.00250603326939345,25.0603326939345,-1.0518748101183666,loss,3,0,2020,Wednesday,NY
AUDUSD,1,2020-04-27 09:45:00+00:00,2020-04-27 10:00:00+00:00,2020-04-28 02:45:00+00:00,0.64562,0.64571,0.644263198376761,0.6483336032464778,0.6442331983767611,0.0013568016232389506,13.568016232389505,-1.0884432904152328,loss,1,67,2020,Monday,London
AUDUSD,1,2020-04-28 08:00:00+00:00,2020-04-28 08:15:00+00:00,2020-04-28 10:30:00+00:00,0.64611,0.6462100000000001,0.6438879763198755,0.6505540473602489,0.6505540473602489,0.0022220236801244607,22.220236801244607,1.95499597916325,win,1,9,2020,Tuesday,London
AUDUSD,1,2020-04-29 15:45:00+00:00,2020-04-29 16:00:00+00:00,2020-04-30 14:00:00+00:00,0.65346,0.6535700000000001,0.6511507018704008,0.6580785962591984,0.6511207018704008,0.002309298129599187,23.092981295991866,-1.060624480748346,loss,2,88,2020,Wednesday,NY
AUDUSD,1,2020-05-05 08:45:00+00:00,2020-05-05 09:00:00+00:00,2020-05-05 09:30:00+00:00,0.64486,0.6449600000000001,0.6437894054209842,0.6470011891580315,0.6437594054209842,0.0010705945790157663,10.705945790157664,-1.1214278519135013,loss,3,2,2020,Tuesday,London
AUDUSD,1,2020-05-05 14:30:00+00:00,2020-05-05 14:45:00+00:00,2020-05-05 20:30:00+00:00,0.64673,0.64685,0.6437779911214546,0.6526340177570908,0.6437479911214546,0.0029520088785454078,29.520088785454075,-1.0508128553034355,loss,1,23,2020,Tuesday,NY
AUDUSD,1,2020-05-07 14:30:00+00:00,2020-05-07 14:45:00+00:00,2020-05-07 15:15:00+00:00,0.64536,0.6454700000000001,0.6441160206211763,0.6478479587576476,0.6440860206211764,0.0012439793788237322,12.439793788237322,-1.1125420584804044,loss,3,2,2020,Thursday,NY
AUDUSD,1,2020-05-19 09:30:00+00:00,2020-05-19 09:45:00+00:00,2020-05-19 13:15:00+00:00,0.65461,0.6547200000000001,0.6531274444947587,0.6575751110104826,0.6530974444947587,0.001482555505241297,14.825555052412968,-1.0944315403404012,loss,2,14,2020,Tuesday,London
AUDUSD,1,2020-05-19 15:00:00+00:00,2020-05-19 15:15:00+00:00,2020-05-19 23:00:00+00:00,0.65592,0.6560100000000001,0.6526160932130954,0.662527813573809,0.6525860932130955,0.003303906786904499,33.03906786904499,-1.0363206372757752,loss,2,31,2020,Tuesday,NY
AUDUSD,1,2020-05-27 10:15:00+00:00,2020-05-27 10:30:00+00:00,2020-05-27 13:00:00+00:00,0.66593,0.66603,0.6634331893565567,0.6709236212868867,0.6634031893565567,0.0024968106434433276,24.968106434433274,-1.0520664233554646,loss,1,10,2020,Wednesday,London
AUDUSD,1,2020-06-02 14:45:00+00:00,2020-06-02 15:00:00+00:00,2020-06-03 00:30:00+00:00,0.6867,0.6868000000000001,0.6844225568535969,0.6912548862928062,0.6912548862928062,0.002277443146403083,22.774431464030826,1.9560911102619627,win,1,38,2020,Tuesday,NY
AUDUSD,1,2020-06-09 15:45:00+00:00,2020-06-09 16:00:00+00:00,2020-06-11 05:15:00+00:00,0.69746,0.69762,0.6921078163571455,0.708164367285709,0.6920778163571455,0.005352183642854497,53.521836428544965,-1.0354995292909448,loss,1,149,2020,Tuesday,NY
AUDUSD,1,2020-06-23 10:30:00+00:00,2020-06-23 10:45:00+00:00,2020-06-23 13:00:00+00:00,0.69243,0.69254,0.6909791455446197,0.6953317089107606,0.6953317089107606,0.0014508544553802744,14.508544553802743,1.9241826086744236,win,1,9,2020,Tuesday,London
AUDUSD,1,2020-07-02 09:30:00+00:00,2020-07-02 09:45:00+00:00,2020-07-02 15:45:00+00:00,0.69345,0.69355,0.6915797849179542,0.6971904301640914,0.6915497849179543,0.001870215082045739,18.70215082045739,-1.0695107216533573,loss,1,24,2020,Thursday,London
AUDUSD,1,2020-07-06 15:30:00+00:00,2020-07-06 15:45:00+00:00,2020-07-06 22:30:00+00:00,0.69786,0.6980000000000001,0.6966120155695138,0.7003559688609724,0.6965820155695138,0.001247984430486183,12.47984430486183,-1.136219648136019,loss,3,27,2020,Monday,NY
AUDUSD,1,2020-07-09 08:45:00+00:00,2020-07-09 09:00:00+00:00,2020-07-09 11:45:00+00:00,0.69901,0.69913,0.6976518007886078,0.7017263984227845,0.6976218007886078,0.0013581992113922566,13.581992113922565,-1.1104403527419273,loss,2,11,2020,Thursday,London
AUDUSD,1,2020-07-22 07:45:00+00:00,2020-07-22 08:00:00+00:00,2020-07-22 08:30:00+00:00,0.71518,0.71528,0.7134285627542781,0.718682874491444,0.7133985627542782,0.001751437245721941,17.51437245721941,-1.0742247547364143,loss,2,2,2020,Wednesday,London
AUDUSD,1,2020-07-23 07:45:00+00:00,2020-07-23 08:00:00+00:00,2020-07-23 08:30:00+00:00,0.7158,0.7159000000000001,0.7143776894472048,0.7186446211055902,0.7143476894472048,0.0014223105527951432,14.22310552795143,-1.0914005733449943,loss,2,2,2020,Thursday,London
AUDUSD,1,2020-07-31 07:30:00+00:00,2020-07-31 07:45:00+00:00,2020-07-31 08:15:00+00:00,0.72244,0.72255,0.7207096649514435,0.7259006700971129,0.7206796649514435,0.0017303350485564873,17.303350485564874,-1.0809091858347313,loss,1,2,2020,Friday,London
AUDUSD,1,2020-08-04 09:45:00+00:00,2020-08-04 10:00:00+00:00,2020-08-04 12:45:00+00:00,0.7144,0.71455,0.712855581843294,0.717488836313412,0.712825581843294,0.001544418156705977,15.44418156705977,-1.1165487463472483,loss,2,11,2020,Tuesday,London
AUDUSD,1,2020-08-05 08:30:00+00:00,2020-08-05 08:45:00+00:00,2020-08-07 14:30:00+00:00,0.71998,0.7201000000000001,0.7172740925936767,0.7253918148126464,0.7172440925936767,0.002705907406323211,27.05907406323211,-1.0554342693506884,loss,2,215,2020,Wednesday,London
AUDUSD,1,2020-08-18 08:30:00+00:00,2020-08-18 08:45:00+00:00,2020-08-18 14:30:00+00:00,0.72331,0.7234200000000001,0.7219706618893573,0.7259886762212855,0.7259886762212855,0.0013393381106427162,13.39338110642716,1.9178698798115887,win,1,23,2020,Tuesday,London
AUDUSD,1,2020-08-19 08:30:00+00:00,2020-08-19 08:45:00+00:00,2020-08-19 15:30:00+00:00,0.72564,0.7257600000000001,0.7238076072560571,0.7293047854878858,0.7237776072560571,0.001832392743942896,18.32392743942896,-1.0818601800819732,loss,2,27,2020,Wednesday,London
AUDUSD,-1,2020-09-24 09:00:00+00:00,2020-09-24 09:15:00+00:00,2020-09-24 17:45:00+00:00,0.70394,0.7038399999999999,0.7055142999619991,0.7007914000760018,0.7055442999619991,0.0015742999619991196,15.742999619991195,-1.0825763851476993,loss,3,34,2020,Thursday,London
AUDUSD,-1,2020-09-30 08:15:00+00:00,2020-09-30 08:30:00+00:00,2020-09-30 09:30:00+00:00,0.71121,0.7111,0.712339369764137,0.7089512604717261,0.712369369764137,0.0011293697641369697,11.293697641369697,-1.1239629432678018,loss,2,4,2020,Wednesday,London
AUDUSD,-1,2020-10-13 07:45:00+00:00,2020-10-13 08:00:00+00:00,2020-10-13 09:15:00+00:00,0.71795,0.71783,0.7190202146053724,0.7158095707892551,0.7190502146053723,0.001070214605372427,10.702146053724269,-1.1401588048293685,loss,2,5,2020,Tuesday,London
AUDUSD,-1,2020-10-15 07:15:00+00:00,2020-10-15 07:30:00+00:00,2020-10-15 09:15:00+00:00,0.7122,0.7121,0.7138581499206879,0.7088837001586243,0.7088837001586243,0.001658149920687845,16.581499206878448,1.9396918223422202,win,1,7,2020,Thursday,London
AUDUSD,-1,2020-10-20 09:45:00+00:00,2020-10-20 10:00:00+00:00,2020-10-20 11:15:00+00:00,0.70378,0.7036699999999999,0.7048054181411291,0.7017291637177416,0.704835418141129,0.0010254181411291597,10.254181411291597,-1.136529669590021,loss,2,5,2020,Tuesday,London
AUDUSD,-1,2020-11-02 07:30:00+00:00,2020-11-02 07:45:00+00:00,2020-11-02 09:30:00+00:00,0.70022,0.7001099999999999,0.7016384079522213,0.6973831840955572,0.7016684079522213,0.0014184079522213619,14.184079522213619,-1.0987022103061264,loss,3,7,2020,Monday,London
AUDUSD,1,2020-11-13 13:45:00+00:00,2020-11-13 14:00:00+00:00,2020-11-13 15:15:00+00:00,0.72536,0.7254600000000001,0.7241416337024477,0.7277967325951046,0.7241116337024477,0.0012183662975522977,12.183662975522976,-1.106700259405804,loss,2,5,2020,Friday,NY
AUDUSD,1,2020-11-16 15:00:00+00:00,2020-11-16 15:15:00+00:00,2020-11-17 09:00:00+00:00,0.73013,0.7302500000000001,0.7284913248844623,0.7334073502310752,0.7334073502310752,0.0016386751155375919,16.38675115537592,1.9267701090580671,win,2,71,2020,Monday,NY
AUDUSD,1,2020-12-09 13:45:00+00:00,2020-12-09 14:00:00+00:00,2020-12-09 15:00:00+00:00,0.74828,0.74838,0.746637129951096,0.7515657400978079,0.746607129951096,0.001642870048903951,16.42870048903951,-1.0791298131503515,loss,1,4,2020,Wednesday,NY
AUDUSD,1,2020-12-10 09:15:00+00:00,2020-12-10 09:30:00+00:00,2020-12-11 01:45:00+00:00,0.7488,0.7489100000000001,0.7454283032541247,0.7555433934917507,0.7555433934917507,0.003371696745875333,33.716967458753324,1.9673754764171472,win,2,65,2020,Thursday,London
AUDUSD,1,2020-12-14 10:00:00+00:00,2020-12-14 10:15:00+00:00,2020-12-14 15:00:00+00:00,0.75665,0.7567400000000001,0.755548826406059,0.7588523471878822,0.755518826406059,0.001101173593941067,11.011735939410668,-1.1089746436531265,loss,2,19,2020,Monday,London
AUDUSD,1,2020-12-17 14:30:00+00:00,2020-12-17 14:45:00+00:00,2020-12-17 15:30:00+00:00,0.76266,0.7627700000000001,0.7617228446340089,0.7645343107319823,0.7616928446340089,0.0009371553659911426,9.371553659911426,-1.1493882498895691,loss,2,3,2020,Thursday,NY
AUDUSD,1,2020-12-30 10:00:00+00:00,2020-12-30 10:15:00+00:00,2020-12-30 10:45:00+00:00,0.76525,0.7653800000000001,0.7644044068361366,0.7669411863277268,0.7669411863277268,0.0008455931638633884,8.455931638633883,1.8462617656390463,win,2,2,2020,Wednesday,London
AUDUSD,1,2020-12-30 15:30:00+00:00,2020-12-30 15:45:00+00:00,2020-12-31 08:00:00+00:00,0.76779,0.7678900000000001,0.766134540185876,0.7711009196282479,0.7711009196282479,0.0016554598141239464,16.554598141239463,1.9395938221230755,win,1,65,2020,Wednesday,NY
AUDUSD,1,2020-12-31 09:45:00+00:00,2020-12-31 10:00:00+00:00,2020-12-31 10:45:00+00:00,0.7703,0.7704000000000001,0.7693866410109159,0.7721267179781681,0.7721267179781681,0.0009133589890840796,9.133589890840796,1.890514024392091,win,2,3,2020,Thursday,London
AUDUSD,1,2020-12-31 13:45:00+00:00,2020-12-31 14:00:00+00:00,2020-12-31 15:45:00+00:00,0.77307,0.77317,0.771659534471141,0.7758909310577181,0.771629534471141,0.0014104655288590415,14.104655288590415,-1.0921681511104504,loss,2,7,2020,Thursday,NY
AUDUSD,1,2021-01-20 10:30:00+00:00,2021-01-20 10:45:00+00:00,2021-01-20 12:15:00+00:00,0.77332,0.7734200000000001,0.7723189725765184,0.7753220548469631,0.7722889725765184,0.001001027423481578,10.01027423481578,-1.1298665720345424,loss,3,6,2021,Wednesday,London
AUDUSD,1,2021-02-15 08:00:00+00:00,2021-02-15 08:15:00+00:00,2021-02-15 13:45:00+00:00,0.77844,0.7785500000000001,0.7769644996652275,0.7813910006695451,0.7769344996652275,0.0014755003347725422,14.75500334772542,-1.0948830689500146,loss,2,22,2021,Monday,London
AUDUSD,1,2021-02-16 10:15:00+00:00,2021-02-16 10:30:00+00:00,2021-02-16 13:00:00+00:00,0.77919,0.7793100000000001,0.7774825072225843,0.7826049855548317,0.7774525072225843,0.0017074927774158113,17.074927774158112,-1.08784810219049,loss,2,10,2021,Tuesday,London
AUDUSD,-1,2021-03-23 14:30:00+00:00,2021-03-23 14:45:00+00:00,2021-03-23 15:00:00+00:00,0.76726,0.7671399999999999,0.7686141596554233,0.7645516806891536,0.7686441596554233,0.001354159655423255,13.541596554232548,-1.1107698042837115,loss,2,1,2021,Tuesday,NY
AUDUSD,-1,2021-03-24 07:15:00+00:00,2021-03-24 07:30:00+00:00,2021-03-24 08:30:00+00:00,0.75879,0.7586599999999999,0.7604461668533407,0.7554776662933185,0.7604761668533406,0.001656166853340734,16.56166853340734,-1.0966086235075057,loss,1,4,2021,Wednesday,London
AUDUSD,-1,2021-03-25 07:45:00+00:00,2021-03-25 08:00:00+00:00,2021-03-25 08:30:00+00:00,0.75874,0.7586099999999999,0.7604352101162866,0.7553495797674267,0.7604652101162865,0.0016952101162866302,16.952101162866303,-1.0943835802198336,loss,2,2,2021,Thursday,London
AUDUSD,-1,2021-04-01 09:15:00+00:00,2021-04-01 09:30:00+00:00,2021-04-01 13:00:00+00:00,0.75646,0.75632,0.7577411045591677,0.7538977908816646,0.7577711045591676,0.0012811045591676743,12.811045591676743,-1.1326979900145004,loss,1,14,2021,Thursday,London
AUDUSD,-1,2021-04-13 07:30:00+00:00,2021-04-13 07:45:00+00:00,2021-04-13 09:00:00+00:00,0.76036,0.7602399999999999,0.7613974879826989,0.7582850240346022,0.7614274879826989,0.0010374879826989035,10.374879826989034,-1.1445799879145144,loss,2,5,2021,Tuesday,London
AUDUSD,1,2021-04-19 13:45:00+00:00,2021-04-19 14:00:00+00:00,2021-04-19 15:00:00+00:00,0.77752,0.7776200000000001,0.776309796687423,0.7799404066251541,0.776279796687423,0.001210203312577051,12.10203312577051,-1.1074199670824214,loss,2,4,2021,Monday,NY
AUDUSD,1,2021-04-23 08:00:00+00:00,2021-04-23 08:15:00+00:00,2021-04-23 15:45:00+00:00,0.77353,0.7736500000000001,0.7724776580899103,0.7756346838201795,0.7724476580899103,0.00105234191008975,10.523419100897499,-1.1425392247156427,loss,1,30,2021,Friday,London
AUDUSD,1,2021-04-26 15:00:00+00:00,2021-04-26 15:15:00+00:00,2021-04-27 09:00:00+00:00,0.77985,0.77998,0.7777498165484057,0.7840503669031886,0.7777198165484057,0.002100183451594303,21.001834515943028,-1.0761838209317027,loss,2,71,2021,Monday,NY
AUDUSD,1,2021-05-10 07:15:00+00:00,2021-05-10 07:30:00+00:00,2021-05-10 19:45:00+00:00,0.78614,0.78622,0.783980200204493,0.790459599591014,0.783950200204493,0.0021597997955069923,21.59799795506992,-1.050930646548282,loss,2,49,2021,Monday,London
AUDUSD,-1,2021-06-15 15:15:00+00:00,2021-06-15 15:30:00+00:00,2021-06-16 07:45:00+00:00,0.76856,0.76845,0.7699022116796919,0.7658755766406163,0.7699322116796918,0.0013422116796918265,13.422116796918266,-1.1043054550323887,loss,1,65,2021,Tuesday,NY
AUDUSD,-1,2021-06-17 08:15:00+00:00,2021-06-17 08:30:00+00:00,2021-06-17 11:45:00+00:00,0.76147,0.7613399999999999,0.7635817660482546,0.7572464679034907,0.7572464679034907,0.002111766048254624,21.11766048254624,1.938440150551955,win,1,13,2021,Thursday,London
AUDUSD,-1,2021-06-18 07:30:00+00:00,2021-06-18 07:45:00+00:00,2021-06-18 13:15:00+00:00,0.7532,0.75306,0.7551283716847326,0.7493432566305348,0.7493432566305348,0.0019283716847325978,19.283716847325977,1.927399888149954,win,2,22,2021,Friday,London
AUDUSD,-1,2021-06-22 08:00:00+00:00,2021-06-22 08:15:00+00:00,2021-06-22 12:45:00+00:00,0.75104,0.7509199999999999,0.7522191619560165,0.7486816760879673,0.7522491619560164,0.0011791619560163724,11.791619560163722,-1.127208988752395,loss,2,18,2021,Tuesday,London
AUDUSD,-1,2021-06-29 09:00:00+00:00,2021-06-29 09:15:00+00:00,2021-07-01 01:45:00+00:00,0.75393,0.7538199999999999,0.7564738153663441,0.7488423692673117,0.7488423692673117,0.0025438153663441166,25.438153663441163,1.956757867943017,win,2,162,2021,Tuesday,London
AUDUSD,-1,2021-07-02 08:45:00+00:00,2021-07-02 09:00:00+00:00,2021-07-02 13:30:00+00:00,0.74523,0.7451,0.7470724859094563,0.7415450281810873,0.7471024859094563,0.0018424859094563725,18.424859094563725,-1.0868391987036266,loss,1,18,2021,Friday,London
AUDUSD,-1,2021-07-12 08:30:00+00:00,2021-07-12 08:45:00+00:00,2021-07-12 14:45:00+00:00,0.74632,0.74618,0.7476113936302956,0.7437372127394086,0.7476413936302956,0.0012913936302956712,12.913936302956712,-1.131640729837759,loss,1,24,2021,Monday,London
AUDUSD,-1,2021-07-23 09:15:00+00:00,2021-07-23 09:30:00+00:00,2021-07-23 10:00:00+00:00,0.73653,0.7364099999999999,0.7376027429581711,0.7343845140836579,0.737632742958171,0.0010727429581710672,10.727429581710672,-1.139828463899518,loss,2,2,2021,Friday,London
AUDUSD,-1,2021-07-26 07:30:00+00:00,2021-07-26 07:45:00+00:00,2021-07-26 08:15:00+00:00,0.73431,0.7342099999999999,0.7353878966106985,0.732154206778603,0.7354178966106985,0.0010778966106984903,10.778966106984903,-1.120605259084915,loss,2,2,2021,Monday,London
AUDUSD,-1,2021-08-13 07:45:00+00:00,2021-08-13 08:00:00+00:00,2021-08-13 10:00:00+00:00,0.73343,0.73334,0.7343325990852335,0.731624801829533,0.7343625990852335,0.0009025990852335026,9.025990852335026,-1.132949392441444,loss,1,8,2021,Friday,London
AUDUSD,-1,2021-08-16 07:45:00+00:00,2021-08-16 08:00:00+00:00,2021-08-17 02:30:00+00:00,0.7334,0.7333,0.7344840242906339,0.7312319514187325,0.7312319514187325,0.001084024290633757,10.840242906337568,1.9077511446338178,win,1,74,2021,Monday,London
AUDUSD,-1,2021-08-18 15:15:00+00:00,2021-08-18 15:30:00+00:00,2021-08-18 19:00:00+00:00,0.72367,0.72358,0.7256466583585448,0.7197166832829105,0.7256766583585448,0.001976658358544749,19.76658358544749,-1.0607085182329512,loss,1,14,2021,Wednesday,NY
AUDUSD,-1,2021-09-20 07:30:00+00:00,2021-09-20 07:45:00+00:00,2021-09-20 13:45:00+00:00,0.72299,0.72285,0.7243513473424547,0.7202673053150908,0.7243813473424546,0.0013613473424546455,13.613473424546454,-1.1248762859399746,loss,1,24,2021,Monday,London
AUDUSD,1,2021-10-15 07:45:00+00:00,2021-10-15 08:00:00+00:00,2021-10-15 09:15:00+00:00,0.74326,0.74336,0.7417450660692865,0.7462898678614273,0.7417150660692865,0.0015149339307136008,15.149339307136007,-1.0858123231411714,loss,1,5,2021,Friday,London
AUDUSD,1,2021-10-20 15:15:00+00:00,2021-10-20 15:30:00+00:00,2021-10-21 02:45:00+00:00,0.75001,0.75014,0.7480146748670382,0.7540006502659233,0.7540006502659233,0.0019953251329617107,19.953251329617107,1.934847710855446,win,2,45,2021,Wednesday,NY
AUDUSD,-1,2021-11-16 09:15:00+00:00,2021-11-16 09:30:00+00:00,2021-11-16 16:30:00+00:00,0.73347,0.73335,0.7346903481989355,0.7310293036021288,0.7310293036021288,0.0012203481989355818,12.203481989355817,1.9016674092650814,win,2,28,2021,Tuesday,London
AUDUSD,-1,2021-11-17 09:15:00+00:00,2021-11-17 09:30:00+00:00,2021-11-22 20:15:00+00:00,0.72781,0.72769,0.7305045885313031,0.7224208229373937,0.7224208229373937,0.0026945885313030935,26.945885313030935,1.955466298989277,win,1,331,2021,Wednesday,London
AUDUSD,-1,2021-11-30 08:30:00+00:00,2021-11-30 08:45:00+00:00,2021-11-30 10:00:00+00:00,0.71154,0.7114199999999999,0.7128331821448338,0.7089536357103323,0.7128631821448338,0.001293182144833819,12.931821448338189,-1.115992940823747,loss,2,5,2021,Tuesday,London
AUDUSD,-1,2021-12-02 07:15:00+00:00,2021-12-02 07:30:00+00:00,2021-12-03 00:45:00+00:00,0.71026,0.7101299999999999,0.7114396045213077,0.7079007909573845,0.7079007909573845,0.0011796045213077495,11.796045213077495,1.8897935726323767,win,2,69,2021,Thursday,London
AUDUSD,-1,2021-12-20 09:00:00+00:00,2021-12-20 09:15:00+00:00,2021-12-20 10:15:00+00:00,0.7084,0.7082799999999999,0.7102331547994185,0.7047336904011632,0.7102631547994185,0.0018331547994184419,18.33154799418442,-1.0818261502234938,loss,2,4,2021,Monday,London
AUDUSD,1,2021-12-30 10:15:00+00:00,2021-12-30 10:30:00+00:00,2021-12-30 17:15:00+00:00,0.72591,0.7260200000000001,0.7248145011358768,0.7281009977282467,0.7247845011358768,0.0010954988641233203,10.954988641233202,-1.1277956596623635,loss,2,27,2021,Thursday,London
AUDUSD,1,2022-01-20 07:30:00+00:00,2022-01-20 07:45:00+00:00,2022-01-20 20:45:00+00:00,0.72395,0.7240500000000001,0.7219694575213637,0.7279110849572727,0.7219394575213637,0.0019805424786363654,19.805424786363652,-1.0656385820563379,loss,0,52,2022,Thursday,London
AUDUSD,-1,2022-01-28 08:00:00+00:00,2022-01-28 08:15:00+00:00,2022-01-31 07:45:00+00:00,0.70127,0.7011599999999999,0.7042134007645211,0.6953831984709576,0.7042434007645211,0.0029434007645211726,29.434007645211725,-1.0475640292302448,loss,2,94,2022,Friday,London
AUDUSD,-1,2022-02-11 09:30:00+00:00,2022-02-11 09:45:00+00:00,2022-02-11 12:00:00+00:00,0.71271,0.7125999999999999,0.7139250396347833,0.7102799207304334,0.7139550396347832,0.001215039634783272,12.15039634783272,-1.1152225787474326,loss,2,9,2022,Friday,London
AUDUSD,-1,2022-02-14 08:00:00+00:00,2022-02-14 08:15:00+00:00,2022-02-14 12:45:00+00:00,0.71162,0.71153,0.7132570594136959,0.7083458811726084,0.7132870594136959,0.0016370594136958152,16.37059413695815,-1.0733021654535642,loss,2,18,2022,Monday,London
AUDUSD,1,2022-02-25 09:30:00+00:00,2022-02-25 09:45:00+00:00,2022-02-25 13:45:00+00:00,0.71986,0.71996,0.718268095331075,0.7230438093378501,0.7230438093378501,0.0015919046689250244,15.919046689250244,1.9371821680329904,win,3,16,2022,Friday,London
AUDUSD,1,2022-02-28 10:00:00+00:00,2022-02-28 10:15:00+00:00,2022-02-28 14:30:00+00:00,0.72044,0.72055,0.7187210732803899,0.7238778534392202,0.7238778534392202,0.0017189267196100811,17.18926719610081,1.9360065797191386,win,3,17,2022,Monday,London
AUDUSD,1,2022-03-04 10:15:00+00:00,2022-03-04 10:30:00+00:00,2022-03-04 12:30:00+00:00,0.73662,0.7367400000000001,0.7348269167596789,0.7402061664806423,0.734796916759679,0.0017930832403211389,17.930832403211387,-1.0836547889283181,loss,3,8,2022,Friday,London
AUDUSD,1,2022-03-17 07:45:00+00:00,2022-03-17 08:00:00+00:00,2022-03-17 15:30:00+00:00,0.73235,0.73245,0.7300817576937392,0.7368864846125214,0.7368864846125214,0.0022682423062607335,22.682423062607334,1.9559129993633748,win,2,30,2022,Thursday,London
AUDUSD,1,2022-03-18 07:45:00+00:00,2022-03-18 08:00:00+00:00,2022-03-18 08:30:00+00:00,0.73988,0.7400000000000001,0.7379237856460596,0.7437924287078808,0.7378937856460597,0.001956214353940383,19.56214353940383,-1.0766787135049394,loss,3,2,2022,Friday,London
AUDUSD,1,2022-03-22 15:45:00+00:00,2022-03-22 16:00:00+00:00,2022-03-22 18:45:00+00:00,0.74363,0.7437400000000001,0.742543980466566,0.7458020390668681,0.7458020390668681,0.001086019533434056,10.86019533434056,1.8987126873747808,win,2,11,2022,Tuesday,NY
AUDUSD,1,2022-03-23 15:15:00+00:00,2022-03-23 15:30:00+00:00,2022-04-05 05:30:00+00:00,0.7495,0.7495900000000001,0.7451728278627358,0.7581543442745287,0.7581543442745287,0.004327172137264288,43.27172137264288,1.9792011971918204,win,2,816,2022,Wednesday,NY
AUDUSD,1,2022-04-05 13:45:00+00:00,2022-04-05 14:00:00+00:00,2022-04-05 15:45:00+00:00,0.76353,0.76365,0.761505098690809,0.7675798026183822,0.761475098690809,0.0020249013091910633,20.249013091910633,-1.07407768433906,loss,2,7,2022,Tuesday,NY
AUDUSD,-1,2022-04-27 15:00:00+00:00,2022-04-27 15:15:00+00:00,2022-04-27 17:15:00+00:00,0.71243,0.7122999999999999,0.7146460806855921,0.7079978386288158,0.7146760806855921,0.0022160806855920884,22.16080685592088,-1.0721995372462283,loss,3,8,2022,Wednesday,NY
AUDUSD,-1,2022-05-06 07:15:00+00:00,2022-05-06 07:30:00+00:00,2022-05-06 13:30:00+00:00,0.70822,0.7081299999999999,0.7116576543006793,0.7013446913986413,0.7116876543006793,0.003437654300679302,34.376543006793014,-1.0349075239986527,loss,2,24,2022,Friday,London
AUDUSD,-1,2022-05-09 09:30:00+00:00,2022-05-09 09:45:00+00:00,2022-05-09 13:00:00+00:00,0.69956,0.6994199999999999,0.7019813197418923,0.6947173605162154,0.7020113197418922,0.0024213197418922984,24.21319741892298,-1.0702096452024754,loss,2,13,2022,Monday,London
AUDUSD,-1,2022-05-12 09:45:00+00:00,2022-05-12 10:00:00+00:00,2022-05-13 08:30:00+00:00,0.68719,0.68707,0.690408155387141,0.680753689225718,0.6904381553871409,0.0032181553871410058,32.18155387141005,-1.0466105523056248,loss,2,90,2022,Thursday,London
AUDUSD,1,2022-06-06 13:45:00+00:00,2022-06-06 14:00:00+00:00,2022-06-06 15:30:00+00:00,0.72259,0.7227100000000001,0.721185587691046,0.7253988246179078,0.721155587691046,0.0014044123089539309,14.044123089539308,-1.1068062413322408,loss,3,6,2022,Monday,NY
AUDUSD,-1,2022-06-13 07:30:00+00:00,2022-06-13 07:45:00+00:00,2022-06-13 08:00:00+00:00,0.70181,0.70171,0.7032564277451971,0.6989171445096058,0.7032864277451971,0.0014464277451970808,14.464277451970808,-1.0898765945494078,loss,2,1,2022,Monday,London
AUDUSD,-1,2022-06-13 15:00:00+00:00,2022-06-13 15:15:00+00:00,2022-06-14 15:00:00+00:00,0.69552,0.6953999999999999,0.6992495854890067,0.6880608290219865,0.6880608290219865,0.003729585489006734,37.29585489006734,1.9678248426390064,win,0,95,2022,Monday,NY
AUDUSD,-1,2022-06-16 10:30:00+00:00,2022-06-16 10:45:00+00:00,2022-06-16 16:45:00+00:00,0.6971,0.6969799999999999,0.6990501861485608,0.6931996277028785,0.6990801861485608,0.001950186148560787,19.50186148560787,-1.076915734485552,loss,2,24,2022,Thursday,London
AUDUSD,-1,2022-06-17 14:45:00+00:00,2022-06-17 15:00:00+00:00,2022-06-29 10:45:00+00:00,0.69533,0.6952499999999999,0.6996284783918119,0.6867330432163764,0.6867330432163764,0.004298478391811817,42.98478391811817,1.9813887630207687,win,2,751,2022,Friday,NY
AUDUSD,-1,2022-06-29 14:30:00+00:00,2022-06-29 14:45:00+00:00,2022-06-30 03:15:00+00:00,0.68667,0.6865399999999999,0.6900125319094397,0.6799849361811207,0.6900425319094396,0.003342531909439658,33.42531909439658,-1.047867905029779,loss,1,42,2022,Wednesday,NY
AUDUSD,-1,2022-07-11 10:15:00+00:00,2022-07-11 10:30:00+00:00,2022-07-11 13:00:00+00:00,0.67999,0.6799,0.6816694331529264,0.6766311336941472,0.6766311336941472,0.0016794331529264013,16.794331529264014,1.9464104898470003,win,2,10,2022,Monday,London
AUDUSD,-1,2022-07-12 08:00:00+00:00,2022-07-12 08:15:00+00:00,2022-07-12 11:00:00+00:00,0.67207,0.6719599999999999,0.6735451077542541,0.6691197844914916,0.6735751077542541,0.001475107754254196,14.75107754254196,-1.0949083208303017,loss,1,11,2022,Tuesday,London
AUDUSD,1,2022-07-28 07:15:00+00:00,2022-07-28 07:30:00+00:00,2022-07-28 08:15:00+00:00,0.70091,0.7010200000000001,0.6983867448007703,0.7059565103984594,0.6983567448007704,0.0025232551992297124,25.23255199229712,-1.0554838844849088,loss,2,3,2022,Thursday,London
AUDUSD,1,2022-07-28 09:30:00+00:00,2022-07-28 09:45:00+00:00,2022-07-28 11:45:00+00:00,0.7002,0.70033,0.6982359947709978,0.7041280104580044,0.6982059947709979,0.0019640052290021783,19.64005229002178,-1.0814661782144264,loss,3,8,2022,Thursday,London
AUDUSD,1,2022-08-11 07:45:00+00:00,2022-08-11 08:00:00+00:00,2022-08-15 08:45:00+00:00,0.70917,0.7092900000000001,0.7063447971248118,0.7148204057503764,0.7063147971248118,0.0028252028751882033,28.252028751882033,-1.0530935322618449,loss,1,195,2022,Thursday,London
AUDUSD,-1,2022-08-29 09:00:00+00:00,2022-08-29 09:15:00+00:00,2022-08-29 11:30:00+00:00,0.68473,0.6846199999999999,0.6865415530616741,0.6811068938766516,0.6865715530616741,0.001811553061674161,18.11553061674161,-1.0772817550652463,loss,2,9,2022,Monday,London
AUDUSD,-1,2022-09-21 07:30:00+00:00,2022-09-21 07:45:00+00:00,2022-09-21 19:00:00+00:00,0.66644,0.6663199999999999,0.6683959667443742,0.6625280665112517,0.6625280665112517,0.001955966744374143,19.55966744374143,1.938649263672167,win,1,45,2022,Wednesday,London
AUDUSD,-1,2022-09-22 07:30:00+00:00,2022-09-22 07:45:00+00:00,2022-09-22 09:00:00+00:00,0.65846,0.65836,0.6610878463441835,0.6532043073116331,0.6611178463441835,0.00262784634418347,26.2784634418347,-1.049470167952475,loss,2,5,2022,Thursday,London
AUDUSD,-1,2022-09-23 14:30:00+00:00,2022-09-23 14:45:00+00:00,2022-09-23 15:45:00+00:00,0.65769,0.65755,0.659333625529763,0.6544027489404739,0.6544027489404739,0.0016436255297630395,16.436255297630396,1.9148224474097852,win,2,4,2022,Friday,NY
AUDUSD,-1,2022-09-26 07:30:00+00:00,2022-09-26 07:45:00+00:00,2022-09-26 08:00:00+00:00,0.64862,0.6485099999999999,0.6507215653562733,0.6444168692874531,0.6507515653562733,0.002101565356273408,21.01565356273408,-1.0666170098313035,loss,2,1,2022,Monday,London
AUDUSD,-1,2022-09-28 07:45:00+00:00,2022-09-28 08:00:00+00:00,2022-09-28 11:00:00+00:00,0.63633,0.6362199999999999,0.6403366557845332,0.6283166884309334,0.6403666557845332,0.004006655784533287,40.066557845332866,-1.0349418586294523,loss,2,12,2022,Wednesday,London
AUDUSD,-1,2022-10-10 15:30:00+00:00,2022-10-10 15:45:00+00:00,2022-10-11 17:15:00+00:00,0.62992,0.6297999999999999,0.6329545897440632,0.6238508205118738,0.6329845897440631,0.0030345897440631053,30.345897440631052,-1.0494300754471246,loss,1,102,2022,Monday,NY
AUDUSD,1,2022-11-11 13:45:00+00:00,2022-11-11 14:00:00+00:00,2022-11-15 07:45:00+00:00,0.66869,0.6688000000000001,0.6650435052466256,0.675982989506749,0.675982989506749,0.003646494753374465,36.46494753374465,1.969834044078017,win,2,167,2022,Friday,NY
AUDUSD,1,2022-11-24 14:45:00+00:00,2022-11-24 15:00:00+00:00,2022-11-25 09:30:00+00:00,0.67729,0.6774,0.6740868134733353,0.6836963730533292,0.6740568134733353,0.003203186526664601,32.03186526664601,-1.0437064775449814,loss,2,74,2022,Thursday,NY
AUDUSD,1,2022-12-14 08:15:00+00:00,2022-12-14 08:30:00+00:00,2022-12-14 19:00:00+00:00,0.68607,0.68618,0.684122105064097,0.6899657898718058,0.684092105064097,0.0019478949359029321,19.478949359029322,-1.0718724595560247,loss,2,42,2022,Wednesday,London
AUDUSD,1,2023-01-09 08:00:00+00:00,2023-01-09 08:15:00+00:00,2023-01-09 10:45:00+00:00,0.69318,0.69328,0.6909551125442733,0.6976297749114533,0.6909251125442734,0.0022248874557266414,22.24887455726641,-1.0584299217766733,loss,3,10,2023,Monday,London
AUDUSD,1,2023-01-09 14:45:00+00:00,2023-01-09 15:00:00+00:00,2023-01-09 20:30:00+00:00,0.69362,0.6937300000000001,0.6913360022595673,0.6981879954808654,0.6913060022595673,0.002283997740432725,22.83997740432725,-1.0612960326193372,loss,2,22,2023,Monday,NY
AUDUSD,1,2023-01-13 10:00:00+00:00,2023-01-13 10:15:00+00:00,2023-01-13 11:30:00+00:00,0.69815,0.69825,0.6961483471237506,0.7021533057524989,0.6961183471237506,0.0020016528762494402,20.016528762494403,-1.0649463258802072,loss,2,5,2023,Friday,London
AUDUSD,1,2023-01-23 07:45:00+00:00,2023-01-23 08:00:00+00:00,2023-01-23 08:45:00+00:00,0.69809,0.6981900000000001,0.6970564632709246,0.7001570734581506,0.7001570734581506,0.0010335367290753086,10.335367290753085,1.9032448512114488,win,1,3,2023,Monday,London
AUDUSD,1,2023-02-01 10:15:00+00:00,2023-02-01 10:30:00+00:00,2023-02-01 15:00:00+00:00,0.70755,0.70765,0.7066284338123231,0.7093931323753537,0.7065984338123231,0.0009215661876768773,9.215661876768772,-1.141064203242645,loss,2,18,2023,Wednesday,London
AUDUSD,1,2023-02-02 08:00:00+00:00,2023-02-02 08:15:00+00:00,2023-02-02 09:00:00+00:00,0.71467,0.71477,0.7135059642048175,0.7169980715903651,0.7134759642048175,0.0011640357951825438,11.640357951825438,-1.1116804144150667,loss,3,3,2023,Thursday,London
AUDUSD,-1,2023-02-17 08:00:00+00:00,2023-02-17 08:15:00+00:00,2023-02-17 15:00:00+00:00,0.68293,0.68282,0.685140721046253,0.6785085579074941,0.685170721046253,0.002210721046252973,22.10721046252973,-1.063327754642459,loss,2,27,2023,Friday,London
AUDUSD,-1,2023-02-22 07:45:00+00:00,2023-02-22 08:00:00+00:00,2023-02-22 13:00:00+00:00,0.68276,0.6826599999999999,0.6838626229989323,0.6805547540021356,0.6838926229989323,0.001102622998932231,11.026229989322308,-1.1179006787687198,loss,2,12,2023,Wednesday,London
AUDUSD,-1,2023-02-22 15:00:00+00:00,2023-02-22 15:15:00+00:00,2023-02-24 12:00:00+00:00,0.68148,0.6813699999999999,0.68413267756327,0.6761746448734599,0.6761746448734599,0.002652677563270035,26.52677563270035,1.9585324648863631,win,1,135,2023,Wednesday,NY
AUDUSD,-1,2023-02-27 10:00:00+00:00,2023-02-27 10:15:00+00:00,2023-02-27 13:45:00+00:00,0.67138,0.6712499999999999,0.6727399493602679,0.6686601012794642,0.6727699493602679,0.001359949360267913,13.599493602679129,-1.1176514395863748,loss,2,6,2023,Monday,London
AUDUSD,-1,2023-02-28 09:30:00+00:00,2023-02-28 09:45:00+00:00,2023-02-28 10:00:00+00:00,0.67169,0.67157,0.6727363744575958,0.6695972510848085,0.6727663744575958,0.0010463744575957665,10.463744575957664,-1.1433521230484545,loss,2,1,2023,Tuesday,London
AUDUSD,-1,2023-03-07 07:45:00+00:00,2023-03-07 08:00:00+00:00,2023-03-07 08:15:00+00:00,0.67059,0.6704899999999999,0.6718801733299089,0.6680096533401821,0.6680096533401821,0.0012901733299089126,12.901733299089125,1.9224910345905948,win,3,1,2023,Tuesday,London
AUDUSD,-1,2023-03-27 10:30:00+00:00,2023-03-27 10:45:00+00:00,2023-03-28 01:15:00+00:00,0.66425,0.66414,0.6660839070539903,0.6605821858920194,0.6661139070539903,0.001833907053990304,18.33907053990304,-1.076339746714776,loss,2,30,2023,Monday,London
AUDUSD,-1,2023-04-06 08:15:00+00:00,2023-04-06 08:30:00+00:00,2023-04-06 08:45:00+00:00,0.66988,0.66977,0.6708775331274971,0.667884933745006,0.6709075331274971,0.0009975331274970224,9.975331274970223,-1.1403462162217644,loss,2,1,2023,Thursday,London
AUDUSD,-1,2023-04-06 10:15:00+00:00,2023-04-06 10:30:00+00:00,2023-04-06 14:00:00+00:00,0.66976,0.66965,0.6709445344369173,0.6673909311261657,0.6673909311261657,0.0011845344369172,11.845344369172,1.907136511551014,win,3,6,2023,Thursday,London
AUDUSD,-1,2023-04-26 08:00:00+00:00,2023-04-26 08:15:00+00:00,2023-04-26 08:30:00+00:00,0.66065,0.66053,0.6617208526952876,0.6585082946094246,0.6617508526952876,0.0010708526952876605,10.708526952876605,-1.1400752882819658,loss,3,1,2023,Wednesday,London
AUDUSD,-1,2023-05-17 08:45:00+00:00,2023-05-17 09:00:00+00:00,2023-05-17 12:00:00+00:00,0.66292,0.6628099999999999,0.6652690947334876,0.6582218105330246,0.6652990947334876,0.0023490947334876707,23.490947334876704,-1.0595974261932628,loss,2,8,2023,Wednesday,London
AUDUSD,-1,2023-05-25 08:00:00+00:00,2023-05-25 08:15:00+00:00,2023-05-25 18:00:00+00:00,0.65281,0.6527,0.6542690177654092,0.6498919644691815,0.6498919644691815,0.0014590177654092184,14.590177654092184,1.9246068124680078,win,2,23,2023,Thursday,London
AUDUSD,1,2023-06-12 08:30:00+00:00,2023-06-12 08:45:00+00:00,2023-06-12 15:30:00+00:00,0.67548,0.67561,0.674049557504366,0.6783408849912679,0.674019557504366,0.0014304424956339617,14.304424956339616,-1.1118535002199659,loss,2,19,2023,Monday,London
AUDUSD,1,2023-06-15 08:30:00+00:00,2023-06-15 08:45:00+00:00,2023-06-15 12:45:00+00:00,0.68103,0.6811400000000001,0.6795873033953097,0.6839153932093808,0.6795573033953097,0.001442696604690351,14.426966046903509,-1.0970405000918717,loss,2,12,2023,Thursday,London
AUDUSD,1,2023-06-16 09:15:00+00:00,2023-06-16 09:30:00+00:00,2023-06-16 14:00:00+00:00,0.68773,0.68786,0.686733254391261,0.689723491217478,0.686703254391261,0.0009967456087390009,9.967456087390008,-1.1605224027045737,loss,2,10,2023,Friday,London
AUDUSD,1,2023-07-13 07:15:00+00:00,2023-07-13 07:30:00+00:00,2023-07-13 15:00:00+00:00,0.68292,0.68303,0.6803439935829072,0.6880720128341855,0.6880720128341855,0.0025760064170927744,25.760064170927745,1.9572982430206018,win,2,22,2023,Thursday,London
AUDUSD,1,2023-07-20 07:45:00+00:00,2023-07-20 08:00:00+00:00,2023-07-20 14:30:00+00:00,0.68204,0.68213,0.6805036252982426,0.6851127494035147,0.6804736252982426,0.0015363747017573975,15.363747017573974,-1.0781059463311455,loss,3,18,2023,Thursday,London
AUDUSD,1,2023-07-25 09:45:00+00:00,2023-07-25 10:00:00+00:00,2023-07-26 02:30:00+00:00,0.67772,0.6778400000000001,0.6759724540711556,0.6812150918576888,0.6759424540711556,0.0017475459288443993,17.475459288443993,-1.0858346539133843,loss,2,38,2023,Tuesday,London
AUDUSD,1,2023-07-27 07:30:00+00:00,2023-07-27 07:45:00+00:00,2023-07-27 13:30:00+00:00,0.67973,0.67983,0.6784731425344676,0.6822437149310647,0.6784431425344676,0.0012568574655324092,12.568574655324092,-1.103432571763408,loss,3,19,2023,Thursday,London
AUDUSD,-1,2023-08-01 15:15:00+00:00,2023-08-01 15:30:00+00:00,2023-08-02 13:30:00+00:00,0.66097,0.6608499999999999,0.6632945822425557,0.6563208355148885,0.6563208355148885,0.002324582242555739,23.24582242555739,1.9483778212690297,win,1,88,2023,Tuesday,NY
AUDUSD,-1,2023-08-03 09:30:00+00:00,2023-08-03 09:45:00+00:00,2023-08-03 13:30:00+00:00,0.65179,0.6516799999999999,0.6541646073074816,0.6470407853850368,0.6541946073074816,0.002374607307481578,23.74607307481578,-1.0589571166394474,loss,2,15,2023,Thursday,London
AUDUSD,-1,2023-08-08 14:30:00+00:00,2023-08-08 14:45:00+00:00,2023-08-08 16:30:00+00:00,0.65029,0.65016,0.6519420326997689,0.6469859346004623,0.6519720326997689,0.0016520326997688899,16.520326997688898,-1.096850383180927,loss,1,7,2023,Tuesday,NY
AUDUSD,-1,2023-09-21 08:15:00+00:00,2023-09-21 08:30:00+00:00,2023-09-21 13:15:00+00:00,0.6412,0.64106,0.642288620451866,0.6390227590962682,0.6390227590962682,0.0010886204518659307,10.886204518659307,1.8713968676960921,win,3,19,2023,Thursday,London
AUDUSD,-1,2023-09-26 09:45:00+00:00,2023-09-26 10:00:00+00:00,2023-09-26 13:45:00+00:00,0.64067,0.64057,0.6416003989588737,0.6388092020822526,0.6416303989588736,0.0009303989588736904,9.303989588736904,-1.1397250058806474,loss,2,15,2023,Tuesday,London
AUDUSD,-1,2023-09-27 08:45:00+00:00,2023-09-27 09:00:00+00:00,2023-09-27 12:30:00+00:00,0.63788,0.6377799999999999,0.6387555286211206,0.6361289427577588,0.6361289427577588,0.0008755286211206303,8.755286211206302,1.8857832884182146,win,2,14,2023,Wednesday,London
AUDUSD,-1,2023-10-02 09:45:00+00:00,2023-10-02 10:00:00+00:00,2023-10-02 22:00:00+00:00,0.64047,0.6403599999999999,0.6426277897564318,0.6361544204871366,0.6361544204871366,0.002157789756431721,21.577897564317208,1.9490219101874096,win,2,48,2023,Monday,London
AUDUSD,-1,2023-10-03 09:30:00+00:00,2023-10-03 09:45:00+00:00,2023-10-03 12:00:00+00:00,0.63205,0.6319499999999999,0.6332151092627408,0.6297197814745183,0.6297197814745183,0.0011651092627408479,11.651092627408477,1.9141711398252053,win,2,9,2023,Tuesday,London
AUDUSD,-1,2023-10-19 08:45:00+00:00,2023-10-19 09:00:00+00:00,2023-10-19 11:30:00+00:00,0.62982,0.62969,0.6311215888352925,0.6272168223294153,0.6311515888352924,0.0013015888352923624,13.015888352923623,-1.1229266844196297,loss,1,10,2023,Thursday,London
AUDUSD,-1,2023-10-25 14:30:00+00:00,2023-10-25 14:45:00+00:00,2023-10-25 23:15:00+00:00,0.63275,0.63266,0.6346918753186034,0.6288662493627935,0.6288662493627935,0.0019418753186033178,19.41875318603318,1.9536530491232478,win,1,34,2023,Wednesday,NY
AUDUSD,1,2023-11-15 07:30:00+00:00,2023-11-15 07:45:00+00:00,2023-11-15 13:30:00+00:00,0.65081,0.65093,0.6491809407674785,0.6540681184650431,0.6540681184650431,0.0016290592325215378,16.29059232521538,1.9263378534037396,win,2,23,2023,Wednesday,London
AUDUSD,1,2023-11-20 09:15:00+00:00,2023-11-20 09:30:00+00:00,2023-11-20 14:00:00+00:00,0.65558,0.65568,0.6544251345640733,0.6578897308718538,0.6543951345640733,0.0011548654359268278,11.548654359268276,-1.112567227276661,loss,2,18,2023,Monday,London
AUDUSD,1,2023-12-14 09:15:00+00:00,2023-12-14 09:30:00+00:00,2023-12-14 13:30:00+00:00,0.67041,0.67051,0.6688291904672433,0.6735716190655133,0.6687991904672433,0.0015808095327566657,15.808095327566656,-1.0822363461924116,loss,3,16,2023,Thursday,London
AUDUSD,1,2023-12-20 08:15:00+00:00,2023-12-20 08:30:00+00:00,2023-12-20 10:15:00+00:00,0.6775,0.67762,0.6761129783341764,0.6802740433316472,0.6760829783341764,0.0013870216658235879,13.870216658235877,-1.1081453907289438,loss,1,7,2023,Wednesday,London
AUDUSD,1,2023-12-20 15:30:00+00:00,2023-12-20 15:45:00+00:00,2023-12-20 17:15:00+00:00,0.67768,0.67779,0.6759515719378837,0.6811368561242325,0.6759215719378837,0.001728428062116283,17.28428062116283,-1.0809984534899248,loss,1,6,2023,Wednesday,NY
AUDUSD,-1,2024-01-17 10:30:00+00:00,2024-01-17 10:45:00+00:00,2024-01-17 12:15:00+00:00,0.6553,0.6551699999999999,0.6564773056197926,0.652945388760415,0.6565073056197925,0.001177305619792519,11.77305619792519,-1.1359035388179795,loss,2,6,2024,Wednesday,London
AUDUSD,-1,2024-02-05 09:30:00+00:00,2024-02-05 09:45:00+00:00,2024-02-06 05:00:00+00:00,0.64971,0.6496099999999999,0.6520344962906498,0.6450610074187003,0.6520644962906498,0.0023244962906498324,23.244962906498323,-1.0559260948373854,loss,2,77,2024,Monday,London
AUDUSD,-1,2024-02-13 09:00:00+00:00,2024-02-13 09:15:00+00:00,2024-02-13 11:15:00+00:00,0.65103,0.65089,0.6523470273076171,0.648395945384766,0.652377027307617,0.0013170273076170262,13.170273076170261,-1.1290785688473213,loss,1,8,2024,Tuesday,London
AUDUSD,-1,2024-02-28 15:30:00+00:00,2024-02-28 15:45:00+00:00,2024-02-29 01:30:00+00:00,0.64926,0.6491399999999999,0.6503802085611843,0.6470195828776314,0.6504102085611843,0.0011202085611842823,11.202085611842822,-1.1339036365169841,loss,2,39,2024,Wednesday,NY
AUDUSD,-1,2024-02-29 10:15:00+00:00,2024-02-29 10:30:00+00:00,2024-02-29 13:45:00+00:00,0.64971,0.64957,0.6514255309602638,0.6462789380794726,0.6514555309602638,0.0017155309602637336,17.155309602637335,-1.0990946849329455,loss,2,13,2024,Thursday,London
AUDUSD,-1,2024-04-16 08:45:00+00:00,2024-04-16 09:00:00+00:00,2024-04-16 18:30:00+00:00,0.64171,0.6416,0.6428900730152989,0.6393498539694021,0.6393498539694021,0.0011800730152989256,11.800730152989255,1.9067854288896045,win,2,38,2024,Tuesday,London
AUDUSD,1,2024-05-03 09:45:00+00:00,2024-05-03 10:00:00+00:00,2024-05-03 13:30:00+00:00,0.65815,0.6582600000000001,0.6567116003552135,0.6610267992895731,0.6610267992895731,0.001438399644786525,14.38399644786525,1.9235261212704506,win,1,14,2024,Friday,London
AUDUSD,1,2024-05-06 15:00:00+00:00,2024-05-06 15:15:00+00:00,2024-05-06 15:45:00+00:00,0.6635,0.6636200000000001,0.6627287819765347,0.6650424360469306,0.6626987819765348,0.0007712180234652896,7.712180234652895,-1.194497529150139,loss,2,2,2024,Monday,NY
AUDUSD,1,2024-05-15 09:15:00+00:00,2024-05-15 09:30:00+00:00,2024-05-15 11:30:00+00:00,0.66469,0.6647900000000001,0.6638024061473153,0.6664651877053693,0.6637724061473154,0.0008875938526846882,8.87593852684688,-1.1464633848092152,loss,1,8,2024,Wednesday,London
AUDUSD,1,2024-05-21 15:00:00+00:00,2024-05-21 15:15:00+00:00,2024-05-22 07:30:00+00:00,0.66776,0.6678700000000001,0.6656268844230836,0.6720262311538329,0.6655968844230836,0.0021331155769164457,21.331155769164457,-1.065631699245469,loss,2,65,2024,Tuesday,NY
AUDUSD,1,2024-05-31 10:15:00+00:00,2024-05-31 10:30:00+00:00,2024-05-31 14:00:00+00:00,0.66412,0.66424,0.6627454047609227,0.6668691904781548,0.6668691904781548,0.0013745952390774013,13.745952390774011,1.9127015745518317,win,3,14,2024,Friday,London
AUDUSD,1,2024-06-19 15:45:00+00:00,2024-06-19 16:00:00+00:00,2024-06-20 07:00:00+00:00,0.66744,0.6675500000000001,0.6664743427304555,0.6693713145390892,0.6664443427304555,0.000965657269544545,9.65657269544545,-1.1449789738196425,loss,3,60,2024,Wednesday,NY
AUDUSD,1,2024-06-26 09:15:00+00:00,2024-06-26 09:30:00+00:00,2024-06-26 10:15:00+00:00,0.66841,0.66852,0.6673424928954725,0.6705450142090548,0.6673124928954726,0.0010675071045273998,10.675071045273999,-1.1311466681638798,loss,2,3,2024,Wednesday,London
AUDUSD,1,2024-07-04 09:45:00+00:00,2024-07-04 10:00:00+00:00,2024-07-05 13:30:00+00:00,0.67212,0.6722400000000001,0.6711431171134401,0.6740737657731198,0.6711131171134401,0.0009768828865598948,9.768828865598948,-1.1535496240785468,loss,3,110,2024,Thursday,London
AUDUSD,1,2024-08-20 10:00:00+00:00,2024-08-20 10:15:00+00:00,2024-08-21 01:15:00+00:00,0.673,0.6731100000000001,0.6719426208997046,0.6751147582005909,0.6751147582005909,0.0010573791002954232,10.573791002954232,1.8959691940484242,win,2,60,2024,Tuesday,London
AUDUSD,1,2024-08-23 07:30:00+00:00,2024-08-23 07:45:00+00:00,2024-08-23 15:00:00+00:00,0.67248,0.6725800000000001,0.6716634716893941,0.6741130566212118,0.6741130566212118,0.0008165283106059092,8.165283106059093,1.8775302721275064,win,2,29,2024,Friday,London
AUDUSD,1,2024-08-29 10:00:00+00:00,2024-08-29 10:15:00+00:00,2024-08-29 14:00:00+00:00,0.68137,0.68147,0.6796409791695929,0.6848280416608142,0.6796109791695929,0.0017290208304071078,17.290208304071076,-1.075187064096506,loss,2,15,2024,Thursday,London
AUDUSD,1,2024-09-17 08:15:00+00:00,2024-09-17 08:30:00+00:00,2024-09-18 19:00:00+00:00,0.67616,0.6762600000000001,0.6741148865773349,0.6802502268453302,0.6802502268453302,0.002045113422665127,20.45113422665127,1.9511029564952869,win,2,138,2024,Tuesday,London
AUDUSD,1,2024-09-30 07:30:00+00:00,2024-09-30 07:45:00+00:00,2024-09-30 09:15:00+00:00,0.69329,0.6933800000000001,0.6923609784734645,0.695148043053071,0.6923309784734645,0.0009290215265355141,9.29021526535514,-1.1291681587267615,loss,2,6,2024,Monday,London
AUDUSD,1,2024-10-02 09:15:00+00:00,2024-10-02 09:30:00+00:00,2024-10-03 01:15:00+00:00,0.68983,0.6899400000000001,0.6874826319878253,0.6945247360243494,0.6874526319878254,0.002347368012174673,23.473680121746728,-1.0596412659940686,loss,2,63,2024,Wednesday,London
AUDUSD,-1,2024-10-15 08:30:00+00:00,2024-10-15 08:45:00+00:00,2024-10-15 13:15:00+00:00,0.6704,0.6702999999999999,0.6717562190640972,0.6676875618718054,0.6717862190640972,0.0013562190640972643,13.562190640972641,-1.095854720997128,loss,1,18,2024,Tuesday,London
AUDUSD,-1,2024-10-16 09:00:00+00:00,2024-10-16 09:15:00+00:00,2024-10-17 02:15:00+00:00,0.66849,0.6683899999999999,0.669935842444963,0.6655983151100742,0.6699658424449629,0.0014458424449629512,14.458424449629511,-1.0899129780377868,loss,2,68,2024,Wednesday,London
AUDUSD,-1,2024-10-21 15:00:00+00:00,2024-10-21 15:15:00+00:00,2024-10-21 16:00:00+00:00,0.66879,0.66867,0.6699179308837943,0.6665341382324115,0.6665341382324115,0.001127930883794246,11.279308837942459,1.89361050244824,win,2,3,2024,Monday,NY
AUDUSD,-1,2024-10-29 07:30:00+00:00,2024-10-29 07:45:00+00:00,2024-10-29 08:30:00+00:00,0.6565,0.6563899999999999,0.6571095345337419,0.6552809309325162,0.6571395345337419,0.0006095345337419086,6.0953453374190865,-1.229683458852729,loss,3,3,2024,Tuesday,London
AUDUSD,-1,2024-11-06 14:45:00+00:00,2024-11-06 15:00:00+00:00,2024-11-06 15:00:00+00:00,0.65522,0.65511,0.6569689146802141,0.6517221706395718,0.6569989146802141,0.0017489146802140815,17.489146802140816,-1.0800496454080355,loss,2,0,2024,Wednesday,NY
AUDUSD,-1,2024-11-11 14:30:00+00:00,2024-11-11 14:45:00+00:00,2024-11-12 16:30:00+00:00,0.65691,0.6568099999999999,0.6587386746755062,0.6532526506489876,0.6532526506489876,0.0018286746755061852,18.286746755061852,1.9453155876550716,win,2,103,2024,Monday,NY
AUDUSD,-1,2024-11-14 08:45:00+00:00,2024-11-14 09:00:00+00:00,2024-11-14 10:30:00+00:00,0.64717,0.6470499999999999,0.648082153096047,0.6453456938079062,0.6453456938079062,0.0009121530960469382,9.12153096046938,1.8684431368810672,win,2,6,2024,Thursday,London
AUDUSD,-1,2024-12-04 08:00:00+00:00,2024-12-04 08:15:00+00:00,2024-12-05 08:15:00+00:00,0.64291,0.64281,0.6451394035374626,0.6384511929250748,0.6451694035374625,0.002229403537462596,22.29403537462596,-1.0583115608347515,loss,2,96,2024,Wednesday,London
AUDUSD,-1,2024-12-10 15:00:00+00:00,2024-12-10 15:15:00+00:00,2024-12-12 00:30:00+00:00,0.63784,0.63772,0.6401123789156195,0.6332952421687609,0.6401423789156194,0.002272378915619537,22.72378915619537,-1.0660101178412136,loss,1,133,2024,Tuesday,NY
AUDUSD,-1,2024-12-18 08:00:00+00:00,2024-12-18 08:15:00+00:00,2024-12-18 13:15:00+00:00,0.63113,0.6310199999999999,0.6323417644942078,0.6287064710115844,0.6323717644942077,0.0012117644942077734,12.117644942077733,-1.1155340007643768,loss,1,20,2024,Wednesday,London
AUDUSD,-1,2025-01-08 08:45:00+00:00,2025-01-08 09:00:00+00:00,2025-01-09 07:45:00+00:00,0.62166,0.6215599999999999,0.6235061169350623,0.6179677661298754,0.6179677661298754,0.0018461169350622944,18.461169350622942,1.9458322503299683,win,2,91,2025,Wednesday,London
AUDUSD,-1,2025-01-09 09:45:00+00:00,2025-01-09 10:00:00+00:00,2025-01-09 11:45:00+00:00,0.61914,0.61901,0.6199938640538251,0.6174322718923498,0.620023864053825,0.000853864053825075,8.53864053825075,-1.187383459091943,loss,2,7,2025,Thursday,London
AUDUSD,-1,2025-01-13 07:15:00+00:00,2025-01-13 07:30:00+00:00,2025-01-13 07:45:00+00:00,0.61373,0.61361,0.6144793546911731,0.6122312906176538,0.6145093546911731,0.0007493546911730947,7.493546911730947,-1.200172230543011,loss,3,1,2025,Monday,London
AUDUSD,-1,2025-01-28 08:00:00+00:00,2025-01-28 08:15:00+00:00,2025-01-29 12:15:00+00:00,0.6246,0.62452,0.6258346431091668,0.6221307137816666,0.6221307137816666,0.001234643109166722,12.346431091667219,1.9352039472733984,win,2,112,2025,Tuesday,London
AUDUSD,1,2025-02-14 08:00:00+00:00,2025-02-14 08:15:00+00:00,2025-02-17 01:30:00+00:00,0.63339,0.6334900000000001,0.6316845932469415,0.636800813506117,0.636800813506117,0.0017054067530584943,17.05406753058494,1.9413629623426736,win,2,69,2025,Friday,London
AUDUSD,1,2025-02-18 09:30:00+00:00,2025-02-18 09:45:00+00:00,2025-02-18 12:15:00+00:00,0.63588,0.636,0.6350573907861186,0.6375252184277629,0.6350273907861186,0.0008226092138814657,8.226092138814657,-1.1823466081691305,loss,1,10,2025,Tuesday,London
AUDUSD,1,2025-02-20 14:30:00+00:00,2025-02-20 14:45:00+00:00,2025-02-21 18:00:00+00:00,0.63882,0.6389400000000001,0.6368437564043468,0.6427724871913066,0.6368137564043468,0.0019762435956532922,19.762435956532922,-1.0759015742441398,loss,2,109,2025,Thursday,NY
AUDUSD,1,2025-03-18 08:00:00+00:00,2025-03-18 08:15:00+00:00,2025-03-18 11:45:00+00:00,0.63863,0.63873,0.6365759614262418,0.6427380771475164,0.6365459614262419,0.002054038573758164,20.54038573758164,-1.063289950666376,loss,1,14,2025,Tuesday,London
AUDUSD,-1,2025-04-07 09:15:00+00:00,2025-04-07 09:30:00+00:00,2025-04-07 11:15:00+00:00,0.60054,0.60044,0.6031661115980379,0.5952877768039242,0.6031961115980379,0.0026261115980378996,26.261115980378996,-1.0495028467553065,loss,2,7,2025,Monday,London
AUDUSD,1,2025-05-05 08:15:00+00:00,2025-05-05 08:30:00+00:00,2025-05-05 18:30:00+00:00,0.64734,0.6474500000000001,0.6461808661839176,0.649658267632165,0.6461508661839176,0.0011591338160824895,11.591338160824893,-1.12077984272183,loss,2,40,2025,Monday,London
AUDUSD,1,2025-05-14 07:15:00+00:00,2025-05-14 07:30:00+00:00,2025-05-14 09:15:00+00:00,0.64754,0.6476500000000001,0.6463869949752316,0.6498460100495369,0.6498460100495369,0.0011530050247684437,11.530050247684438,1.9045971200150376,win,2,7,2025,Wednesday,London
AUDUSD,1,2025-05-19 15:00:00+00:00,2025-05-19 15:15:00+00:00,2025-05-20 05:30:00+00:00,0.64492,0.6450400000000001,0.643487097539715,0.6477858049205703,0.643457097539715,0.001432902460285075,14.32902460285075,-1.104682631342619,loss,1,57,2025,Monday,NY
AUDUSD,1,2025-05-26 09:30:00+00:00,2025-05-26 09:45:00+00:00,2025-05-26 10:15:00+00:00,0.6514,0.6515200000000001,0.6505897807154511,0.6530204385690976,0.6505597807154512,0.0008102192845488442,8.10219284548844,-1.1851350651121628,loss,2,2,2025,Monday,London
AUDUSD,1,2025-06-02 15:00:00+00:00,2025-06-02 15:15:00+00:00,2025-06-03 03:30:00+00:00,0.64875,0.64888,0.647058811184566,0.6521323776308682,0.647028811184566,0.0016911888154340375,16.911888154340375,-1.0946080050552491,loss,2,49,2025,Monday,NY
AUDUSD,1,2025-06-24 10:00:00+00:00,2025-06-24 10:15:00+00:00,2025-06-24 14:30:00+00:00,0.65106,0.6511600000000001,0.6486867261598362,0.6558065476803274,0.6486567261598363,0.0023732738401637432,23.73273840163743,-1.0547766540042793,loss,2,17,2025,Tuesday,London
AUDUSD,1,2025-06-26 07:45:00+00:00,2025-06-26 08:00:00+00:00,2025-06-26 17:30:00+00:00,0.65315,0.6532500000000001,0.6517134523720277,0.6560230952559446,0.6560230952559446,0.0014365476279722714,14.365476279722714,1.9303886637290233,win,1,38,2025,Thursday,London
AUDUSD,1,2025-06-27 09:00:00+00:00,2025-06-27 09:15:00+00:00,2025-06-27 11:00:00+00:00,0.65536,0.65546,0.6539031107287849,0.6582737785424303,0.653873110728785,0.001456889271215107,14.56889271215107,-1.0892312151434498,loss,1,7,2025,Friday,London
AUDUSD,1,2025-07-11 08:15:00+00:00,2025-07-11 08:30:00+00:00,2025-07-11 09:45:00+00:00,0.65905,0.65915,0.6573992381799627,0.6623515236400748,0.6573692381799627,0.001650761820037346,16.507618200373457,-1.0787515184940448,loss,1,5,2025,Friday,London
AUDUSD,1,2025-07-23 07:45:00+00:00,2025-07-23 08:00:00+00:00,2025-07-23 10:00:00+00:00,0.65688,0.6569900000000001,0.6560566646868283,0.6585266706263434,0.6585266706263434,0.0008233353131716982,8.233353131716981,1.866397082403377,win,1,8,2025,Wednesday,London
AUDUSD,1,2025-07-23 15:30:00+00:00,2025-07-23 15:45:00+00:00,2025-07-23 16:30:00+00:00,0.65899,0.6590900000000001,0.6580871218415499,0.6607957563169001,0.65805712184155,0.0009028781584500731,9.02878158450073,-1.143983990290775,loss,2,3,2025,Wednesday,NY
AUDUSD,1,2025-07-24 08:00:00+00:00,2025-07-24 08:15:00+00:00,2025-07-24 08:30:00+00:00,0.66154,0.6616500000000001,0.6608615613961614,0.6628968772076773,0.6608315613961614,0.0006784386038386728,6.784386038386728,-1.206356181985918,loss,3,1,2025,Thursday,London
AUDUSD,-1,2025-07-31 15:45:00+00:00,2025-07-31 16:00:00+00:00,2025-08-01 10:15:00+00:00,0.64372,0.64364,0.6445887993045685,0.6419824013908628,0.6419824013908628,0.000868799304568552,8.68799304568552,1.9079188949861503,win,2,73,2025,Thursday,NY
AUDUSD,-1,2025-08-20 08:30:00+00:00,2025-08-20 08:45:00+00:00,2025-08-21 03:30:00+00:00,0.64394,0.64384,0.6449311431195857,0.6419577137608286,0.6419577137608286,0.000991143119585716,9.91143119585716,1.8991063974274323,win,2,75,2025,Wednesday,London
AUDUSD,1,2025-09-03 13:45:00+00:00,2025-09-03 14:00:00+00:00,2025-09-04 06:00:00+00:00,0.65401,0.65414,0.6523864777750227,0.6572570444499545,0.6523564777750227,0.0016235222249772697,16.235222249772697,-1.0985511608886798,loss,2,64,2025,Wednesday,NY
AUDUSD,1,2025-09-09 08:00:00+00:00,2025-09-09 08:15:00+00:00,2025-09-09 08:45:00+00:00,0.66088,0.6610100000000001,0.660120831664753,0.6623983366704941,0.660090831664753,0.0007591683352470435,7.591683352470435,-1.2107569462153192,loss,2,2,2025,Tuesday,London
AUDUSD,1,2025-09-09 10:00:00+00:00,2025-09-09 10:15:00+00:00,2025-09-09 13:30:00+00:00,0.66171,0.66183,0.6597721542561003,0.6655856914877996,0.6597421542561003,0.0019378457438997856,19.378457438997856,-1.077405541938597,loss,2,13,2025,Tuesday,London
AUDUSD,1,2025-09-30 14:30:00+00:00,2025-09-30 14:45:00+00:00,2025-10-01 01:30:00+00:00,0.66182,0.6619200000000001,0.6603502833160166,0.6647594333679666,0.6603202833160167,0.0014697166839833405,14.697166839833404,-1.0884524217604459,loss,2,43,2025,Tuesday,NY
AUDUSD,-1,2025-10-14 14:30:00+00:00,2025-10-14 14:45:00+00:00,2025-10-14 14:45:00+00:00,0.64519,0.64508,0.6461820143423487,0.6432059713153028,0.6462120143423487,0.0009920143423486332,9.920143423486332,-1.1411269918422502,loss,3,0,2025,Tuesday,NY
AUDUSD,-1,2025-10-17 07:45:00+00:00,2025-10-17 08:00:00+00:00,2025-10-17 08:15:00+00:00,0.64676,0.6466599999999999,0.6479318951071816,0.6444162097856369,0.6444162097856369,0.0011718951071815948,11.718951071815948,1.9146681308017073,win,3,1,2025,Friday,London
AUDUSD,-1,2025-10-31 09:15:00+00:00,2025-10-31 09:30:00+00:00,2025-10-31 13:45:00+00:00,0.65396,0.65387,0.6545556240797947,0.6527687518404106,0.6545856240797947,0.0005956240797946896,5.956240797946896,-1.201469356378987,loss,3,17,2025,Friday,London
AUDUSD,-1,2025-11-04 08:30:00+00:00,2025-11-04 08:45:00+00:00,2025-11-04 10:00:00+00:00,0.65116,0.65106,0.6521036327389756,0.6492727345220485,0.6492727345220485,0.0009436327389757372,9.436327389757372,1.8940265678906765,win,2,5,2025,Tuesday,London
AUDUSD,1,2025-12-05 09:15:00+00:00,2025-12-05 09:30:00+00:00,2025-12-05 13:15:00+00:00,0.66275,0.66286,0.6621026181810563,0.6640447636378871,0.6640447636378871,0.000647381818943609,6.47381818943609,1.8300848173654223,win,1,15,2025,Friday,London
AUDUSD,1,2025-12-23 07:15:00+00:00,2025-12-23 07:30:00+00:00,2025-12-23 10:00:00+00:00,0.66742,0.66752,0.6663545752223116,0.6695508495553769,0.6695508495553769,0.0010654247776884463,10.654247776884462,1.9061407223727789,win,1,10,2025,Tuesday,London
AUDUSD,1,2025-12-24 08:45:00+00:00,2025-12-24 09:00:00+00:00,2025-12-24 12:45:00+00:00,0.67121,0.67132,0.6704532083136922,0.6727235833726156,0.6704232083136922,0.000756791686307796,7.56791686307796,-1.1849914613664454,loss,2,15,2025,Wednesday,London
AUDUSD,1,2026-01-02 07:45:00+00:00,2026-01-02 08:00:00+00:00,2026-01-02 11:45:00+00:00,0.66957,0.6696700000000001,0.6688327108094319,0.6710445783811364,0.6688027108094319,0.0007372891905681768,7.372891905681768,-1.1763215867845052,loss,2,15,2026,Friday,London
AUDUSD,1,2026-01-12 15:45:00+00:00,2026-01-12 16:00:00+00:00,2026-01-13 07:15:00+00:00,0.67195,0.6720600000000001,0.6702312294599972,0.6753875410800056,0.6702012294599973,0.0017187705400027883,17.18770540002788,-1.0814535720398224,loss,1,61,2026,Monday,NY
AUDUSD,1,2026-01-20 07:15:00+00:00,2026-01-20 07:30:00+00:00,2026-01-20 09:00:00+00:00,0.6737,0.67381,0.6727677182525046,0.6755645634949906,0.6727377182525046,0.0009322817474953312,9.322817474953311,-1.150169195499322,loss,1,6,2026,Tuesday,London
AUDUSD,1,2026-01-22 09:00:00+00:00,2026-01-22 09:15:00+00:00,2026-01-22 10:15:00+00:00,0.68071,0.68083,0.6796223039071636,0.6828853921856729,0.6795923039071636,0.001087696092836457,10.87696092836457,-1.1379061678973155,loss,1,4,2026,Thursday,London
AUDUSD,1,2026-01-23 14:45:00+00:00,2026-01-23 15:00:00+00:00,2026-01-23 20:45:00+00:00,0.68628,0.6864100000000001,0.6847550081287704,0.6893299837424592,0.6893299837424592,0.0015249918712296133,15.249918712296132,1.9147536439684483,win,1,23,2026,Friday,NY
AUDUSD,1,2026-01-26 07:15:00+00:00,2026-01-26 07:30:00+00:00,2026-01-26 13:00:00+00:00,0.6918,0.6919200000000001,0.6907276483765278,0.6939447032469443,0.6906976483765278,0.0010723516234722081,10.72351623472208,-1.1398794916861181,loss,3,22,2026,Monday,London
AUDUSD,1,2026-01-29 08:00:00+00:00,2026-01-29 08:15:00+00:00,2026-01-29 08:30:00+00:00,0.70741,0.7075100000000001,0.7061287207854339,0.7099725584291322,0.7060987207854339,0.0012812792145661114,12.812792145661113,-1.1014611011574844,loss,2,1,2026,Thursday,London
AUDUSD,1,2026-02-09 08:45:00+00:00,2026-02-09 09:00:00+00:00,2026-02-09 10:15:00+00:00,0.70381,0.70391,0.7025272109283659,0.7063755781432683,0.7024972109283659,0.0012827890716341477,12.827890716341477,-1.1013416803078606,loss,2,5,2026,Monday,London
AUDUSD,1,2026-02-11 07:45:00+00:00,2026-02-11 08:00:00+00:00,2026-02-11 08:30:00+00:00,0.71077,0.7108500000000001,0.7098819051347383,0.7125461897305235,0.7098519051347383,0.0008880948652617798,8.880948652617798,-1.1238606418106105,loss,2,2,2026,Wednesday,London
AUDUSD,1,2026-02-11 10:15:00+00:00,2026-02-11 10:30:00+00:00,2026-02-11 13:30:00+00:00,0.71174,0.71184,0.709750598198864,0.7157188036022721,0.709720598198864,0.001989401801136054,19.89401801136054,-1.0653462764162174,loss,1,12,2026,Wednesday,London
AUDUSD,1,2026-02-23 09:00:00+00:00,2026-02-23 09:15:00+00:00,2026-02-23 11:15:00+00:00,0.7088,0.7089200000000001,0.7072837369606101,0.7118325260787799,0.7072537369606101,0.0015162630393899352,15.162630393899352,-1.09892742624684,loss,2,8,2026,Monday,London
AUDUSD,1,2026-03-10 14:30:00+00:00,2026-03-10 14:45:00+00:00,2026-03-12 13:45:00+00:00,0.71396,0.71406,0.7104885616161779,0.7209028767676443,0.7104585616161779,0.0034714383838221263,34.71438383822126,-1.0374484538183963,loss,2,188,2026,Tuesday,NY
AUDUSD,1,2026-03-17 15:45:00+00:00,2026-03-17 16:00:00+00:00,2026-03-18 12:00:00+00:00,0.70992,0.71001,0.7083508746274505,0.7130582507450989,0.7083208746274505,0.0015691253725494576,15.691253725494576,-1.076475724693098,loss,3,80,2026,Tuesday,NY
AUDUSD,-1,2026-03-26 14:30:00+00:00,2026-03-26 14:45:00+00:00,2026-03-26 19:30:00+00:00,0.69138,0.6912499999999999,0.692948963967657,0.6882420720646858,0.6882420720646858,0.0015689639676570936,15.689639676570936,1.9171427753091177,win,2,19,2026,Thursday,NY
AUDUSD,-1,2026-03-30 10:00:00+00:00,2026-03-30 10:15:00+00:00,2026-03-31 02:30:00+00:00,0.68503,0.6849,0.6874054515429752,0.6802790969140498,0.6874354515429751,0.002375451542975126,23.754515429751258,-1.067355615176923,loss,1,65,2026,Monday,London
AUDUSD,-1,2026-04-02 10:00:00+00:00,2026-04-02 10:15:00+00:00,2026-04-02 13:30:00+00:00,0.6867,0.6865699999999999,0.6886122707432406,0.6828754585135187,0.6886422707432406,0.0019122707432406311,19.12270743240631,-1.083670160496679,loss,2,13,2026,Thursday,London
AUDUSD,1,2026-04-16 07:30:00+00:00,2026-04-16 07:45:00+00:00,2026-04-16 09:00:00+00:00,0.7185,0.7186,0.7176593298077064,0.7201813403845873,0.7176293298077064,0.0008406701922936329,8.406701922936328,-1.1546385267274195,loss,2,5,2026,Thursday,London
AUDUSD,1,2026-04-27 15:30:00+00:00,2026-04-27 15:45:00+00:00,2026-04-27 22:00:00+00:00,0.71983,0.71996,0.7181754961545229,0.7231390076909542,0.7181454961545229,0.0016545038454771018,16.545038454771017,-1.0967057286916488,loss,2,25,2026,Monday,NY
AUDUSD,1,2026-05-06 08:45:00+00:00,2026-05-06 09:00:00+00:00,2026-05-06 09:00:00+00:00,0.72417,0.72426,0.7232391027687693,0.7260317944624611,0.7232091027687694,0.0009308972312305935,9.308972312305935,-1.128907892272291,loss,3,0,2026,Wednesday,London
AUDUSD,1,2026-05-07 10:30:00+00:00,2026-05-07 10:45:00+00:00,2026-05-07 12:15:00+00:00,0.72612,0.7262200000000001,0.7251734729022608,0.7280130541954785,0.7251434729022608,0.0009465270977392631,9.465270977392631,-1.137344192586294,loss,3,6,2026,Thursday,London
AUDUSD,-1,2026-06-10 07:45:00+00:00,2026-06-10 08:00:00+00:00,2026-06-10 12:00:00+00:00,0.70166,0.7015399999999999,0.7025571107300816,0.6998657785398364,0.6998657785398364,0.0008971107300817484,8.971107300817485,1.8662372481164418,win,3,16,2026,Wednesday,London
AUDUSD,-1,2026-06-11 15:00:00+00:00,2026-06-11 15:15:00+00:00,2026-06-11 18:15:00+00:00,0.69821,0.6980999999999999,0.6999124468519498,0.6948051062961006,0.6999424468519497,0.001702446851949713,17.02446851949713,-1.0822345789178318,loss,2,12,2026,Thursday,NY
AUDUSD,-1,2026-06-24 08:45:00+00:00,2026-06-24 09:00:00+00:00,2026-06-25 16:15:00+00:00,0.68989,0.6897899999999999,0.6918492511350132,0.6859714977299737,0.6918792511350131,0.0019592511350131725,19.592511350131723,-1.066351881939418,loss,2,125,2026,Wednesday,London
AUDUSD,-1,2026-07-08 15:00:00+00:00,2026-07-08 15:15:00+00:00,2026-07-08 18:00:00+00:00,0.69189,0.6918,0.6932008583666505,0.689268283266699,0.6932308583666504,0.0013108583666504947,13.108583666504947,-1.0915430705962508,loss,2,11,2026,Wednesday,NY
AUDUSD,-1,2026-07-28 10:30:00+00:00,2026-07-28 10:45:00+00:00,2026-07-28 16:00:00+00:00,0.69701,0.6969099999999999,0.6976307701797397,0.6957684596405207,0.6976607701797397,0.0006207701797396775,6.207701797396775,-1.2094172758985118,loss,3,21,2026,Tuesday,London
AUDUSD,-1,2026-07-29 07:15:00+00:00,2026-07-29 07:30:00+00:00,2026-07-29 13:00:00+00:00,0.69538,0.69529,0.6961270083784813,0.6938859832430373,0.6938859832430373,0.0007470083784813253,7.470083784813253,1.8795194236201818,win,2,22,2026,Wednesday,London
AUDUSD,1,2026-08-04 08:00:00+00:00,2026-08-04 08:15:00+00:00,2026-08-04 11:45:00+00:00,0.70189,0.7020200000000001,0.7010974466452782,0.7034751067094436,0.7034751067094436,0.0007925533547218081,7.925533547218081,1.8359731881448418,win,3,14,2026,Tuesday,London
AUDUSD,1,2026-08-10 08:30:00+00:00,2026-08-10 08:45:00+00:00,2026-08-10 13:00:00+00:00,0.70689,0.70704,0.7060565335757353,0.7085569328485295,0.7060265335757353,0.0008334664242647483,8.334664242647483,-1.215965508339149,loss,1,17,2026,Monday,London
AUDUSD,1,2026-08-21 14:45:00+00:00,2026-08-21 15:00:00+00:00,2026-08-23 22:00:00+00:00,0.71704,0.71714,0.7158810596621319,0.7193578806757362,0.7158510596621319,0.001158940337868132,11.589403378681318,-1.112171434328609,loss,1,28,2026,Friday,NY
AUDUSD,1,2026-08-25 13:45:00+00:00,2026-08-25 14:00:00+00:00,2026-08-25 20:45:00+00:00,0.7154,0.7155100000000001,0.7148525372005735,0.7164949255988531,0.7164949255988531,0.0005474627994265295,5.474627994265295,1.799073105761173,win,2,27,2026,Tuesday,NY
AUDUSD,1,2026-08-26 09:00:00+00:00,2026-08-26 09:15:00+00:00,2026-08-26 14:15:00+00:00,0.71847,0.7185600000000001,0.7172905103873151,0.7208289792253699,0.7172605103873151,0.0011794896126849485,11.794896126849485,-1.101738920554704,loss,2,20,2026,Wednesday,London
USDCAD,-1,2019-01-18 10:30:00+00:00,2019-01-18 10:45:00+00:00,2019-01-18 13:15:00+00:00,1.32593,1.32578,1.3277133195256214,1.3223633609487573,1.3277433195256214,0.0017833195256213982,17.83319525621398,-1.1009353609456696,loss,1,10,2019,Friday,London
USDCAD,-1,2019-01-31 07:15:00+00:00,2019-01-31 07:30:00+00:00,2019-01-31 08:45:00+00:00,1.31276,1.31259,1.313576803249055,1.3111263935018898,1.3136068032490549,0.0008168032490550596,8.168032490550596,-1.2448570083814794,loss,2,5,2019,Thursday,London
USDCAD,-1,2019-02-20 10:00:00+00:00,2019-02-20 10:15:00+00:00,2019-02-20 12:00:00+00:00,1.31867,1.31853,1.3198137527678369,1.3163824944643263,1.3198437527678368,0.001143752767836874,11.43752767836874,-1.1486335200932367,loss,3,7,2019,Wednesday,London
USDCAD,-1,2019-02-20 15:15:00+00:00,2019-02-20 15:30:00+00:00,2019-02-21 05:45:00+00:00,1.31697,1.3168199999999999,1.3196433907301433,1.3116232185397136,1.3196733907301432,0.0026733907301431962,26.733907301431962,-1.0673302252344192,loss,2,57,2019,Wednesday,NY
USDCAD,-1,2019-02-25 09:45:00+00:00,2019-02-25 10:00:00+00:00,2019-02-25 12:30:00+00:00,1.31226,1.31212,1.3134534021738957,1.3098731956522085,1.3134834021738957,0.0011934021738957625,11.934021738957624,-1.142449882963621,loss,1,10,2019,Monday,London
USDCAD,1,2019-03-20 10:15:00+00:00,2019-03-20 10:30:00+00:00,2019-03-20 12:00:00+00:00,1.33363,1.3337800000000002,1.332875231426069,1.335139537147862,1.332845231426069,0.0007547685739310051,7.547685739310051,-1.2384836971452975,loss,1,6,2019,Wednesday,London
USDCAD,1,2019-03-22 10:15:00+00:00,2019-03-22 10:30:00+00:00,2019-03-25 14:00:00+00:00,1.33819,1.33834,1.3351758443566313,1.3442183112867376,1.3442183112867376,0.003014155643368804,30.141556433688038,1.9502348193829793,win,1,110,2019,Friday,London
USDCAD,1,2019-03-27 14:30:00+00:00,2019-03-27 14:45:00+00:00,2019-03-27 18:30:00+00:00,1.34255,1.34271,1.3400623118540287,1.3475253762919424,1.3400323118540287,0.0024876881459711896,24.876881459711896,-1.0763761327189958,loss,1,15,2019,Wednesday,NY
USDCAD,1,2019-04-16 07:15:00+00:00,2019-04-16 07:30:00+00:00,2019-04-16 12:15:00+00:00,1.33955,1.3396800000000002,1.337512585236816,1.3436248295263682,1.337482585236816,0.0020374147631841335,20.374147631841335,-1.078530892624956,loss,2,19,2019,Tuesday,London
USDCAD,1,2019-04-23 08:30:00+00:00,2019-04-23 08:45:00+00:00,2019-04-23 13:15:00+00:00,1.33703,1.33718,1.3358691616552505,1.3393516766894988,1.3393516766894988,0.0011608383447494252,11.608383447494251,1.870783041688353,win,1,18,2019,Tuesday,London
USDCAD,1,2019-04-24 07:45:00+00:00,2019-04-24 08:00:00+00:00,2019-04-24 13:00:00+00:00,1.34577,1.3459,1.3441327691136031,1.3490444617727937,1.3441027691136032,0.0016372308863968404,16.372308863968403,-1.0977259843614486,loss,1,20,2019,Wednesday,London
USDCAD,1,2019-05-02 09:00:00+00:00,2019-05-02 09:15:00+00:00,2019-05-02 16:15:00+00:00,1.34451,1.3446500000000001,1.3429817212976591,1.3475665574046822,1.3475665574046822,0.0015282787023410374,15.282787023410373,1.9083936720537207,win,2,28,2019,Thursday,London
USDCAD,1,2019-05-06 09:45:00+00:00,2019-05-06 10:00:00+00:00,2019-05-06 12:15:00+00:00,1.34779,1.3479400000000001,1.34680987488317,1.3497502502336602,1.34677987488317,0.0009801251168300852,9.801251168300851,-1.1836500227462052,loss,2,9,2019,Monday,London
USDCAD,1,2019-05-28 14:45:00+00:00,2019-05-28 15:00:00+00:00,2019-05-28 20:00:00+00:00,1.3469,1.3470300000000002,1.3457064067573785,1.349287186485243,1.349287186485243,0.0011935932426214832,11.935932426214832,1.8910851742804013,win,2,20,2019,Tuesday,NY
USDCAD,-1,2019-06-10 10:30:00+00:00,2019-06-10 10:45:00+00:00,2019-06-10 11:45:00+00:00,1.32697,1.32683,1.3278810896980406,1.325147820603919,1.3279110896980406,0.0009110896980405745,9.110896980405744,-1.1865897511141819,loss,2,4,2019,Monday,London
USDCAD,-1,2019-06-13 10:15:00+00:00,2019-06-13 10:30:00+00:00,2019-06-13 14:00:00+00:00,1.33163,1.33148,1.332460251344581,1.3299694973108382,1.3324902513445809,0.00083025134458087,8.3025134458087,-1.2168018169135029,loss,1,14,2019,Thursday,London
USDCAD,-1,2019-06-27 15:30:00+00:00,2019-06-27 15:45:00+00:00,2019-06-28 15:45:00+00:00,1.31098,1.31083,1.3133021588234413,1.3063356823531174,1.3063356823531174,0.0023221588234413233,23.221588234413232,1.9354049350604792,win,1,96,2019,Thursday,NY
USDCAD,-1,2019-07-11 09:30:00+00:00,2019-07-11 09:45:00+00:00,2019-07-11 12:45:00+00:00,1.3047,1.3045499999999999,1.306071349386501,1.3019573012269978,1.306101349386501,0.0013713493865010844,13.713493865010843,-1.1312575786826427,loss,2,12,2019,Thursday,London
USDCAD,1,2019-08-07 07:30:00+00:00,2019-08-07 07:45:00+00:00,2019-08-07 09:00:00+00:00,1.32972,1.32987,1.3288010568279023,1.3315578863441955,1.3287710568279023,0.000918943172097687,9.18943172097687,-1.1958771831224595,loss,2,5,2019,Wednesday,London
USDCAD,1,2019-08-13 10:00:00+00:00,2019-08-13 10:15:00+00:00,2019-08-13 14:45:00+00:00,1.32608,1.32623,1.3243557146707357,1.3295285706585285,1.3243257146707357,0.0017242853292643145,17.242853292643144,-1.1043910755053679,loss,2,18,2019,Tuesday,London
USDCAD,1,2019-08-23 08:30:00+00:00,2019-08-23 08:45:00+00:00,2019-08-23 13:00:00+00:00,1.33197,1.3321200000000002,1.330898600842768,1.3341127983144643,1.330868600842768,0.0010713991572321281,10.71399157232128,-1.1680046122727559,loss,3,17,2019,Friday,London
USDCAD,1,2019-08-28 07:15:00+00:00,2019-08-28 07:30:00+00:00,2019-08-28 15:30:00+00:00,1.33085,1.3310000000000002,1.3294447247663261,1.3336605504673482,1.3294147247663262,0.0014052752336740238,14.052752336740237,-1.1280887869413287,loss,2,32,2019,Wednesday,London
USDCAD,1,2019-09-25 15:00:00+00:00,2019-09-25 15:15:00+00:00,2019-09-25 18:45:00+00:00,1.32772,1.3278800000000002,1.3262220710935992,1.3307158578128016,1.3261920710935993,0.0014979289064008224,14.979289064008222,-1.126841800827923,loss,1,14,2019,Wednesday,NY
USDCAD,1,2019-10-02 13:45:00+00:00,2019-10-02 14:00:00+00:00,2019-10-02 14:30:00+00:00,1.32456,1.32471,1.3237461748188961,1.3261876503622076,1.3261876503622076,0.0008138251811038191,8.138251811038192,1.8156852313213092,win,1,2,2019,Wednesday,NY
USDCAD,-1,2019-10-21 14:45:00+00:00,2019-10-21 15:00:00+00:00,2019-10-21 17:15:00+00:00,1.31073,1.31057,1.31173167806337,1.3087266438732597,1.3087266438732597,0.0010016780633701266,10.016780633701266,1.8402680403506315,win,3,9,2019,Monday,NY
USDCAD,-1,2019-10-30 08:45:00+00:00,2019-10-30 09:00:00+00:00,2019-10-30 12:00:00+00:00,1.30793,1.30779,1.3091292879668879,1.3055314240662241,1.3091592879668879,0.0011992879668879172,11.992879668879171,-1.1417507760384416,loss,1,12,2019,Wednesday,London
USDCAD,1,2019-11-12 08:00:00+00:00,2019-11-12 08:15:00+00:00,2019-11-12 13:30:00+00:00,1.32441,1.32457,1.3232157323014642,1.326798535397072,1.3231857323014642,0.001194267698535959,11.94267698535959,-1.1590933090066782,loss,1,21,2019,Tuesday,London
USDCAD,1,2019-11-18 15:15:00+00:00,2019-11-18 15:30:00+00:00,2019-11-18 15:45:00+00:00,1.32276,1.32291,1.3215900900918665,1.3250998198162667,1.3215600900918665,0.0011699099081334137,11.699099081334136,-1.153858001157821,loss,2,1,2019,Monday,NY
USDCAD,-1,2019-12-13 09:30:00+00:00,2019-12-13 09:45:00+00:00,2019-12-13 13:00:00+00:00,1.31623,1.3160699999999999,1.3170732725606609,1.3145434548786783,1.3171032725606608,0.00084327256066091,8.4327256066091,-1.2253126792731999,loss,2,13,2019,Friday,London
USDCAD,-1,2019-12-27 08:00:00+00:00,2019-12-27 08:15:00+00:00,2019-12-27 12:45:00+00:00,1.31022,1.31006,1.3111426893771692,1.3083746212456613,1.3083746212456613,0.000922689377169279,9.226893771692788,1.8265938635917707,win,3,18,2019,Friday,London
USDCAD,1,2020-01-27 15:00:00+00:00,2020-01-27 15:15:00+00:00,2020-01-27 16:45:00+00:00,1.31907,1.31922,1.3175770374681635,1.322055925063673,1.3175470374681635,0.001492962531836543,14.929625318365428,-1.120565651288387,loss,2,6,2020,Monday,NY
USDCAD,1,2020-02-25 10:15:00+00:00,2020-02-25 10:30:00+00:00,2020-02-25 14:15:00+00:00,1.3303,1.3304500000000001,1.3277528372779277,1.3353943254441447,1.3277228372779277,0.0025471627220723047,25.471627220723047,-1.0706668633457619,loss,2,15,2020,Tuesday,London
USDCAD,1,2020-03-10 08:30:00+00:00,2020-03-10 08:45:00+00:00,2020-03-10 14:30:00+00:00,1.36593,1.36606,1.362382069159608,1.3730258616807844,1.3730258616807844,0.0035479308403921495,35.47930840392149,1.9633589250049928,win,1,23,2020,Tuesday,London
USDCAD,1,2020-04-21 07:30:00+00:00,2020-04-21 07:45:00+00:00,2020-04-21 08:45:00+00:00,1.41626,1.4164,1.4140372039979463,1.4207055920041076,1.4207055920041076,0.002222796002053774,22.227960020537736,1.9370162624592286,win,2,4,2020,Tuesday,London
USDCAD,1,2020-05-01 14:45:00+00:00,2020-05-01 15:00:00+00:00,2020-05-01 15:15:00+00:00,1.40332,1.40345,1.400697495355282,1.408565009289436,1.408565009289436,0.002622504644717989,26.22504644717989,1.950429067776126,win,1,1,2020,Friday,NY
USDCAD,1,2020-05-04 08:00:00+00:00,2020-05-04 08:15:00+00:00,2020-05-04 08:45:00+00:00,1.41289,1.41304,1.4111926691537846,1.4162846616924307,1.4111626691537846,0.0016973308462153325,16.973308462153323,-1.106048859243599,loss,3,2,2020,Monday,London
USDCAD,-1,2020-05-27 07:45:00+00:00,2020-05-27 08:00:00+00:00,2020-05-27 09:30:00+00:00,1.37838,1.37825,1.3796706059704282,1.3757987880591436,1.3757987880591436,0.0012906059704282248,12.906059704282248,1.8992721225697462,win,2,6,2020,Wednesday,London
USDCAD,-1,2020-05-27 10:15:00+00:00,2020-05-27 10:30:00+00:00,2020-05-27 14:45:00+00:00,1.37528,1.37517,1.3791706869419558,1.3674986261160884,1.3792006869419557,0.0038906869419557738,38.90686941955774,-1.0359833628581774,loss,2,17,2020,Wednesday,London
USDCAD,-1,2020-06-02 09:00:00+00:00,2020-06-02 09:15:00+00:00,2020-06-03 02:00:00+00:00,1.35305,1.3529,1.3555947034639513,1.3479605930720975,1.3479605930720975,0.002544703463951289,25.44703463951289,1.941054035519269,win,1,67,2020,Tuesday,London
USDCAD,-1,2020-06-05 08:00:00+00:00,2020-06-05 08:15:00+00:00,2020-06-05 11:00:00+00:00,1.34767,1.34753,1.3496068568766073,1.3437962862467852,1.3496368568766073,0.0019368568766073703,19.3685687660737,-1.0877710697435696,loss,2,11,2020,Friday,London
USDCAD,-1,2020-06-08 14:30:00+00:00,2020-06-08 14:45:00+00:00,2020-06-09 07:45:00+00:00,1.33788,1.3377,1.3419574542318342,1.3297250915363314,1.3419874542318342,0.004077454231834307,40.77454231834307,-1.051502724018442,loss,1,68,2020,Monday,NY
USDCAD,-1,2020-07-09 07:45:00+00:00,2020-07-09 08:00:00+00:00,2020-07-09 08:30:00+00:00,1.35017,1.3500299999999998,1.3513800487926684,1.3477499024146637,1.3514100487926684,0.0012100487926681785,12.100487926681785,-1.1404902025690036,loss,1,2,2020,Thursday,London
USDCAD,-1,2020-07-09 10:30:00+00:00,2020-07-09 10:45:00+00:00,2020-07-09 14:30:00+00:00,1.34978,1.3496199999999998,1.3516651199674867,1.3460097600650267,1.3516951199674867,0.001885119967486662,18.851199674866617,-1.100789341409151,loss,3,15,2020,Thursday,London
USDCAD,-1,2020-07-13 09:45:00+00:00,2020-07-13 10:00:00+00:00,2020-07-13 11:30:00+00:00,1.35669,1.35652,1.357843650990826,1.3543826980183475,1.357873650990826,0.0011536509908261533,11.536509908261532,-1.173362656115516,loss,1,6,2020,Monday,London
USDCAD,-1,2020-07-13 15:15:00+00:00,2020-07-13 15:30:00+00:00,2020-07-13 16:45:00+00:00,1.354,1.3538299999999999,1.356832445578934,1.3483351088421325,1.356862445578934,0.0028324455789338113,28.324455789338113,-1.0706103592908536,loss,1,5,2020,Monday,NY
USDCAD,-1,2020-08-05 09:30:00+00:00,2020-08-05 09:45:00+00:00,2020-08-05 12:45:00+00:00,1.32812,1.3279599999999998,1.3301441470745947,1.3240717058508102,1.3240717058508102,0.002024147074594861,20.24147074594861,1.9209543604769022,win,3,12,2020,Wednesday,London
USDCAD,-1,2020-08-05 14:45:00+00:00,2020-08-05 15:00:00+00:00,2020-08-05 17:15:00+00:00,1.32457,1.32443,1.3264436666961106,1.320822666607779,1.3264736666961106,0.0018736666961105008,18.73666696110501,-1.090731185195828,loss,2,9,2020,Wednesday,NY
USDCAD,-1,2020-08-13 14:30:00+00:00,2020-08-13 14:45:00+00:00,2020-08-13 19:15:00+00:00,1.32077,1.32059,1.3232931667014713,1.315723666597057,1.3233231667014713,0.0025231667014714186,25.231667014714183,-1.0832287457969016,loss,1,18,2020,Thursday,NY
USDCAD,-1,2020-08-17 13:45:00+00:00,2020-08-17 14:00:00+00:00,2020-08-17 15:30:00+00:00,1.32272,1.3225699999999998,1.3240769767746625,1.3200060464506747,1.3200060464506747,0.0013569767746626426,13.569767746626425,1.8894601567241798,win,2,6,2020,Monday,NY
USDCAD,-1,2020-08-18 14:30:00+00:00,2020-08-18 14:45:00+00:00,2020-08-18 15:00:00+00:00,1.31596,1.3157999999999999,1.3172968922546078,1.3132862154907845,1.3173268922546078,0.0013368922546077287,13.368922546077286,-1.1421206528389332,loss,3,1,2020,Tuesday,NY
USDCAD,-1,2020-09-01 08:45:00+00:00,2020-09-01 09:00:00+00:00,2020-09-01 13:00:00+00:00,1.29958,1.29944,1.3015881694258726,1.2955636611482546,1.3016181694258726,0.002008169425872634,20.081694258726337,-1.084654211845782,loss,2,16,2020,Tuesday,London
USDCAD,-1,2020-09-18 07:45:00+00:00,2020-09-18 08:00:00+00:00,2020-09-18 08:45:00+00:00,1.31506,1.3149099999999998,1.316350700904476,1.312478598191048,1.316380700904476,0.0012907009044759684,12.907009044759683,-1.1394591104537959,loss,1,3,2020,Friday,London
USDCAD,1,2020-09-23 14:45:00+00:00,2020-09-23 15:00:00+00:00,2020-09-30 16:15:00+00:00,1.33537,1.3355100000000002,1.3320104639778565,1.3420890720442868,1.3319804639778565,0.0033595360221434405,33.595360221434404,-1.0506022256882284,loss,2,485,2020,Wednesday,NY
USDCAD,-1,2020-10-19 14:30:00+00:00,2020-10-19 14:45:00+00:00,2020-10-19 19:45:00+00:00,1.31555,1.3153899999999998,1.3180027698409766,1.3106444603180467,1.3180327698409766,0.0024527698409766664,24.527698409766664,-1.0774634443174884,loss,1,20,2020,Monday,NY
USDCAD,-1,2020-10-21 08:45:00+00:00,2020-10-21 09:00:00+00:00,2020-10-21 09:15:00+00:00,1.30958,1.3094299999999999,1.3110097742699585,1.3067204514600832,1.3110397742699584,0.0014297742699584022,14.29774269958402,-1.1258939986417567,loss,2,1,2020,Wednesday,London
USDCAD,-1,2020-10-27 14:45:00+00:00,2020-10-27 15:00:00+00:00,2020-10-27 20:45:00+00:00,1.31684,1.31667,1.3185387744479105,1.313442451104179,1.3185687744479104,0.0016987744479105122,16.98774447910512,-1.1177319333039828,loss,1,23,2020,Tuesday,NY
USDCAD,-1,2020-11-16 15:00:00+00:00,2020-11-16 15:15:00+00:00,2020-11-16 19:45:00+00:00,1.3082,1.30805,1.309857807997786,1.3048843840044282,1.309887807997786,0.0016578079977859228,16.578079977859225,-1.1085771091951395,loss,2,18,2020,Monday,NY
USDCAD,-1,2020-12-02 07:15:00+00:00,2020-12-02 07:30:00+00:00,2020-12-02 11:15:00+00:00,1.29272,1.2925799999999998,1.294921109123953,1.2883177817520945,1.294951109123953,0.0022011091239528126,22.011091239528124,-1.077233790069892,loss,1,15,2020,Wednesday,London
USDCAD,-1,2020-12-03 14:45:00+00:00,2020-12-03 15:00:00+00:00,2020-12-04 13:30:00+00:00,1.28984,1.2896999999999998,1.2925767996532451,1.28436640069351,1.28436640069351,0.0027367996532450672,27.36799653245067,1.9488453603703384,win,1,90,2020,Thursday,NY
USDCAD,-1,2020-12-29 13:45:00+00:00,2020-12-29 14:00:00+00:00,2020-12-29 23:45:00+00:00,1.27985,1.27968,1.2821938583549346,1.2751622832901306,1.2822238583549346,0.002343858354934657,23.43858354934657,-1.0853293884329311,loss,1,39,2020,Tuesday,NY
USDCAD,-1,2021-01-04 07:30:00+00:00,2021-01-04 07:45:00+00:00,2021-01-04 14:30:00+00:00,1.269,1.26887,1.2714715833739407,1.2640568332521185,1.2715015833739407,0.0024715833739407302,24.7158337394073,-1.0647358295443312,loss,2,27,2021,Monday,London
USDCAD,-1,2021-01-06 09:00:00+00:00,2021-01-06 09:15:00+00:00,2021-01-06 10:45:00+00:00,1.26621,1.26605,1.2676686416552436,1.2632927166895127,1.2632927166895127,0.0014586416552436394,14.586416552436393,1.8903089052579107,win,1,6,2021,Wednesday,London
USDCAD,-1,2021-01-21 09:45:00+00:00,2021-01-21 10:00:00+00:00,2021-01-21 16:30:00+00:00,1.2616,1.2614699999999999,1.2636107006889503,1.2575785986220995,1.2636407006889503,0.0020107006889502734,20.10700688950273,-1.0795742503493546,loss,2,26,2021,Thursday,London
USDCAD,-1,2021-02-10 15:00:00+00:00,2021-02-10 15:15:00+00:00,2021-02-10 15:30:00+00:00,1.26739,1.2672299999999999,1.2703179235112019,1.2615341529775963,1.2703479235112018,0.0029279235112018606,29.279235112018604,-1.064892405581367,loss,0,1,2021,Wednesday,NY
USDCAD,-1,2021-02-15 08:00:00+00:00,2021-02-15 08:15:00+00:00,2021-02-16 00:15:00+00:00,1.26635,1.2662099999999998,1.2680395164427227,1.2629709671145548,1.2629709671145548,0.001689516442722627,16.89516442722627,1.9171360535712687,win,1,64,2021,Monday,London
USDCAD,-1,2021-02-19 14:45:00+00:00,2021-02-19 15:00:00+00:00,2021-02-22 07:15:00+00:00,1.26115,1.26098,1.2632847463410461,1.2568805073179077,1.2633147463410461,0.0021347463410461873,21.34746341046187,-1.0936879460357487,loss,1,65,2021,Friday,NY
USDCAD,-1,2021-03-12 14:30:00+00:00,2021-03-12 14:45:00+00:00,2021-03-15 08:45:00+00:00,1.25219,1.2520399999999998,1.255776843110353,1.2450163137792936,1.2450163137792936,0.003586843110353217,35.86843110353217,1.958180495944412,win,2,76,2021,Friday,NY
USDCAD,-1,2021-04-20 08:00:00+00:00,2021-04-20 08:15:00+00:00,2021-04-20 10:15:00+00:00,1.24858,1.24843,1.2500566644771016,1.2456266710457966,1.2500866644771016,0.0014766644771016628,14.766644771016628,-1.1218963432731177,loss,1,8,2021,Tuesday,London
USDCAD,-1,2021-04-23 08:15:00+00:00,2021-04-23 08:30:00+00:00,2021-04-23 10:00:00+00:00,1.24739,1.2472699999999999,1.2488887855220032,1.2443924289559938,1.2489187855220032,0.0014987855220031394,14.987855220031394,-1.1000810308066626,loss,1,6,2021,Friday,London
USDCAD,-1,2021-04-26 10:15:00+00:00,2021-04-26 10:30:00+00:00,2021-04-26 15:00:00+00:00,1.24552,1.24538,1.2473458298030293,1.2418683403939412,1.2418683403939412,0.001825829803029317,18.25829803029317,1.9233225354479098,win,3,18,2021,Monday,London
USDCAD,-1,2021-04-29 08:00:00+00:00,2021-04-29 08:15:00+00:00,2021-04-29 10:45:00+00:00,1.22984,1.22972,1.2312761696540024,1.2269676606919953,1.2313061696540024,0.0014361696540024444,14.361696540024443,-1.1044444850801658,loss,2,10,2021,Thursday,London
USDCAD,-1,2021-05-05 14:30:00+00:00,2021-05-05 14:45:00+00:00,2021-05-05 20:00:00+00:00,1.22724,1.22711,1.2283050988219586,1.2251098023560831,1.2283350988219586,0.0010650988219584384,10.650988219584383,-1.150220802710129,loss,3,21,2021,Wednesday,NY
USDCAD,-1,2021-05-10 09:15:00+00:00,2021-05-10 09:30:00+00:00,2021-05-10 10:30:00+00:00,1.21001,1.20987,1.211756082953594,1.206517834092812,1.211786082953594,0.0017460829535940717,17.460829535940714,-1.097360780969787,loss,2,4,2021,Monday,London
USDCAD,-1,2021-05-10 13:45:00+00:00,2021-05-10 14:00:00+00:00,2021-05-10 14:45:00+00:00,1.21006,1.2099199999999999,1.2121596361719547,1.2058607276560902,1.2121896361719546,0.002099636171954847,20.996361719548467,-1.0809664085000135,loss,1,3,2021,Monday,NY
USDCAD,-1,2021-05-18 09:15:00+00:00,2021-05-18 09:30:00+00:00,2021-05-18 14:45:00+00:00,1.20208,1.2019499999999999,1.2047131602525756,1.1968136794948492,1.2047431602525756,0.0026331602525754305,26.331602525754302,-1.060763487464835,loss,2,21,2021,Tuesday,London
USDCAD,1,2021-06-21 08:00:00+00:00,2021-06-21 08:15:00+00:00,2021-06-21 10:00:00+00:00,1.24773,1.24788,1.244865542392043,1.2534589152159141,1.244835542392043,0.002864457607957095,28.64457607957095,-1.062839121619401,loss,2,7,2021,Monday,London
USDCAD,1,2021-06-29 15:00:00+00:00,2021-06-29 15:15:00+00:00,2021-06-30 15:30:00+00:00,1.23871,1.2388400000000002,1.236351788808453,1.2434264223830942,1.236321788808453,0.002358211191547108,23.582111915471078,-1.0678480369245824,loss,2,97,2021,Tuesday,NY
USDCAD,1,2021-07-13 10:00:00+00:00,2021-07-13 10:15:00+00:00,2021-07-13 13:30:00+00:00,1.24729,1.24743,1.2451879140653244,1.2514941718693515,1.2514941718693515,0.002102085934675743,21.02085934675743,1.9333994877704195,win,2,13,2021,Tuesday,London
USDCAD,1,2021-08-16 10:15:00+00:00,2021-08-16 10:30:00+00:00,2021-08-16 14:45:00+00:00,1.25456,1.25471,1.253274481765358,1.2571310364692838,1.2571310364692838,0.001285518234641913,12.855182346419129,1.8833155408007203,win,2,17,2021,Monday,London
USDCAD,1,2021-08-17 07:15:00+00:00,2021-08-17 07:30:00+00:00,2021-08-17 17:45:00+00:00,1.26009,1.2602200000000001,1.2583535078914427,1.2635629842171145,1.2635629842171145,0.001736492108557255,17.36492108557255,1.925136429149633,win,1,41,2021,Tuesday,London
USDCAD,1,2021-09-07 15:00:00+00:00,2021-09-07 15:15:00+00:00,2021-09-08 07:15:00+00:00,1.26058,1.2607300000000001,1.2579712428553074,1.2657975142893854,1.2657975142893854,0.002608757144692615,26.087571446926148,1.9425013553656523,win,2,64,2021,Tuesday,NY
USDCAD,1,2021-09-08 14:30:00+00:00,2021-09-08 14:45:00+00:00,2021-09-08 15:00:00+00:00,1.26778,1.2679500000000001,1.2657835590673114,1.2717728818653766,1.2657535590673115,0.00199644093268839,19.9644093268839,-1.1001782706042607,loss,1,1,2021,Wednesday,NY
USDCAD,1,2021-09-09 07:45:00+00:00,2021-09-09 08:00:00+00:00,2021-09-09 09:00:00+00:00,1.27157,1.27174,1.270042472558065,1.2746250548838705,1.270012472558065,0.001527527441935174,15.27527441935174,-1.1309305446889406,loss,1,4,2021,Thursday,London
USDCAD,1,2021-09-20 10:15:00+00:00,2021-09-20 10:30:00+00:00,2021-09-21 02:45:00+00:00,1.28256,1.28269,1.2788762495044936,1.2899275009910123,1.2788462495044937,0.0036837504955061825,36.837504955061824,-1.0434339948363631,loss,2,65,2021,Monday,London
USDCAD,-1,2021-10-11 07:45:00+00:00,2021-10-11 08:00:00+00:00,2021-10-11 13:00:00+00:00,1.24528,1.2451299999999998,1.2467774784680379,1.2422850430639243,1.2468074784680379,0.0014974784680378433,14.974784680378432,-1.1202020622279927,loss,2,20,2021,Monday,London
USDCAD,-1,2021-10-12 09:15:00+00:00,2021-10-12 09:30:00+00:00,2021-10-14 06:30:00+00:00,1.24674,1.2466,1.2490367395793311,1.2421465208413378,1.2421465208413378,0.002296739579331091,22.967395793310907,1.9390440251650847,win,1,180,2021,Tuesday,London
USDCAD,-1,2021-10-14 15:45:00+00:00,2021-10-14 16:00:00+00:00,2021-10-15 17:15:00+00:00,1.23616,1.236,1.2391805848825925,1.2301188302348147,1.2392105848825925,0.0030205848825926355,30.205848825926353,-1.0629017251244397,loss,2,101,2021,Thursday,NY
USDCAD,-1,2021-10-26 13:45:00+00:00,2021-10-26 14:00:00+00:00,2021-10-26 14:30:00+00:00,1.23516,1.2349999999999999,1.236780900499097,1.231918199001806,1.236810900499097,0.001620900499097023,16.20900499097023,-1.1172187929524233,loss,1,2,2021,Tuesday,NY
USDCAD,1,2021-11-16 08:30:00+00:00,2021-11-16 08:45:00+00:00,2021-11-16 12:30:00+00:00,1.25231,1.25248,1.251284668715934,1.254360662568132,1.254360662568132,0.0010253312840660454,10.253312840660454,1.834199928704095,win,0,15,2021,Tuesday,London
USDCAD,1,2021-11-18 14:30:00+00:00,2021-11-18 14:45:00+00:00,2021-11-19 05:30:00+00:00,1.2629,1.26305,1.2593848379700239,1.2699303240599518,1.259354837970024,0.0035151620299759367,35.151620299759365,-1.0512067433777448,loss,2,59,2021,Thursday,NY
USDCAD,1,2021-12-14 15:30:00+00:00,2021-12-14 15:45:00+00:00,2021-12-15 14:45:00+00:00,1.28436,1.2844900000000001,1.2813257658556738,1.290428468288652,1.290428468288652,0.003034234144326022,30.342341443260217,1.9571555806781467,win,2,92,2021,Tuesday,NY
USDCAD,1,2021-12-20 09:00:00+00:00,2021-12-20 09:15:00+00:00,2021-12-22 00:45:00+00:00,1.29342,1.29356,1.2909323518259859,1.2983952963480283,1.290902351825986,0.0024876481740141116,24.876481740141113,-1.0683376378443912,loss,1,158,2021,Monday,London
USDCAD,-1,2022-01-10 08:45:00+00:00,2022-01-10 09:00:00+00:00,2022-01-10 12:30:00+00:00,1.26312,1.2629599999999999,1.2653000137152284,1.2587599725695433,1.2653300137152284,0.0021800137152283797,21.800137152283796,-1.0871554149741702,loss,3,14,2022,Monday,London
USDCAD,-1,2022-01-13 09:45:00+00:00,2022-01-13 10:00:00+00:00,2022-01-13 14:30:00+00:00,1.24817,1.24802,1.249615795202085,1.2452784095958302,1.2452784095958302,0.0014457952020849201,14.4579520208492,1.896250866108925,win,1,18,2022,Thursday,London
USDCAD,-1,2022-01-26 14:45:00+00:00,2022-01-26 15:00:00+00:00,2022-01-26 15:00:00+00:00,1.25708,1.25694,1.2591536762123436,1.2529326475753126,1.2591836762123436,0.0020736762123436886,20.736762123436886,-1.0819800116276814,loss,1,0,2022,Wednesday,NY
USDCAD,1,2022-03-08 07:45:00+00:00,2022-03-08 08:00:00+00:00,2022-03-08 08:00:00+00:00,1.28334,1.28347,1.2807323694762076,1.2885552610475843,1.2807023694762076,0.0026076305237922462,26.076305237922462,-1.061358385914099,loss,2,0,2022,Tuesday,London
USDCAD,-1,2022-04-19 09:00:00+00:00,2022-04-19 09:15:00+00:00,2022-04-19 09:45:00+00:00,1.25714,1.2569599999999999,1.2586450961941438,1.2541298076117124,1.2586750961941437,0.0015050961941437569,15.050961941437569,-1.1395259657271315,loss,1,2,2022,Tuesday,London
USDCAD,-1,2022-04-21 07:30:00+00:00,2022-04-21 07:45:00+00:00,2022-04-21 12:00:00+00:00,1.24736,1.2472699999999999,1.2492600625313275,1.243559874937345,1.2492900625313275,0.0019000625313274147,19.000625313274146,-1.0631558162016561,loss,2,17,2022,Thursday,London
USDCAD,1,2022-04-25 15:45:00+00:00,2022-04-25 16:00:00+00:00,2022-04-25 19:15:00+00:00,1.27713,1.27729,1.274863523369641,1.281662953260718,1.274833523369641,0.0022664766303589503,22.664766303589502,-1.083830557727803,loss,2,13,2022,Monday,NY
USDCAD,1,2022-05-02 08:45:00+00:00,2022-05-02 09:00:00+00:00,2022-05-03 01:30:00+00:00,1.28748,1.2876100000000001,1.2848784091026733,1.2926831817946534,1.2848484091026733,0.0026015908973266886,26.015908973266885,-1.0615008301899358,loss,0,66,2022,Monday,London
USDCAD,1,2022-05-06 07:15:00+00:00,2022-05-06 07:30:00+00:00,2022-05-06 09:30:00+00:00,1.28519,1.28536,1.2826400809217016,1.290289838156597,1.2826100809217016,0.0025499190782985333,25.499190782985334,-1.0784338615692022,loss,2,8,2022,Friday,London
USDCAD,1,2022-05-09 09:30:00+00:00,2022-05-09 09:45:00+00:00,2022-05-09 10:00:00+00:00,1.29396,1.2941200000000002,1.2924011401431126,1.297077719713775,1.2923711401431126,0.0015588598568874804,15.588598568874803,-1.1218839520182644,loss,3,1,2022,Monday,London
USDCAD,1,2022-05-12 09:45:00+00:00,2022-05-12 10:00:00+00:00,2022-05-12 13:30:00+00:00,1.30267,1.30282,1.300493028115046,1.307023943769908,1.300463028115046,0.002176971884954002,21.76971884954002,-1.0826836585461446,loss,2,14,2022,Thursday,London
USDCAD,-1,2022-06-03 08:30:00+00:00,2022-06-03 08:45:00+00:00,2022-06-03 11:30:00+00:00,1.25654,1.25637,1.2574971537306818,1.254625692538636,1.2575271537306818,0.000957153730681945,9.57153730681945,-1.2089528500895832,loss,2,11,2022,Friday,London
USDCAD,-1,2022-06-06 08:45:00+00:00,2022-06-06 09:00:00+00:00,2022-06-07 01:00:00+00:00,1.2564,1.25627,1.2586257970522494,1.251948405895501,1.2586557970522494,0.002225797052249506,22.25797052249506,-1.0718843615316067,loss,2,64,2022,Monday,London
USDCAD,-1,2022-06-08 08:30:00+00:00,2022-06-08 08:45:00+00:00,2022-06-08 09:15:00+00:00,1.25319,1.25308,1.2550001013777645,1.2495697972444713,1.2550301013777645,0.001810101377764392,18.101013777643917,-1.0773437342901988,loss,1,2,2022,Wednesday,London
USDCAD,1,2022-07-01 10:15:00+00:00,2022-07-01 10:30:00+00:00,2022-07-01 13:15:00+00:00,1.29198,1.2921500000000001,1.2905007034274592,1.2949385931450812,1.2949385931450812,0.0014792965725406717,14.792965725406717,1.8850805151881704,win,3,11,2022,Friday,London
USDCAD,1,2022-07-12 08:30:00+00:00,2022-07-12 08:45:00+00:00,2022-07-12 11:00:00+00:00,1.30414,1.3042500000000001,1.3017648519767686,1.3088902960464628,1.3017348519767686,0.0023751480232313935,23.751480232313934,-1.0589436947216584,loss,1,9,2022,Tuesday,London
USDCAD,1,2022-07-15 07:30:00+00:00,2022-07-15 07:45:00+00:00,2022-07-15 10:00:00+00:00,1.31266,1.3128000000000002,1.3102923711617687,1.3173952576764625,1.3102623711617687,0.00236762883823129,23.6762883823129,-1.0718017947978724,loss,1,9,2022,Friday,London
USDCAD,-1,2022-07-28 08:45:00+00:00,2022-07-28 09:00:00+00:00,2022-07-28 12:00:00+00:00,1.28047,1.2803099999999998,1.2827137688410386,1.275982462317923,1.2827437688410386,0.0022437688410384985,22.437688410384986,-1.084678954678907,loss,2,12,2022,Thursday,London
USDCAD,-1,2022-08-11 07:45:00+00:00,2022-08-11 08:00:00+00:00,2022-08-12 14:30:00+00:00,1.27646,1.27632,1.2791737786148698,1.2710324427702604,1.2792037786148698,0.002713778614869788,27.137786148697877,-1.0626432823475727,loss,0,122,2022,Thursday,London
USDCAD,1,2022-08-19 09:00:00+00:00,2022-08-19 09:15:00+00:00,2022-08-22 09:00:00+00:00,1.29746,1.2976100000000002,1.295577432222874,1.3012251355542523,1.3012251355542523,0.0018825677771260971,18.82567777126097,1.9203215938238405,win,1,95,2022,Friday,London
USDCAD,1,2022-08-29 09:00:00+00:00,2022-08-29 09:15:00+00:00,2022-08-29 11:30:00+00:00,1.30728,1.30743,1.3057744605777246,1.3102910788445508,1.3057444605777246,0.0015055394222753303,15.055394222753304,-1.1195584767405726,loss,1,9,2022,Monday,London
USDCAD,1,2022-09-01 08:30:00+00:00,2022-09-01 08:45:00+00:00,2022-09-01 12:45:00+00:00,1.31687,1.31702,1.3151220330096642,1.3203659339806713,1.3150920330096643,0.0017479669903356504,17.479669903356502,-1.102976773014233,loss,3,16,2022,Thursday,London
USDCAD,1,2022-09-07 08:15:00+00:00,2022-09-07 08:30:00+00:00,2022-09-07 08:45:00+00:00,1.31983,1.31996,1.317202707807698,1.3250845843846042,1.317172707807698,0.002627292192302031,26.27292192302031,-1.060899202787103,loss,2,1,2022,Wednesday,London
USDCAD,1,2022-09-07 15:00:00+00:00,2022-09-07 15:15:00+00:00,2022-09-07 15:30:00+00:00,1.31967,1.3198,1.3161847102377044,1.3266405795245908,1.3161547102377045,0.003485289762295436,34.85289762295436,-1.0459072303631933,loss,1,1,2022,Wednesday,NY
USDCAD,1,2022-09-14 08:15:00+00:00,2022-09-14 08:30:00+00:00,2022-09-14 09:15:00+00:00,1.31906,1.3192300000000001,1.3155468606269025,1.3260862787461947,1.3155168606269025,0.0035131393730973995,35.131393730974,-1.0569291390861766,loss,1,3,2022,Wednesday,London
USDCAD,1,2022-09-15 15:15:00+00:00,2022-09-15 15:30:00+00:00,2022-09-16 00:00:00+00:00,1.31902,1.3191700000000002,1.3159793173748295,1.3251013652503412,1.3251013652503412,0.003040682625170552,30.406826251705517,1.9506689719083397,win,1,34,2022,Thursday,NY
USDCAD,1,2022-09-21 09:45:00+00:00,2022-09-21 10:00:00+00:00,2022-09-21 19:00:00+00:00,1.33855,1.3387,1.3358015741091689,1.344046851781662,1.344046851781662,0.0027484258908310583,27.484258908310583,1.9454233055726247,win,2,36,2022,Wednesday,London
USDCAD,1,2022-09-22 07:15:00+00:00,2022-09-22 07:30:00+00:00,2022-09-22 08:45:00+00:00,1.3526,1.35273,1.3490055085543347,1.3597889828913308,1.3489755085543347,0.003594491445665377,35.94491445665377,-1.0445125555084787,loss,2,5,2022,Thursday,London
USDCAD,1,2022-09-26 07:30:00+00:00,2022-09-26 07:45:00+00:00,2022-09-26 08:00:00+00:00,1.3634,1.36355,1.3599706034969103,1.370258793006179,1.3599406034969104,0.0034293965030895127,34.29396503089512,-1.0524873690860754,loss,1,1,2022,Monday,London
USDCAD,1,2022-09-28 09:15:00+00:00,2022-09-28 09:30:00+00:00,2022-09-28 11:00:00+00:00,1.37871,1.37887,1.375595828377226,1.3849383432455484,1.375565828377226,0.003114171622774151,31.141716227741508,-1.0610114094580825,loss,2,6,2022,Wednesday,London
USDCAD,1,2022-10-06 13:45:00+00:00,2022-10-06 14:00:00+00:00,2022-10-06 19:30:00+00:00,1.3673,1.3674600000000001,1.3637275638254704,1.3744448723490592,1.3744448723490592,0.0035724361745295696,35.724361745295695,1.9552126358083588,win,2,22,2022,Thursday,NY
USDCAD,1,2022-10-11 10:30:00+00:00,2022-10-11 10:45:00+00:00,2022-10-11 11:45:00+00:00,1.3843,1.3844500000000002,1.3813927884150907,1.390114423169819,1.3813627884150907,0.0029072115849094284,29.07211584909428,-1.0619149981839426,loss,2,4,2022,Tuesday,London
USDCAD,1,2022-10-31 13:45:00+00:00,2022-10-31 14:00:00+00:00,2022-10-31 14:15:00+00:00,1.36753,1.36769,1.364542592963258,1.3735048140734836,1.364512592963258,0.0029874070367418705,29.874070367418703,-1.063600305436591,loss,2,1,2022,Monday,NY
USDCAD,-1,2022-11-11 07:15:00+00:00,2022-11-11 07:30:00+00:00,2022-11-15 13:30:00+00:00,1.32989,1.3297299999999999,1.3332017856973115,1.323266428605377,1.323266428605377,0.003311785697311496,33.11785697311496,1.9516876952122704,win,1,216,2022,Friday,London
USDCAD,-1,2022-12-01 08:00:00+00:00,2022-12-01 08:15:00+00:00,2022-12-01 12:15:00+00:00,1.34043,1.3402699999999999,1.3436547889516117,1.3339804220967764,1.3436847889516117,0.0032247889516118073,32.24788951611807,-1.0589185843945148,loss,2,16,2022,Thursday,London
USDCAD,1,2022-12-06 14:45:00+00:00,2022-12-06 15:00:00+00:00,2022-12-07 15:00:00+00:00,1.36465,1.3648,1.3604084050517493,1.3731331898965011,1.3603784050517493,0.0042415949482505644,42.415949482505646,-1.0424368668381099,loss,2,96,2022,Tuesday,NY
USDCAD,1,2022-12-09 14:45:00+00:00,2022-12-09 15:00:00+00:00,2022-12-09 16:45:00+00:00,1.365,1.3649600000000002,1.3601342250106612,1.3747315499786774,1.3601042250106612,0.004865774989338761,48.65774989338761,-0.9979448289282401,loss,2,7,2022,Friday,NY
USDCAD,1,2022-12-16 13:45:00+00:00,2022-12-16 14:00:00+00:00,2022-12-19 08:45:00+00:00,1.36746,1.36759,1.3640076956588272,1.3743646086823453,1.3639776956588272,0.0034523043411727465,34.523043411727464,-1.046345856039384,loss,1,75,2022,Friday,NY
USDCAD,-1,2023-01-09 09:15:00+00:00,2023-01-09 09:30:00+00:00,2023-01-10 12:30:00+00:00,1.33859,1.33845,1.3419756763727546,1.3318186472544904,1.3420056763727546,0.003385676372754765,33.85676372754765,-1.0502115327288597,loss,2,108,2023,Monday,London
USDCAD,-1,2023-01-13 07:45:00+00:00,2023-01-13 08:00:00+00:00,2023-01-13 12:30:00+00:00,1.3355,1.33534,1.339635617702581,1.3272287645948377,1.339665617702581,0.004135617702581091,41.35617702581091,-1.0459423509772978,loss,1,18,2023,Friday,London
USDCAD,-1,2023-01-23 07:45:00+00:00,2023-01-23 08:00:00+00:00,2023-01-23 13:45:00+00:00,1.33683,1.3367,1.3384364791234329,1.3336170417531341,1.3384664791234329,0.0016064791234329055,16.064791234329054,-1.0995966879781487,loss,2,23,2023,Monday,London
USDCAD,-1,2023-02-13 08:45:00+00:00,2023-02-13 09:00:00+00:00,2023-02-13 14:30:00+00:00,1.33559,1.33544,1.3371805689673841,1.332408862065232,1.337210568967384,0.001590568967384028,15.90568967384028,-1.1131670513452547,loss,1,22,2023,Monday,London
USDCAD,1,2023-02-21 08:45:00+00:00,2023-02-21 09:00:00+00:00,2023-02-21 09:30:00+00:00,1.34848,1.34863,1.3468286065820076,1.3517827868359844,1.3467986065820077,0.0016513934179921976,16.513934179921975,-1.1089988600166352,loss,2,2,2023,Tuesday,London
USDCAD,1,2023-02-22 07:45:00+00:00,2023-02-22 08:00:00+00:00,2023-02-22 13:00:00+00:00,1.35394,1.3540800000000002,1.3528345697712962,1.3561508604574073,1.3528045697712963,0.0011054302287036872,11.05430228703687,-1.1537862775831442,loss,3,12,2023,Wednesday,London
USDCAD,1,2023-03-10 08:00:00+00:00,2023-03-10 08:15:00+00:00,2023-03-10 11:30:00+00:00,1.38462,1.38477,1.382596177959003,1.388667644081994,1.382566177959003,0.0020238220409970254,20.238220409970253,-1.0889406263760741,loss,3,13,2023,Friday,London
USDCAD,-1,2023-04-03 08:45:00+00:00,2023-04-03 09:00:00+00:00,2023-04-03 22:00:00+00:00,1.34967,1.34953,1.3536797839256964,1.341650432148607,1.341650432148607,0.004009783925696541,40.097839256965415,1.9650854004618776,win,2,28,2023,Monday,London
USDCAD,-1,2023-04-04 07:15:00+00:00,2023-04-04 07:30:00+00:00,2023-04-04 13:45:00+00:00,1.34304,1.34287,1.3442871243253736,1.340545751349253,1.3443171243253735,0.0012471243253735235,12.471243253735235,-1.1603689351020419,loss,3,21,2023,Tuesday,London
USDCAD,-1,2023-04-14 10:15:00+00:00,2023-04-14 10:30:00+00:00,2023-04-14 13:30:00+00:00,1.33181,1.33168,1.3334538469327786,1.3285223061344424,1.3334838469327785,0.0016438469327787447,16.438469327787445,-1.0973326632847544,loss,2,8,2023,Friday,London
USDCAD,1,2023-05-03 10:30:00+00:00,2023-05-03 10:45:00+00:00,2023-05-03 17:15:00+00:00,1.36249,1.36263,1.3601769520952647,1.3671160958094704,1.3601469520952647,0.0023130479047352354,23.130479047352352,-1.0734960999519492,loss,1,14,2023,Wednesday,London
USDCAD,1,2023-05-25 08:00:00+00:00,2023-05-25 08:15:00+00:00,2023-05-25 10:30:00+00:00,1.36074,1.3608900000000002,1.3589354234614892,1.3643491530770218,1.3589054234614892,0.001804576538510877,18.04576538510877,-1.099746392662611,loss,3,9,2023,Thursday,London
USDCAD,-1,2023-06-08 07:30:00+00:00,2023-06-08 07:45:00+00:00,2023-06-08 09:30:00+00:00,1.33574,1.3356199999999998,1.3368291184386811,1.3335617631226375,1.3335617631226375,0.001089118438681243,10.89118438681243,1.8898191457069602,win,2,7,2023,Thursday,London
USDCAD,-1,2023-06-14 09:15:00+00:00,2023-06-14 09:30:00+00:00,2023-06-14 20:15:00+00:00,1.32899,1.32883,1.33184813006833,1.3232737398633396,1.33187813006833,0.0028581300683301093,28.58130068330109,-1.066477030596073,loss,1,23,2023,Wednesday,London
USDCAD,-1,2023-06-16 09:15:00+00:00,2023-06-16 09:30:00+00:00,2023-06-16 16:00:00+00:00,1.32257,1.32243,1.3237884126353086,1.320133174729383,1.320133174729383,0.0012184126353084771,12.184126353084771,1.8850963984262377,win,3,14,2023,Friday,London
USDCAD,-1,2023-06-22 08:30:00+00:00,2023-06-22 08:45:00+00:00,2023-06-22 15:00:00+00:00,1.31465,1.3145099999999998,1.3168463261820733,1.3102573476358534,1.3168763261820733,0.002196326182073279,21.96326182073279,-1.077401982177204,loss,2,17,2023,Thursday,London
USDCAD,-1,2023-06-27 08:00:00+00:00,2023-06-27 08:15:00+00:00,2023-06-27 09:00:00+00:00,1.31167,1.3115299999999999,1.3131863085525755,1.3086373828948488,1.3132163085525754,0.0015163085525755175,15.163085525755175,-1.1121143844445749,loss,2,3,2023,Tuesday,London
USDCAD,-1,2023-07-13 07:15:00+00:00,2023-07-13 07:30:00+00:00,2023-07-13 16:00:00+00:00,1.31663,1.3164799999999999,1.3186217303501686,1.3126465392996627,1.3126465392996627,0.001991730350168625,19.917303501686252,1.9246886005490838,win,1,22,2023,Thursday,London
USDCAD,-1,2023-07-25 09:15:00+00:00,2023-07-25 09:30:00+00:00,2023-07-25 10:15:00+00:00,1.31587,1.31571,1.316974212716366,1.3136615745672682,1.317004212716366,0.0011042127163659239,11.042127163659238,-1.1720682955231387,loss,1,3,2023,Tuesday,London
USDCAD,1,2023-08-18 10:00:00+00:00,2023-08-18 10:15:00+00:00,2023-08-18 11:00:00+00:00,1.35515,1.35531,1.3534337913372496,1.358582417325501,1.3534037913372496,0.0017162086627505147,17.162086627505147,-1.1107091486738874,loss,2,3,2023,Friday,London
USDCAD,1,2023-10-02 09:45:00+00:00,2023-10-02 10:00:00+00:00,2023-10-02 14:45:00+00:00,1.35942,1.35958,1.3560466167556955,1.366166766488609,1.366166766488609,0.0033733832443045026,33.733832443045024,1.952569871724437,win,2,19,2023,Monday,London
USDCAD,1,2023-10-03 08:00:00+00:00,2023-10-03 08:15:00+00:00,2023-10-03 09:15:00+00:00,1.37006,1.3702400000000001,1.3688858597543088,1.3724082804913826,1.3688558597543088,0.0011741402456912455,11.741402456912455,-1.178854272963326,loss,2,4,2023,Tuesday,London
USDCAD,1,2023-10-03 10:00:00+00:00,2023-10-03 10:15:00+00:00,2023-10-03 14:15:00+00:00,1.37034,1.3704500000000002,1.3684541269668329,1.374111746066334,1.368424126966833,0.0018858730331670537,18.858730331670536,-1.0742361747254503,loss,2,16,2023,Tuesday,London
USDCAD,1,2023-10-19 08:00:00+00:00,2023-10-19 08:15:00+00:00,2023-10-19 08:15:00+00:00,1.37258,1.37274,1.3717852130416472,1.374169573916705,1.3717552130416473,0.0007947869583525769,7.947869583525769,-1.2390577726565288,loss,2,0,2023,Thursday,London
USDCAD,1,2023-10-25 09:45:00+00:00,2023-10-25 10:00:00+00:00,2023-10-25 15:00:00+00:00,1.37603,1.3762,1.3741976832904197,1.3796946334191609,1.3796946334191609,0.001832316709580348,18.32316709580348,1.9072212794267185,win,2,20,2023,Wednesday,London
USDCAD,1,2023-10-26 14:45:00+00:00,2023-10-26 15:00:00+00:00,2023-10-27 03:30:00+00:00,1.38248,1.38263,1.3804076173188498,1.3866247653623005,1.3803776173188498,0.0020723826811502558,20.72382681150256,-1.0868565451917798,loss,1,50,2023,Thursday,NY
USDCAD,1,2023-11-08 08:00:00+00:00,2023-11-08 08:15:00+00:00,2023-11-08 13:15:00+00:00,1.3776,1.37776,1.3766453882186935,1.3795092235626125,1.3795092235626125,0.0009546117813062977,9.546117813062978,1.8323925986108958,win,2,20,2023,Wednesday,London
USDCAD,-1,2023-11-28 09:15:00+00:00,2023-11-28 09:30:00+00:00,2023-11-28 10:15:00+00:00,1.35977,1.35963,1.3607773599513509,1.3577552800972983,1.3577552800972983,0.0010073599513508343,10.073599513508341,1.8610228649527623,win,2,3,2023,Tuesday,London
USDCAD,-1,2023-12-01 07:45:00+00:00,2023-12-01 08:00:00+00:00,2023-12-01 09:00:00+00:00,1.35406,1.35388,1.3550318713904208,1.3521162572191587,1.3521162572191587,0.0009718713904206614,9.718713904206615,1.8147903089089035,win,2,4,2023,Friday,London
USDCAD,-1,2023-12-01 14:45:00+00:00,2023-12-01 15:00:00+00:00,2023-12-04 14:00:00+00:00,1.35083,1.35063,1.3551350656314707,1.3422198687370586,1.3551650656314707,0.004305065631470741,43.05065631470741,-1.0534254340557734,loss,2,92,2023,Friday,NY
USDCAD,-1,2023-12-14 07:30:00+00:00,2023-12-14 07:45:00+00:00,2023-12-14 08:15:00+00:00,1.34758,1.3474199999999998,1.3485205060000687,1.3456989879998627,1.3456989879998627,0.0009405060000686946,9.405060000686946,1.8298788099294283,win,3,2,2023,Thursday,London
USDCAD,-1,2023-12-15 07:30:00+00:00,2023-12-15 07:45:00+00:00,2023-12-15 13:30:00+00:00,1.3385,1.33836,1.3400085021989907,1.3354829956020184,1.3400385021989907,0.0015085021989907626,15.085021989907625,-1.1126945655854241,loss,2,23,2023,Friday,London
USDCAD,1,2024-01-23 15:30:00+00:00,2024-01-23 15:45:00+00:00,2024-01-23 20:00:00+00:00,1.34846,1.34863,1.3463466758923501,1.3526866482152995,1.3463166758923502,0.0021133241076497864,21.133241076497864,-1.0946376371121187,loss,1,17,2024,Tuesday,NY
USDCAD,1,2024-01-25 08:15:00+00:00,2024-01-25 08:30:00+00:00,2024-01-25 09:15:00+00:00,1.3527,1.35285,1.3514301608611723,1.3552396782776552,1.3514001608611723,0.0012698391388276129,12.698391388276129,-1.1417502378815982,loss,1,3,2024,Thursday,London
USDCAD,-1,2024-02-02 08:00:00+00:00,2024-02-02 08:15:00+00:00,2024-02-02 13:30:00+00:00,1.33703,1.3368799999999998,1.3381908766724357,1.3347082466551283,1.3382208766724357,0.0011608766724357969,11.608766724357968,-1.1550552304771493,loss,2,21,2024,Friday,London
USDCAD,1,2024-02-29 09:00:00+00:00,2024-02-29 09:15:00+00:00,2024-02-29 13:30:00+00:00,1.35841,1.35856,1.3569906060189134,1.3612487879621726,1.3569606060189134,0.0014193939810864104,14.193939810864103,-1.1268146845757137,loss,2,17,2024,Thursday,London
USDCAD,1,2024-03-19 15:00:00+00:00,2024-03-19 15:15:00+00:00,2024-03-19 15:45:00+00:00,1.35904,1.3592000000000002,1.3579093618680942,1.3613012762638115,1.3578793618680942,0.0011306381319057626,11.306381319057625,-1.1680466938435479,loss,2,2,2024,Tuesday,NY
USDCAD,1,2024-03-22 09:30:00+00:00,2024-03-22 09:45:00+00:00,2024-03-22 15:00:00+00:00,1.35717,1.35731,1.3561949344692714,1.3591201310614571,1.3591201310614571,0.0009750655307285659,9.750655307285658,1.8564199065724183,win,2,21,2024,Friday,London
USDCAD,1,2024-04-11 07:45:00+00:00,2024-04-11 08:00:00+00:00,2024-04-11 09:00:00+00:00,1.36914,1.3692600000000001,1.3673651683043715,1.3726896633912573,1.3673351683043715,0.00177483169562861,17.7483169562861,-1.0845150559173944,loss,0,4,2024,Thursday,London
USDCAD,1,2024-04-11 09:45:00+00:00,2024-04-11 10:00:00+00:00,2024-04-11 13:30:00+00:00,1.36854,1.3686900000000002,1.367226324795006,1.3711673504099882,1.367196324795006,0.0013136752049940827,13.136752049940826,-1.1370201700661868,loss,2,14,2024,Thursday,London
USDCAD,1,2024-04-16 07:15:00+00:00,2024-04-16 07:30:00+00:00,2024-04-16 10:00:00+00:00,1.38052,1.3806800000000001,1.3788870814254117,1.3837858371491765,1.3788570814254117,0.0016329185745882584,16.329185745882583,-1.1163560773678098,loss,2,10,2024,Tuesday,London
USDCAD,1,2024-05-30 07:30:00+00:00,2024-05-30 07:45:00+00:00,2024-05-30 08:00:00+00:00,1.37306,1.37321,1.3720779183960534,1.3750241632078932,1.3720479183960534,0.000982081603946633,9.82081603946633,-1.1832841581357476,loss,1,1,2024,Thursday,London
USDCAD,1,2024-06-10 09:15:00+00:00,2024-06-10 09:30:00+00:00,2024-06-10 16:45:00+00:00,1.37725,1.37742,1.3756675178718536,1.380414964256293,1.3756375178718536,0.0015824821281464712,15.824821281464711,-1.1263837337829858,loss,3,29,2024,Monday,London
USDCAD,1,2024-06-11 14:30:00+00:00,2024-06-11 14:45:00+00:00,2024-06-11 15:45:00+00:00,1.37857,1.37873,1.3767561551446599,1.3821976897106807,1.37672615514466,0.0018138448553402554,18.138448553402554,-1.104749862944707,loss,0,4,2024,Tuesday,NY
USDCAD,1,2024-06-28 08:00:00+00:00,2024-06-28 08:15:00+00:00,2024-06-28 08:30:00+00:00,1.3718,1.37193,1.3711258526529635,1.373148294694073,1.3710958526529635,0.0006741473470365092,6.741473470365092,-1.2373368384573638,loss,2,1,2024,Friday,London
USDCAD,-1,2024-07-05 08:30:00+00:00,2024-07-05 08:45:00+00:00,2024-07-05 09:15:00+00:00,1.36044,1.3602999999999998,1.3610629522070563,1.3591940955858879,1.3610929522070563,0.000622952207056112,6.22952207056112,-1.2728941290756457,loss,1,2,2024,Friday,London
USDCAD,1,2024-07-22 09:45:00+00:00,2024-07-22 10:00:00+00:00,2024-07-22 14:15:00+00:00,1.37412,1.3742800000000002,1.3733664995698396,1.3756270008603206,1.3756270008603206,0.0007535004301603362,7.535004301603362,1.7876577190989027,win,3,17,2024,Monday,London
USDCAD,1,2024-07-25 09:15:00+00:00,2024-07-25 09:30:00+00:00,2024-07-25 13:30:00+00:00,1.38277,1.38291,1.3817358086101292,1.3848383827797415,1.3848383827797415,0.00103419138987071,10.3419138987071,1.8646285384202113,win,3,16,2024,Thursday,London
USDCAD,1,2024-08-01 08:00:00+00:00,2024-08-01 08:15:00+00:00,2024-08-01 14:30:00+00:00,1.38207,1.38223,1.3801976901713453,1.3858146196573093,1.3801676901713453,0.0018723098286546806,18.723098286546804,-1.1014789310466748,loss,0,25,2024,Thursday,London
USDCAD,-1,2024-08-19 09:00:00+00:00,2024-08-19 09:15:00+00:00,2024-08-19 09:45:00+00:00,1.36685,1.36672,1.3673518624638312,1.3658462750723372,1.3673818624638312,0.0005018624638313446,5.018624638313446,-1.3188124466979245,loss,2,2,2024,Monday,London
USDCAD,-1,2024-08-19 14:45:00+00:00,2024-08-19 15:00:00+00:00,2024-08-20 09:00:00+00:00,1.36615,1.3659999999999999,1.3683667497777487,1.3617165004445024,1.3617165004445024,0.0022167497777487973,22.167497777487974,1.9323333641415874,win,1,72,2024,Monday,NY
USDCAD,-1,2024-08-21 10:15:00+00:00,2024-08-21 10:30:00+00:00,2024-08-22 09:30:00+00:00,1.3606,1.36045,1.3623205316004299,1.3571589367991401,1.3571589367991401,0.0017205316004299024,17.20531600429902,1.912817643126977,win,2,92,2024,Wednesday,London
USDCAD,-1,2024-08-22 10:15:00+00:00,2024-08-22 10:30:00+00:00,2024-08-22 11:30:00+00:00,1.35762,1.3574899999999999,1.3582963850823606,1.356267229835279,1.3583263850823606,0.0006763850823606032,6.763850823606032,-1.2365516392551366,loss,1,4,2024,Thursday,London
USDCAD,-1,2024-08-26 09:00:00+00:00,2024-08-26 09:15:00+00:00,2024-08-26 13:45:00+00:00,1.35053,1.35038,1.3513016000501485,1.3489867998997032,1.3489867998997032,0.0007716000501484766,7.716000501484766,1.8055987684664678,win,3,18,2024,Monday,London
USDCAD,-1,2024-08-27 09:15:00+00:00,2024-08-27 09:30:00+00:00,2024-08-27 22:00:00+00:00,1.34692,1.3467699999999998,1.348542203394556,1.3436755932108875,1.3436755932108875,0.0016222033945561573,16.222033945561574,1.907533173396527,win,2,50,2024,Tuesday,London
USDCAD,-1,2024-10-02 08:00:00+00:00,2024-10-02 08:15:00+00:00,2024-10-02 13:30:00+00:00,1.34825,1.34811,1.3491481997759749,1.3464536004480498,1.3491781997759749,0.0008981997759750183,8.981997759750183,-1.1892674709425142,loss,1,21,2024,Wednesday,London
USDCAD,1,2024-10-09 15:15:00+00:00,2024-10-09 15:30:00+00:00,2024-10-09 20:30:00+00:00,1.36858,1.36873,1.3671839696677641,1.3713720606644713,1.3713720606644713,0.0013960303322357295,13.960303322357294,1.8925524778820686,win,2,20,2024,Wednesday,NY
USDCAD,1,2024-10-11 10:30:00+00:00,2024-10-11 10:45:00+00:00,2024-10-11 13:30:00+00:00,1.37635,1.3765,1.3751480086791168,1.378753982641766,1.3751180086791168,0.0012019913208830835,12.019913208830834,-1.1497514972636484,loss,0,11,2024,Friday,London
USDCAD,1,2024-11-14 14:45:00+00:00,2024-11-14 15:00:00+00:00,2024-11-15 15:00:00+00:00,1.4026,1.4027500000000002,1.399614286755651,1.4085714264886982,1.4085714264886982,0.0029857132443490706,29.857132443490705,1.9497607480276111,win,1,96,2024,Thursday,NY
USDCAD,1,2024-11-18 08:30:00+00:00,2024-11-18 08:45:00+00:00,2024-11-18 13:30:00+00:00,1.40969,1.4098300000000001,1.4081855453659735,1.4126989092680535,1.4081555453659735,0.001504454634026699,15.04454634026699,-1.112997757562748,loss,2,19,2024,Monday,London
USDCAD,1,2024-11-20 14:45:00+00:00,2024-11-20 15:00:00+00:00,2024-11-20 21:45:00+00:00,1.4005,1.40063,1.3974236859523907,1.4066526280952185,1.3973936859523908,0.003076314047609225,30.763140476092246,-1.0520102946330814,loss,2,27,2024,Wednesday,NY
USDCAD,1,2024-11-26 07:15:00+00:00,2024-11-26 07:30:00+00:00,2024-11-26 09:45:00+00:00,1.4127,1.41287,1.4095511323013132,1.4189977353973735,1.4095211323013133,0.0031488676986867635,31.488676986867635,-1.0635148946027344,loss,2,9,2024,Tuesday,London
USDCAD,1,2024-12-12 15:00:00+00:00,2024-12-12 15:15:00+00:00,2024-12-13 01:15:00+00:00,1.41822,1.41836,1.4157457811859442,1.4231684376281115,1.4231684376281115,0.0024742188140557918,24.742188140557918,1.9434164839403827,win,2,40,2024,Thursday,NY
USDCAD,1,2024-12-13 08:30:00+00:00,2024-12-13 08:45:00+00:00,2024-12-13 10:00:00+00:00,1.42294,1.4231,1.4220715809293305,1.4246768381413395,1.4220415809293305,0.000868419070669688,8.68419070669688,-1.2187883781194429,loss,1,5,2024,Friday,London
USDCAD,1,2024-12-17 14:30:00+00:00,2024-12-17 14:45:00+00:00,2024-12-18 19:00:00+00:00,1.42924,1.4294,1.4265257934279498,1.4346684131441005,1.4346684131441005,0.002714206572050241,27.142065720502412,1.9410509127611884,win,2,113,2024,Tuesday,NY
USDCAD,1,2024-12-26 14:30:00+00:00,2024-12-26 14:45:00+00:00,2024-12-27 12:00:00+00:00,1.44023,1.44036,1.4385899636758337,1.4435100726483323,1.4385599636758337,0.0016400363241662413,16.40036324166241,-1.097558814791169,loss,2,85,2024,Thursday,NY
USDCAD,1,2025-01-09 10:30:00+00:00,2025-01-09 10:45:00+00:00,2025-01-10 03:45:00+00:00,1.43876,1.4389,1.4376426040071981,1.4409947919856039,1.4409947919856039,0.0011173959928019127,11.173959928019126,1.8747086969150797,win,2,68,2025,Thursday,London
USDCAD,1,2025-01-21 10:30:00+00:00,2025-01-21 10:45:00+00:00,2025-01-21 13:30:00+00:00,1.44352,1.44368,1.4413110146919736,1.4479379706160524,1.4412810146919737,0.0022089853080262786,22.089853080262785,-1.0860123420965113,loss,2,11,2025,Tuesday,London
USDCAD,1,2025-01-31 10:00:00+00:00,2025-01-31 10:15:00+00:00,2025-01-31 17:00:00+00:00,1.44881,1.44897,1.4429749732566586,1.4604800534866824,1.4429449732566586,0.005835026743341247,58.35026743341247,-1.0325619758670452,loss,1,27,2025,Friday,London
USDCAD,-1,2025-03-26 15:00:00+00:00,2025-03-26 15:15:00+00:00,2025-03-26 16:00:00+00:00,1.4241,1.42394,1.4270566573441394,1.4181866853117207,1.4270866573441394,0.0029566573441396123,29.566573441396123,-1.0642617584267662,loss,1,3,2025,Wednesday,NY
USDCAD,-1,2025-04-03 07:15:00+00:00,2025-04-03 07:30:00+00:00,2025-04-03 11:00:00+00:00,1.42081,1.4206599999999998,1.4256744260832577,1.4110811478334846,1.4110811478334846,0.0048644260832576645,48.64426083257664,1.969163885434218,win,1,14,2025,Thursday,London
USDCAD,-1,2025-04-08 07:30:00+00:00,2025-04-08 07:45:00+00:00,2025-04-08 08:30:00+00:00,1.41538,1.4152399999999998,1.4179096419060193,1.4103207161879618,1.4179396419060193,0.0025296419060191707,25.296419060191706,-1.0672031877696913,loss,2,3,2025,Tuesday,London
USDCAD,-1,2025-04-08 15:00:00+00:00,2025-04-08 15:15:00+00:00,2025-04-08 15:45:00+00:00,1.41451,1.41438,1.4182828248616064,1.406964350276787,1.4183128248616064,0.00377282486160651,37.728248616065095,-1.0424085415753328,loss,2,2,2025,Tuesday,NY
USDCAD,-1,2025-04-10 14:45:00+00:00,2025-04-10 15:00:00+00:00,2025-04-11 01:15:00+00:00,1.40388,1.4037799999999998,1.4089417921463188,1.3937564157073625,1.3937564157073625,0.005061792146318787,50.61792146318786,1.98024415125915,win,1,41,2025,Thursday,NY
USDCAD,-1,2025-04-11 14:30:00+00:00,2025-04-11 14:45:00+00:00,2025-04-11 15:30:00+00:00,1.38479,1.38462,1.3922241897551328,1.369921620489734,1.3922541897551328,0.00743418975513299,74.3418975513299,-1.0269027300334617,loss,2,3,2025,Friday,NY
USDCAD,-1,2025-05-21 08:15:00+00:00,2025-05-21 08:30:00+00:00,2025-05-21 09:30:00+00:00,1.38814,1.3879899999999998,1.3894842396285993,1.385451520742801,1.3895142396285993,0.0013442396285994356,13.442396285994356,-1.1339046968787814,loss,2,4,2025,Wednesday,London
USDCAD,-1,2025-05-21 13:45:00+00:00,2025-05-21 14:00:00+00:00,2025-05-21 17:00:00+00:00,1.38703,1.38686,1.3894664853262504,1.382157029347499,1.382157029347499,0.002436485326250473,24.36485326250473,1.9302273655546556,win,1,12,2025,Wednesday,NY
USDCAD,-1,2025-05-26 07:15:00+00:00,2025-05-26 07:30:00+00:00,2025-05-26 08:15:00+00:00,1.36923,1.3690799999999999,1.3708529195740526,1.3659841608518946,1.3708829195740526,0.00162291957405271,16.2291957405271,-1.110911226211021,loss,1,3,2025,Monday,London
USDCAD,-1,2025-06-02 07:15:00+00:00,2025-06-02 07:30:00+00:00,2025-06-03 03:00:00+00:00,1.37077,1.3705999999999998,1.3725720544746935,1.3671658910506128,1.3726020544746935,0.0018020544746935893,18.020544746935894,-1.1109844362691208,loss,2,78,2025,Monday,London
USDCAD,-1,2025-06-16 07:45:00+00:00,2025-06-16 08:00:00+00:00,2025-06-17 17:45:00+00:00,1.35808,1.35794,1.36039546710562,1.3534490657887601,1.36042546710562,0.002315467105619921,23.15467105619921,-1.073419311199671,loss,1,135,2025,Monday,London
USDCAD,-1,2025-06-26 13:45:00+00:00,2025-06-26 14:00:00+00:00,2025-06-26 15:30:00+00:00,1.3671,1.3669399999999998,1.3692434116787104,1.362813176642579,1.362813176642579,0.002143411678710459,21.43411678710459,1.9253526508279466,win,2,6,2025,Thursday,NY
USDCAD,-1,2025-07-22 14:30:00+00:00,2025-07-22 14:45:00+00:00,2025-07-22 16:00:00+00:00,1.36658,1.3664299999999998,1.3683587615781247,1.36302247684375,1.36302247684375,0.0017787615781249396,17.787615781249396,1.9156716662622173,win,0,5,2025,Tuesday,NY
USDCAD,-1,2025-07-23 08:15:00+00:00,2025-07-23 08:30:00+00:00,2025-07-23 14:30:00+00:00,1.35915,1.35899,1.3610871512861191,1.3552756974277618,1.361117151286119,0.0019371512861191037,19.371512861191036,-1.0980821690910474,loss,2,24,2025,Wednesday,London
USDCAD,1,2025-07-30 10:15:00+00:00,2025-07-30 10:30:00+00:00,2025-07-30 14:45:00+00:00,1.37803,1.3781800000000002,1.3762356560060405,1.381618687987919,1.381618687987919,0.0017943439939595292,17.94343993959529,1.916403989143047,win,2,17,2025,Wednesday,London
USDCAD,1,2025-08-01 07:15:00+00:00,2025-08-01 07:30:00+00:00,2025-08-01 13:30:00+00:00,1.38619,1.38633,1.3849695115512402,1.3886309768975198,1.3849395115512402,0.001220488448759888,12.20488448759888,-1.139288495661496,loss,1,24,2025,Friday,London
USDCAD,1,2025-08-11 15:00:00+00:00,2025-08-11 15:15:00+00:00,2025-08-12 03:00:00+00:00,1.37892,1.37907,1.377266678021149,1.3822266439577018,1.3772366780211491,0.0016533219788508885,16.533219788508884,-1.10887171543265,loss,2,47,2025,Monday,NY
USDCAD,1,2025-08-12 07:30:00+00:00,2025-08-12 07:45:00+00:00,2025-08-12 12:15:00+00:00,1.37821,1.37837,1.3772898199828814,1.3800503600342373,1.3800503600342373,0.0009201800171186512,9.20180017118651,1.826120979565398,win,0,18,2025,Tuesday,London
USDCAD,1,2025-08-20 09:00:00+00:00,2025-08-20 09:15:00+00:00,2025-08-20 13:00:00+00:00,1.38786,1.3880100000000002,1.3867319252239343,1.390116149552132,1.3867019252239343,0.0011280747760658654,11.280747760658654,-1.1595638904610128,loss,2,15,2025,Wednesday,London
USDCAD,1,2025-09-03 07:45:00+00:00,2025-09-03 08:00:00+00:00,2025-09-03 08:15:00+00:00,1.3796,1.3797700000000002,1.3790355117271456,1.3807289765457087,1.3807289765457087,0.0005644882728543575,5.644882728543575,1.698842282160143,win,2,1,2025,Wednesday,London
USDCAD,1,2025-09-23 07:45:00+00:00,2025-09-23 08:00:00+00:00,2025-09-23 13:15:00+00:00,1.38307,1.3832300000000002,1.3821700762186142,1.3848698475627714,1.3821400762186142,0.0008999237813857564,8.999237813857563,-1.2111289910659087,loss,1,21,2025,Tuesday,London
USDCAD,1,2025-09-25 10:15:00+00:00,2025-09-25 10:30:00+00:00,2025-09-25 11:15:00+00:00,1.38954,1.3897000000000002,1.3889569177816337,1.3907061644367327,1.3889269177816337,0.000583082218366315,5.83082218366315,-1.3258545604983476,loss,1,3,2025,Thursday,London
USDCAD,1,2025-09-26 09:45:00+00:00,2025-09-26 10:00:00+00:00,2025-09-26 13:30:00+00:00,1.39466,1.39481,1.3938509619325876,1.3962780761348246,1.3938209619325876,0.000809038067412292,8.090380674122919,-1.2224864406886318,loss,3,14,2025,Friday,London
USDCAD,1,2025-10-10 07:15:00+00:00,2025-10-10 07:30:00+00:00,2025-10-10 13:15:00+00:00,1.40223,1.4023700000000001,1.401235478977401,1.404219042045198,1.401205478977401,0.0009945210225989912,9.94521022598991,-1.170936557535761,loss,0,23,2025,Friday,London
USDCAD,1,2025-10-14 13:45:00+00:00,2025-10-14 14:00:00+00:00,2025-10-14 14:15:00+00:00,1.40708,1.4072900000000002,1.4060472676780111,1.409145464643978,1.4060172676780112,0.001032732321988984,10.32732321988984,-1.232393229968613,loss,1,1,2025,Tuesday,NY
USDCAD,1,2025-10-31 08:30:00+00:00,2025-10-31 08:45:00+00:00,2025-10-31 11:30:00+00:00,1.39993,1.4000700000000001,1.3990375426806227,1.4017149146387544,1.4017149146387544,0.0008924573193772352,8.924573193772352,1.843129753142823,win,2,11,2025,Friday,London
USDCAD,1,2025-11-05 08:30:00+00:00,2025-11-05 08:45:00+00:00,2025-11-05 12:00:00+00:00,1.41164,1.4118000000000002,1.4106765075310566,1.413566984937887,1.413566984937887,0.0009634924689434985,9.634924689434985,1.8339374669158517,win,3,13,2025,Wednesday,London
USDCAD,1,2025-11-14 09:45:00+00:00,2025-11-14 10:00:00+00:00,2025-11-14 12:45:00+00:00,1.40348,1.40365,1.4027734635383544,1.4048930729232911,1.4027434635383544,0.0007065364616455359,7.065364616455359,-1.28307102443699,loss,3,11,2025,Friday,London
USDCAD,-1,2025-12-08 09:30:00+00:00,2025-12-08 09:45:00+00:00,2025-12-08 15:15:00+00:00,1.3817,1.38153,1.3829089306648075,1.3792821386703846,1.3829389306648074,0.001208930664807633,12.08930664807633,-1.1654354594700504,loss,2,22,2025,Monday,London
USDCAD,-1,2025-12-12 08:00:00+00:00,2025-12-12 08:15:00+00:00,2025-12-12 15:15:00+00:00,1.37605,1.37591,1.377499059070164,1.3731518818596724,1.3775290590701639,0.001449059070163819,14.490590701638189,-1.1173175086512317,loss,1,28,2025,Friday,London
USDCAD,-1,2026-01-26 09:15:00+00:00,2026-01-26 09:30:00+00:00,2026-01-26 12:45:00+00:00,1.36758,1.36741,1.369656122584452,1.3634277548310962,1.3696861225844519,0.002076122584451932,20.761225844519316,-1.096333425346718,loss,2,13,2026,Monday,London
USDCAD,-1,2026-01-28 14:30:00+00:00,2026-01-28 14:45:00+00:00,2026-01-28 15:00:00+00:00,1.35429,1.35418,1.3571865663966887,1.3484968672066229,1.3572165663966886,0.0028965663966885645,28.965663966885643,-1.0483330885009878,loss,1,1,2026,Wednesday,NY
USDCAD,-1,2026-01-29 08:00:00+00:00,2026-01-29 08:15:00+00:00,2026-01-29 08:45:00+00:00,1.35183,1.3517,1.3533668916732904,1.3487562166534195,1.3533968916732904,0.0015368916732902715,15.368916732902715,-1.104106231285415,loss,3,2,2026,Thursday,London
USDCAD,-1,2026-02-26 07:45:00+00:00,2026-02-26 08:00:00+00:00,2026-02-26 08:15:00+00:00,1.36607,1.3659199999999998,1.367259102449375,1.3636917951012497,1.367289102449375,0.0011891024493750624,11.891024493750622,-1.151374677677854,loss,1,1,2026,Thursday,London
USDCAD,1,2026-03-19 10:15:00+00:00,2026-03-19 10:30:00+00:00,2026-03-19 12:45:00+00:00,1.37403,1.37419,1.372665515532602,1.376758968934796,1.372635515532602,0.0013644844673980122,13.644844673980122,-1.1392467298380742,loss,3,9,2026,Thursday,London
USDCAD,1,2026-03-30 08:30:00+00:00,2026-03-30 08:45:00+00:00,2026-03-31 15:45:00+00:00,1.39084,1.39098,1.3885002674926068,1.3955194650147864,1.3955194650147864,0.0023397325073931793,23.397325073931793,1.9401641001449192,win,2,124,2026,Monday,London
USDCAD,1,2026-04-02 09:30:00+00:00,2026-04-02 09:45:00+00:00,2026-04-03 15:15:00+00:00,1.3919,1.39205,1.3904909848233495,1.3947180303533007,1.3947180303533007,0.00140901517665039,14.0901517665039,1.893542665483053,win,1,118,2026,Thursday,London
USDCAD,-1,2026-05-01 09:15:00+00:00,2026-05-01 09:30:00+00:00,2026-05-01 17:45:00+00:00,1.35737,1.3572099999999998,1.3587660390913165,1.3545779218173668,1.3587960390913165,0.0013960390913165643,13.960390913165643,-1.1360993407576916,loss,2,33,2026,Friday,London
USDCAD,-1,2026-05-06 07:30:00+00:00,2026-05-06 07:45:00+00:00,2026-05-06 11:15:00+00:00,1.35903,1.3588699999999998,1.3601078289966888,1.356874342006622,1.3601378289966888,0.0010778289966889435,10.778289966889433,-1.1762802824786776,loss,2,14,2026,Wednesday,London
USDCAD,1,2026-05-28 10:30:00+00:00,2026-05-28 10:45:00+00:00,2026-05-28 13:30:00+00:00,1.38612,1.3862800000000002,1.3844543499439865,1.389451300112027,1.3844243499439866,0.0016656500560135064,16.656500560135065,-1.1140695786093604,loss,3,11,2026,Thursday,London
USDCAD,1,2026-06-04 07:45:00+00:00,2026-06-04 08:00:00+00:00,2026-06-04 11:00:00+00:00,1.39093,1.39108,1.3897795710683134,1.3932308578633732,1.3897495710683134,0.0011504289316866209,11.504289316866208,-1.1564633807810722,loss,1,12,2026,Thursday,London
USDCAD,1,2026-06-08 10:15:00+00:00,2026-06-08 10:30:00+00:00,2026-06-08 12:00:00+00:00,1.39514,1.3953,1.3936172307596923,1.3981855384806152,1.3935872307596924,0.0015227692403076028,15.227692403076027,-1.1247726805682172,loss,2,6,2026,Monday,London
USDCAD,1,2026-06-18 09:00:00+00:00,2026-06-18 09:15:00+00:00,2026-06-18 16:15:00+00:00,1.41096,1.4111200000000002,1.409704770808891,1.413470458382218,1.413470458382218,0.0012552291911090414,12.552291911090414,1.8725332384447622,win,2,28,2026,Thursday,London
USDCAD,1,2026-06-22 07:15:00+00:00,2026-06-22 07:30:00+00:00,2026-06-22 08:00:00+00:00,1.4188,1.4189500000000002,1.4178076336321,1.4207847327358005,1.4177776336321,0.0009923663679001896,9.923663679001896,-1.1813846234842422,loss,3,2,2026,Monday,London
USDCAD,1,2026-06-24 15:30:00+00:00,2026-06-24 15:45:00+00:00,2026-06-24 17:15:00+00:00,1.42432,1.4244700000000001,1.4224534356140404,1.4280531287719196,1.4224234356140404,0.0018665643859597707,18.665643859597704,-1.0964338553515325,loss,1,6,2026,Wednesday,NY
USDCAD,-1,2026-08-17 07:15:00+00:00,2026-08-17 07:30:00+00:00,2026-08-17 12:45:00+00:00,1.38601,1.38588,1.3866612663520024,1.3847074672959954,1.3866912663520023,0.000651266352002306,6.512663520023059,-1.2456752133871587,loss,2,21,2026,Monday,London
USDCAD,-1,2026-08-17 15:00:00+00:00,2026-08-17 15:15:00+00:00,2026-08-17 15:45:00+00:00,1.38477,1.38459,1.3867179160632335,1.380874167873533,1.3867479160632334,0.001947916063233499,19.479160632334988,-1.1078075200280249,loss,1,2,2026,Monday,NY
USDCAD,-1,2026-08-18 10:15:00+00:00,2026-08-18 10:30:00+00:00,2026-08-18 12:00:00+00:00,1.38638,1.38624,1.3873918094598168,1.3843563810803663,1.3874218094598167,0.0010118094598168122,10.118094598168122,-1.1680158238793257,loss,0,6,2026,Tuesday,London
USDCAD,-1,2026-08-19 09:45:00+00:00,2026-08-19 10:00:00+00:00,2026-08-19 11:30:00+00:00,1.38776,1.38761,1.3884475437145458,1.3863849125709085,1.3863849125709085,0.0006875437145457921,6.875437145457921,1.781832053982016,win,3,6,2026,Wednesday,London
USDCAD,-1,2026-08-20 07:45:00+00:00,2026-08-20 08:00:00+00:00,2026-08-20 10:15:00+00:00,1.37898,1.3788399999999998,1.380364021632159,1.3762119567356819,1.3762119567356819,0.0013840216321590881,13.84021632159088,1.8988455116978236,win,2,9,2026,Thursday,London
USDCAD,-1,2026-08-21 09:00:00+00:00,2026-08-21 09:15:00+00:00,2026-08-21 15:30:00+00:00,1.37541,1.3752499999999999,1.376732274632397,1.372765450735206,1.3767622746323969,0.0013222746323969343,13.222746323969343,-1.143691783344319,loss,1,25,2026,Friday,London
